customer_id,tenure_months,monthly_charges,contract_type,internet_service,support_tickets,churn,total_charges
1,7,50.16,one_year,dsl,1,0,307.34
2,55,83.49,one_year,none,4,0,4312.87
3,47,65.69,month-to-month,dsl,0,0,2990.36
4,32,59.34,month-to-month,none,0,0,1786.38
5,31,62.88,one_year,fiber,3,1,1909.15
6,61,69.46,month-to-month,dsl,1,1,4242.14
7,7,77.34,two_year,dsl,1,1,562.99
8,50,45.01,one_year,dsl,1,0,2070.41
9,15,44.17,month-to-month,fiber,0,0,584.78
10,7,87.09,one_year,dsl,2,0,550.38
11,38,56.75,two_year,none,1,0,1896.93
12,70,36.66,month-to-month,dsl,0,0,2383.61
13,53,73.88,one_year,none,0,0,4011.63
14,55,74.27,two_year,dsl,0,1,3755.66
15,51,34.39,month-to-month,none,0,1,1543.01
16,56,69.59,two_year,dsl,2,0,3719.83
17,37,79.71,month-to-month,fiber,2,1,3091.98
18,10,72.49,one_year,fiber,1,0,643.45
19,60,77.64,one_year,dsl,1,0,4684.37
20,32,36.91,one_year,none,2,0,1198.45
21,36,71.62,month-to-month,dsl,1,0,2398.53
22,27,58.95,one_year,fiber,4,0,1550.12
23,13,55.34,month-to-month,fiber,3,0,673.72
24,66,82.41,month-to-month,fiber,0,0,4908.56
25,56,94.59,month-to-month,dsl,1,1,4953.92
26,46,100.89,one_year,dsl,3,0,4033.25
27,29,91.3,month-to-month,dsl,0,0,2624.91
28,59,62.81,month-to-month,dsl,1,0,3764.48
29,39,72.05,two_year,dsl,0,0,2561.21
30,32,80.34,month-to-month,none,0,0,2476.52
31,32,67.42,month-to-month,fiber,1,0,1933.99
32,17,67.62,month-to-month,fiber,1,1,1006.41
33,7,81.48,month-to-month,fiber,0,0,560.51
34,40,63.81,one_year,dsl,0,0,2238.0
35,64,50.41,month-to-month,fiber,2,0,3246.87
36,5,56.71,month-to-month,dsl,0,0,256.43
37,61,77.68,two_year,dsl,3,0,4803.41
38,59,65.06,two_year,fiber,2,0,3545.66
39,20,71.8,one_year,fiber,1,1,1326.53
40,45,78.4,two_year,none,1,0,3528.4
41,12,57.5,two_year,dsl,0,0,656.92
42,54,80.12,month-to-month,fiber,2,0,3851.41
43,50,72.58,one_year,dsl,2,0,3701.88
44,26,40.3,one_year,dsl,1,1,961.91
45,5,93.85,month-to-month,fiber,1,1,408.51
46,69,54.99,month-to-month,dsl,0,0,3540.85
47,32,31.9,month-to-month,fiber,1,0,984.86
48,64,44.1,one_year,fiber,1,0,2743.31
49,49,44.58,one_year,dsl,0,0,2221.82
50,56,66.04,one_year,none,1,1,3543.95
51,54,59.52,month-to-month,fiber,1,0,2875.77
52,14,58.26,month-to-month,fiber,1,1,735.98
53,26,77.39,month-to-month,fiber,2,1,1750.9
54,34,71.8,month-to-month,none,3,0,2434.33
55,36,71.32,two_year,dsl,4,0,2236.79
56,4,73.2,two_year,fiber,2,1,284.36
57,39,77.32,two_year,fiber,0,0,2923.17
58,11,22.84,two_year,dsl,1,0,253.02
59,53,57.71,two_year,fiber,3,0,2645.49
60,49,21.4,month-to-month,none,1,0,933.86
61,66,65.72,month-to-month,fiber,1,0,4475.94
62,53,64.91,month-to-month,fiber,1,0,3317.92
63,27,85.91,month-to-month,fiber,2,0,2183.96
64,69,88.75,month-to-month,none,0,0,6120.9
65,30,69.06,month-to-month,none,0,0,2135.0
66,24,54.99,two_year,fiber,2,1,1191.22
67,65,74.7,month-to-month,dsl,0,1,5002.6
68,27,54.44,two_year,dsl,1,1,1281.35
69,6,64.97,one_year,fiber,1,0,407.57
70,34,84.72,one_year,none,1,0,2543.38
71,57,53.84,one_year,fiber,1,1,2771.96
72,14,81.11,month-to-month,dsl,2,0,987.15
73,33,78.55,one_year,dsl,1,0,2619.98
74,10,45.9,month-to-month,fiber,2,0,480.5
75,49,84.48,two_year,none,3,0,3764.46
76,34,78.97,month-to-month,dsl,1,0,2457.09
77,24,67.04,month-to-month,fiber,2,0,1457.39
78,17,49.75,one_year,fiber,1,0,745.08
79,41,47.82,one_year,none,0,1,1975.3
80,48,54.25,month-to-month,dsl,2,0,2245.02
81,67,75.85,one_year,none,3,0,5303.29
82,32,45.89,month-to-month,fiber,2,0,1520.56
83,12,73.75,one_year,fiber,0,0,773.21
84,60,40.16,month-to-month,dsl,0,0,2303.35
85,45,60.92,month-to-month,fiber,0,1,2874.55
86,50,67.19,month-to-month,fiber,1,0,3428.45
87,7,113.9,month-to-month,dsl,1,0,791.74
88,23,37.45,month-to-month,fiber,0,1,736.02
89,55,94.44,month-to-month,fiber,1,0,4486.1
90,60,68.0,month-to-month,fiber,1,0,4115.92
91,31,73.22,month-to-month,dsl,0,0,2100.24
92,58,67.37,month-to-month,fiber,0,0,3843.72
93,60,73.89,month-to-month,dsl,1,0,4423.81
94,28,61.93,one_year,none,1,0,1620.35
95,64,94.08,two_year,none,2,1,5290.62
96,21,55.87,month-to-month,dsl,1,0,1088.02
97,18,87.64,two_year,dsl,2,0,1615.71
98,49,52.11,month-to-month,dsl,2,1,2339.46
99,46,63.79,month-to-month,fiber,2,1,2530.96
100,10,43.56,one_year,none,2,0,453.82
101,60,74.1,one_year,fiber,1,1,4384.36
102,15,93.9,two_year,dsl,2,1,1349.58
103,58,63.45,month-to-month,dsl,0,0,3738.32
104,1,61.06,one_year,dsl,3,1,56.92
105,57,42.71,month-to-month,none,1,0,2548.95
106,56,60.41,month-to-month,fiber,1,0,3455.74
107,56,33.14,month-to-month,fiber,2,0,1681.59
108,48,46.74,two_year,dsl,1,0,2073.48
109,34,69.54,month-to-month,none,0,1,2140.1
110,51,91.38,two_year,dsl,2,0,4575.88
111,20,121.18,one_year,none,2,0,2369.96
112,56,53.27,one_year,none,1,1,2847.39
113,40,93.71,one_year,fiber,0,1,3910.21
114,33,69.88,two_year,none,0,1,2177.95
115,36,61.98,month-to-month,dsl,3,0,2246.33
116,41,73.65,month-to-month,fiber,1,0,2964.15
117,3,66.24,one_year,dsl,1,0,189.51
118,10,67.21,month-to-month,fiber,1,0,576.94
119,18,56.83,month-to-month,dsl,3,0,1004.01
120,9,37.04,month-to-month,dsl,2,1,326.2
121,32,34.13,month-to-month,dsl,2,0,955.61
122,48,78.06,month-to-month,dsl,1,0,3781.29
123,47,59.47,month-to-month,fiber,0,0,2636.88
124,34,53.08,two_year,fiber,1,0,1651.01
125,61,65.17,month-to-month,dsl,1,0,4034.17
126,41,80.9,two_year,none,0,0,3047.15
127,6,68.61,two_year,none,1,0,401.11
128,55,51.88,month-to-month,dsl,1,1,2778.02
129,41,89.53,one_year,fiber,3,0,3158.89
130,46,96.58,one_year,fiber,0,0,4151.98
131,41,74.89,one_year,fiber,0,1,2746.72
132,40,84.47,month-to-month,fiber,2,0,3006.84
133,7,89.84,month-to-month,fiber,2,0,616.93
134,40,87.6,month-to-month,dsl,0,0,2986.4
135,57,77.28,one_year,dsl,1,0,4597.97
136,22,76.97,two_year,fiber,2,0,1573.25
137,43,75.39,one_year,fiber,2,0,2949.23
138,3,43.05,one_year,none,1,1,133.54
139,25,79.01,two_year,dsl,2,0,1871.22
140,32,37.88,one_year,dsl,1,0,1179.27
141,70,49.11,month-to-month,dsl,1,1,3400.47
142,16,91.07,two_year,dsl,1,1,1492.5
143,20,81.8,month-to-month,dsl,0,0,1433.05
144,30,94.75,month-to-month,fiber,0,0,2462.54
145,71,59.57,month-to-month,fiber,0,0,4435.62
146,61,41.96,two_year,fiber,0,0,2180.17
147,3,60.19,month-to-month,fiber,2,1,179.06
148,17,67.04,month-to-month,dsl,1,1,1108.01
149,59,66.58,month-to-month,fiber,0,0,3773.1
150,5,87.67,month-to-month,dsl,0,1,441.49
151,61,57.77,month-to-month,none,2,0,3694.86
152,20,72.04,one_year,dsl,2,1,1238.19
153,66,45.23,two_year,fiber,0,0,2904.3
154,21,74.01,month-to-month,none,0,0,1543.88
155,31,65.06,month-to-month,fiber,3,1,1837.74
156,47,50.0,month-to-month,fiber,3,0,2417.14
157,9,60.28,month-to-month,fiber,0,0,510.73
158,40,61.32,one_year,dsl,0,0,2165.57
159,36,59.6,one_year,fiber,2,0,2190.4
160,56,100.43,one_year,none,1,0,5841.09
161,71,63.03,month-to-month,none,1,0,3892.93
162,48,60.12,one_year,fiber,0,0,2886.73
163,30,23.05,month-to-month,dsl,2,0,617.51
164,29,47.12,month-to-month,fiber,0,1,1163.35
165,30,59.74,two_year,fiber,0,0,1616.78
166,58,51.28,one_year,dsl,0,1,3036.65
167,23,92.63,two_year,dsl,0,1,1871.07
168,12,61.7,two_year,dsl,0,0,648.69
169,24,90.77,one_year,fiber,3,0,2173.71
170,2,66.23,two_year,dsl,2,1,123.36
171,8,65.74,month-to-month,dsl,1,0,462.65
172,7,63.22,month-to-month,dsl,1,0,396.52
173,55,65.08,month-to-month,none,1,0,3611.33
174,52,99.38,month-to-month,dsl,3,0,5036.78
175,50,20.0,month-to-month,dsl,2,0,1002.19
176,33,24.97,month-to-month,fiber,3,0,716.52
177,51,54.14,one_year,dsl,2,1,2599.95
178,12,65.29,one_year,none,0,0,790.86
179,64,78.8,one_year,none,0,0,4554.81
180,36,74.46,month-to-month,fiber,0,0,2369.18
181,67,57.32,one_year,fiber,2,0,3557.62
182,11,85.38,month-to-month,fiber,1,0,860.92
183,36,85.6,month-to-month,dsl,3,0,2733.67
184,50,68.68,month-to-month,dsl,1,0,3574.07
185,36,84.25,month-to-month,dsl,0,0,2871.1
186,32,70.45,month-to-month,dsl,1,0,2190.41
187,12,53.77,two_year,fiber,1,1,564.08
188,28,78.96,one_year,dsl,4,1,2148.99
189,17,67.21,one_year,dsl,0,0,1098.08
190,22,65.03,month-to-month,fiber,2,0,1482.72
191,49,94.46,two_year,fiber,1,0,4315.94
192,45,20.0,one_year,dsl,0,0,905.77
193,44,36.65,month-to-month,dsl,1,0,1468.81
194,26,41.26,one_year,dsl,3,0,1036.06
195,69,57.73,month-to-month,dsl,1,1,4124.36
196,7,59.91,month-to-month,none,2,0,408.89
197,25,34.85,month-to-month,none,0,0,864.48
198,9,45.3,month-to-month,fiber,2,0,417.97
199,25,47.78,month-to-month,fiber,0,0,1236.41
200,69,114.15,month-to-month,fiber,0,0,7022.99
201,27,101.03,month-to-month,fiber,2,1,2425.48
202,65,56.77,two_year,dsl,1,0,3542.8
203,36,57.73,month-to-month,dsl,1,0,2180.33
204,50,42.02,month-to-month,fiber,1,0,1991.81
205,33,26.84,month-to-month,fiber,0,1,811.48
206,19,62.66,two_year,dsl,2,0,1139.89
207,55,45.04,one_year,dsl,3,0,2137.52
208,69,63.3,two_year,dsl,1,0,3867.34
209,19,33.0,month-to-month,dsl,0,0,551.62
210,56,49.76,month-to-month,fiber,0,1,2384.13
211,19,67.97,one_year,fiber,0,1,1284.25
212,51,72.32,month-to-month,fiber,3,1,3375.16
213,57,73.35,two_year,dsl,2,1,3694.74
214,32,38.59,two_year,dsl,2,0,1176.16
215,53,82.09,month-to-month,none,2,0,3979.6
216,20,49.0,two_year,fiber,1,0,910.03
217,6,77.66,one_year,dsl,4,0,425.47
218,7,64.79,month-to-month,dsl,2,0,385.86
219,32,37.47,month-to-month,none,2,1,1184.25
220,65,58.68,month-to-month,fiber,2,0,3326.51
221,10,72.31,two_year,none,0,0,646.33
222,33,77.26,month-to-month,fiber,0,0,2264.19
223,50,62.18,month-to-month,fiber,1,1,2848.69
224,15,95.64,one_year,fiber,0,1,1265.37
225,52,85.15,month-to-month,dsl,0,0,4070.88
226,22,59.87,month-to-month,fiber,0,1,1183.65
227,58,80.0,one_year,fiber,2,1,4000.81
228,42,103.68,month-to-month,dsl,0,0,4459.56
229,39,104.21,month-to-month,none,0,1,3702.95
230,13,40.44,month-to-month,fiber,0,0,456.88
231,33,46.47,month-to-month,dsl,1,0,1463.44
232,61,94.7,month-to-month,dsl,2,0,5052.62
233,2,43.83,one_year,none,1,0,88.06
234,54,38.55,two_year,none,0,0,1795.08
235,35,55.28,month-to-month,fiber,2,0,1824.38
236,52,73.4,two_year,none,2,0,3964.76
237,48,62.95,one_year,none,1,0,2664.43
238,31,51.99,one_year,none,0,0,1434.85
239,22,51.52,one_year,none,0,0,1099.54
240,45,50.75,one_year,fiber,2,0,2388.74
241,10,47.41,two_year,fiber,0,0,439.57
242,42,110.63,month-to-month,fiber,2,1,4552.27
243,7,70.95,month-to-month,fiber,1,1,437.28
244,47,82.74,month-to-month,dsl,2,0,3804.31
245,45,55.22,month-to-month,fiber,0,0,2237.73
246,6,61.28,one_year,none,1,0,357.63
247,54,50.73,month-to-month,dsl,1,1,2377.08
248,30,20.0,month-to-month,none,5,0,573.0
249,56,37.44,month-to-month,fiber,1,0,1881.69
250,3,28.79,month-to-month,dsl,2,1,85.19
251,13,20.0,one_year,dsl,0,0,259.88
252,36,41.09,one_year,fiber,1,0,1508.28
253,14,91.5,month-to-month,fiber,1,0,1343.1
254,24,64.11,month-to-month,dsl,2,0,1449.2
255,47,90.81,month-to-month,fiber,0,0,4200.29
256,11,73.22,month-to-month,dsl,2,0,687.57
257,49,80.65,one_year,fiber,2,0,4074.43
258,8,46.98,one_year,none,3,1,365.75
259,13,75.48,month-to-month,fiber,1,0,916.74
260,42,79.57,month-to-month,fiber,4,1,3130.94
261,57,53.47,two_year,fiber,3,0,3052.66
262,13,76.19,one_year,none,1,1,1007.0
263,22,76.32,month-to-month,dsl,3,1,1698.48
264,66,54.01,month-to-month,dsl,2,1,3393.97
265,71,42.54,month-to-month,dsl,3,1,2791.49
266,42,41.32,two_year,fiber,1,0,1803.31
267,32,66.73,month-to-month,fiber,0,0,2085.9
268,25,71.54,month-to-month,fiber,1,0,1714.69
269,44,49.15,two_year,dsl,2,0,2096.99
270,42,65.53,one_year,dsl,2,1,2686.13
271,21,76.41,month-to-month,fiber,2,0,1592.76
272,2,77.36,month-to-month,none,0,1,148.63
273,11,96.04,month-to-month,dsl,2,1,1082.93
274,69,90.54,one_year,dsl,1,0,6384.34
275,30,44.97,month-to-month,dsl,1,0,1266.06
276,35,98.67,two_year,fiber,2,0,3051.84
277,34,54.38,two_year,dsl,0,1,1784.82
278,56,85.9,month-to-month,dsl,1,1,4686.04
279,5,66.36,one_year,fiber,2,0,316.76
280,6,56.76,month-to-month,dsl,1,0,350.14
281,20,28.85,month-to-month,fiber,0,0,501.18
282,35,61.57,one_year,dsl,3,0,1955.58
283,48,33.81,month-to-month,none,1,0,1660.46
284,35,84.35,month-to-month,fiber,3,1,3064.09
285,32,95.34,month-to-month,dsl,2,0,2853.14
286,67,49.06,month-to-month,dsl,3,0,2920.61
287,12,71.04,month-to-month,fiber,2,0,796.27
288,41,50.49,one_year,none,1,0,1948.44
289,39,52.43,two_year,dsl,5,0,1950.53
290,34,80.49,one_year,dsl,1,0,2476.32
291,58,64.23,two_year,dsl,2,0,3399.47
292,19,99.79,month-to-month,fiber,1,1,1860.21
293,68,55.36,two_year,none,0,0,3667.95
294,24,84.99,month-to-month,fiber,1,0,2003.9
295,39,66.95,month-to-month,dsl,0,1,2416.41
296,37,80.92,two_year,fiber,0,0,2746.41
297,61,56.06,month-to-month,fiber,1,0,3147.14
298,32,64.01,month-to-month,dsl,1,0,2130.73
299,21,62.69,month-to-month,dsl,1,0,1223.08
300,2,48.28,month-to-month,fiber,1,1,93.78
301,26,78.24,month-to-month,fiber,1,0,1941.82
302,59,78.0,month-to-month,fiber,1,0,4718.17
303,1,76.87,two_year,fiber,1,0,71.01
304,64,95.74,month-to-month,none,1,0,5740.29
305,39,93.99,month-to-month,dsl,2,0,3733.64
306,10,57.5,month-to-month,dsl,0,0,507.26
307,22,72.46,two_year,dsl,0,1,1544.48
308,40,52.53,month-to-month,none,3,0,1954.08
309,23,65.47,month-to-month,fiber,0,0,1576.82
310,8,53.01,month-to-month,dsl,1,0,421.65
311,48,97.4,one_year,dsl,2,0,3983.79
312,48,72.27,one_year,fiber,0,0,3531.04
313,9,60.64,one_year,fiber,0,0,540.65
314,20,88.87,one_year,fiber,1,0,1710.2
315,18,21.59,month-to-month,dsl,1,0,348.68
316,47,24.72,month-to-month,none,1,1,1022.26
317,52,80.92,month-to-month,fiber,2,0,4105.5
318,52,66.21,month-to-month,fiber,1,0,3229.42
319,67,70.01,month-to-month,fiber,1,0,4795.38
320,55,38.47,month-to-month,none,3,0,1909.5
321,23,64.54,month-to-month,none,2,0,1451.03
322,8,105.07,one_year,fiber,0,0,756.31
323,44,81.48,month-to-month,fiber,2,1,3503.61
324,66,68.39,one_year,fiber,3,0,3880.32
325,70,56.22,one_year,none,0,0,3653.4
326,17,57.11,month-to-month,fiber,0,0,858.77
327,17,22.42,month-to-month,dsl,1,0,370.16
328,3,70.15,one_year,dsl,2,1,192.21
329,11,81.91,one_year,none,0,0,904.89
330,40,33.49,month-to-month,none,1,0,1169.36
331,39,51.77,month-to-month,none,1,1,1940.78
332,27,41.85,one_year,fiber,2,0,1094.62
333,23,45.69,one_year,fiber,0,0,897.89
334,59,66.07,month-to-month,none,0,0,3341.47
335,33,23.31,month-to-month,dsl,2,0,701.27
336,58,77.29,two_year,dsl,0,0,4356.47
337,69,80.08,month-to-month,none,1,1,5760.5
338,23,59.98,two_year,dsl,2,1,1197.66
339,15,20.0,month-to-month,fiber,1,0,297.19
340,68,45.07,month-to-month,fiber,2,1,3029.65
341,46,89.66,month-to-month,fiber,2,1,4057.94
342,21,20.0,month-to-month,dsl,2,0,400.36
343,45,58.05,two_year,fiber,1,0,2725.53
344,37,41.4,month-to-month,dsl,1,0,1455.75
345,65,81.09,two_year,none,2,0,5363.93
346,19,51.5,month-to-month,dsl,0,0,883.1
347,71,73.08,two_year,fiber,1,0,5247.11
348,67,76.31,two_year,fiber,1,1,5364.88
349,13,101.72,one_year,dsl,2,0,1364.7
350,12,60.94,month-to-month,dsl,1,1,666.06
351,38,72.52,one_year,fiber,0,0,2808.76
352,4,35.3,month-to-month,dsl,2,0,122.71
353,22,88.81,two_year,dsl,1,0,1925.57
354,31,49.79,month-to-month,fiber,3,0,1417.59
355,69,53.78,month-to-month,none,2,0,3643.04
356,71,64.56,month-to-month,fiber,0,0,4274.13
357,11,33.74,one_year,fiber,1,0,316.14
358,64,69.58,two_year,none,1,0,3991.13
359,7,84.35,month-to-month,fiber,1,0,506.89
360,54,70.86,one_year,fiber,2,0,3579.46
361,61,33.22,two_year,fiber,2,0,2062.92
362,64,62.52,month-to-month,dsl,0,0,3991.67
363,16,79.84,month-to-month,dsl,2,1,1287.38
364,64,27.44,one_year,fiber,1,0,1776.25
365,9,43.5,one_year,dsl,0,1,361.9
366,37,82.53,month-to-month,fiber,1,0,2904.61
367,34,70.4,two_year,dsl,0,0,2277.97
368,23,73.24,month-to-month,fiber,1,1,1469.98
369,2,102.19,two_year,dsl,0,0,198.17
370,55,74.37,two_year,fiber,3,0,4065.95
371,24,78.16,two_year,fiber,1,0,1823.68
372,47,119.21,month-to-month,fiber,1,0,5598.35
373,30,60.72,month-to-month,dsl,0,0,1591.67
374,27,49.04,month-to-month,dsl,3,1,1327.1
375,63,73.56,month-to-month,none,0,0,4132.05
376,7,73.78,one_year,dsl,2,0,529.56
377,53,54.47,month-to-month,fiber,0,0,2595.29
378,54,44.35,month-to-month,dsl,0,0,2271.32
379,27,111.2,month-to-month,dsl,2,0,2844.63
380,19,71.54,month-to-month,fiber,0,0,1228.46
381,1,50.35,month-to-month,fiber,0,1,46.44
382,67,83.32,one_year,dsl,0,0,4952.29
383,68,62.82,one_year,none,1,0,4118.06
384,18,59.94,month-to-month,dsl,4,0,1114.1
385,3,76.25,two_year,fiber,0,0,208.92
386,9,39.16,two_year,fiber,1,0,335.39
387,5,72.05,month-to-month,fiber,0,1,368.31
388,60,103.26,one_year,fiber,1,1,5826.96
389,64,74.32,month-to-month,dsl,0,1,4833.78
390,11,57.48,month-to-month,none,2,1,593.89
391,54,54.86,month-to-month,fiber,1,1,2778.91
392,13,56.79,month-to-month,none,0,0,650.75
393,27,59.92,two_year,none,1,0,1415.6
394,43,57.44,two_year,none,1,0,2401.5
395,52,83.33,two_year,fiber,1,1,4400.18
396,63,30.34,one_year,fiber,1,0,1676.47
397,4,82.24,one_year,fiber,3,1,339.49
398,14,57.41,two_year,fiber,2,0,740.87
399,20,72.54,month-to-month,fiber,2,0,1356.57
400,23,42.46,month-to-month,fiber,4,0,1004.79
401,71,91.57,one_year,dsl,0,0,6691.7
402,56,89.91,month-to-month,none,2,0,4808.24
403,23,84.19,month-to-month,dsl,2,0,1753.1
404,69,34.7,month-to-month,none,1,1,2117.49
405,36,81.58,one_year,dsl,0,0,2655.87
406,36,73.1,month-to-month,dsl,1,0,2647.72
407,31,32.89,month-to-month,none,1,0,932.84
408,11,64.51,month-to-month,none,1,0,701.74
409,67,72.29,month-to-month,fiber,0,1,4306.0
410,1,76.12,two_year,none,1,0,71.99
411,13,68.55,month-to-month,dsl,0,1,820.23
412,17,70.82,one_year,none,0,0,1144.61
413,20,94.47,one_year,fiber,0,0,1821.36
414,10,89.52,month-to-month,fiber,1,1,938.34
415,2,20.0,two_year,fiber,1,0,41.2
416,49,58.65,one_year,dsl,2,1,2842.74
417,69,61.71,one_year,fiber,2,0,3750.22
418,9,29.96,month-to-month,fiber,4,0,278.76
419,22,66.88,month-to-month,dsl,2,0,1513.32
420,36,89.98,two_year,none,0,0,3327.84
421,66,43.27,one_year,fiber,0,1,2701.04
422,50,71.73,two_year,dsl,1,0,3170.97
423,55,46.68,two_year,fiber,0,0,2569.66
424,42,51.56,month-to-month,dsl,2,0,2008.96
425,30,94.55,one_year,dsl,3,0,2606.5
426,15,54.15,month-to-month,fiber,0,0,753.9
427,62,74.24,one_year,dsl,1,1,4427.11
428,58,27.58,month-to-month,dsl,1,0,1466.4
429,2,102.25,month-to-month,fiber,5,1,202.04
430,51,77.05,one_year,dsl,4,0,3849.17
431,6,61.35,one_year,none,0,0,350.35
432,53,76.51,one_year,fiber,4,0,3490.55
433,59,36.8,month-to-month,dsl,1,0,2252.2
434,10,88.65,month-to-month,fiber,1,0,826.52
435,31,58.52,two_year,dsl,1,1,1705.07
436,9,60.92,month-to-month,fiber,1,0,516.04
437,41,55.17,month-to-month,dsl,3,0,2087.81
438,66,53.39,one_year,none,0,1,3470.59
439,6,78.89,month-to-month,dsl,2,1,403.66
440,29,70.12,one_year,fiber,4,1,2083.71
441,70,78.03,month-to-month,dsl,1,0,4754.69
442,22,64.82,two_year,dsl,0,1,1497.26
443,10,75.26,two_year,fiber,0,1,734.25
444,35,56.62,two_year,fiber,2,1,1710.7
445,37,109.59,one_year,none,1,0,3902.72
446,48,33.64,month-to-month,dsl,0,1,1479.51
447,23,90.22,one_year,dsl,2,0,2159.33
448,68,92.36,two_year,fiber,1,1,6287.35
449,37,47.96,one_year,fiber,3,0,1688.28
450,21,109.59,one_year,none,1,1,2154.0
451,69,84.91,one_year,none,1,1,6146.89
452,66,84.42,one_year,none,2,0,5479.66
453,36,65.56,one_year,dsl,0,0,2248.73
454,2,60.66,month-to-month,fiber,1,1,112.78
455,43,60.81,month-to-month,fiber,2,1,2392.35
456,40,72.81,one_year,dsl,1,0,2886.43
457,11,93.02,month-to-month,fiber,3,1,990.04
458,46,68.63,two_year,dsl,1,1,3218.97
459,60,46.77,one_year,dsl,4,0,2695.95
460,8,81.49,month-to-month,none,1,0,630.06
461,52,83.42,two_year,dsl,2,0,4101.3
462,10,78.09,one_year,none,3,1,782.87
463,54,79.91,one_year,dsl,0,0,4026.02
464,30,59.58,month-to-month,dsl,1,1,1823.84
465,1,46.42,two_year,dsl,2,1,42.49
466,69,47.64,month-to-month,dsl,0,0,3249.44
467,12,32.29,one_year,fiber,2,0,398.56
468,43,69.74,month-to-month,dsl,0,0,3010.26
469,13,63.33,one_year,fiber,0,0,756.21
470,67,56.2,one_year,none,2,0,3732.52
471,53,20.0,one_year,fiber,1,0,944.88
472,58,40.05,month-to-month,dsl,1,0,2001.49
473,31,87.42,two_year,fiber,2,0,2732.45
474,34,51.71,one_year,fiber,1,0,1778.54
475,46,72.21,month-to-month,fiber,1,0,2838.64
476,56,37.19,two_year,dsl,0,0,2165.03
477,61,93.77,one_year,fiber,1,0,5372.08
478,2,62.12,two_year,fiber,1,0,128.1
479,48,70.8,two_year,dsl,1,0,3424.35
480,8,111.52,two_year,dsl,1,0,919.04
481,21,95.33,one_year,none,0,1,2035.31
482,59,58.87,one_year,dsl,3,1,3628.93
483,18,53.14,month-to-month,dsl,0,0,933.39
484,57,58.49,month-to-month,dsl,3,1,2985.37
485,33,75.2,one_year,fiber,0,0,2302.71
486,17,62.9,month-to-month,fiber,2,1,1069.7
487,24,57.1,two_year,dsl,2,0,1207.86
488,38,94.34,month-to-month,fiber,1,0,3713.86
489,55,62.72,month-to-month,fiber,1,0,3073.79
490,44,110.99,month-to-month,dsl,1,1,5006.6
491,67,66.81,month-to-month,none,2,0,4237.89
492,62,100.71,month-to-month,dsl,2,0,6357.19
493,54,72.15,month-to-month,dsl,4,0,4058.41
494,43,84.26,two_year,none,1,0,3385.61
495,21,50.51,month-to-month,none,0,0,1049.38
496,30,47.92,month-to-month,dsl,1,0,1287.15
497,9,74.19,month-to-month,none,0,0,674.49
498,27,84.77,month-to-month,fiber,0,1,2320.8
499,66,65.81,month-to-month,dsl,0,0,3948.42
500,31,39.27,one_year,none,1,1,1040.64
501,9,37.79,one_year,fiber,1,0,318.42
502,47,36.46,month-to-month,dsl,0,0,1514.84
503,69,29.65,one_year,fiber,1,0,2073.9
504,62,67.19,month-to-month,fiber,1,0,3758.45
505,20,87.5,month-to-month,dsl,4,0,1817.79
506,33,64.73,two_year,none,0,0,2230.85
507,38,20.0,month-to-month,fiber,0,1,784.14
508,18,61.18,two_year,fiber,1,0,1068.12
509,20,61.74,month-to-month,fiber,1,0,1115.62
510,17,106.92,month-to-month,fiber,0,0,1838.46
511,71,35.86,month-to-month,dsl,1,0,2521.41
512,53,57.19,month-to-month,none,2,0,3168.78
513,60,99.12,two_year,fiber,2,0,5503.84
514,58,74.0,month-to-month,fiber,2,0,3698.65
515,69,76.27,two_year,fiber,3,0,5524.06
516,8,67.29,two_year,dsl,1,1,547.82
517,63,71.6,one_year,dsl,2,0,4034.0
518,5,80.55,month-to-month,fiber,2,0,400.79
519,34,48.81,month-to-month,dsl,1,0,1410.84
520,43,82.56,month-to-month,fiber,3,1,3413.62
521,26,37.54,one_year,none,3,0,900.46
522,11,71.57,month-to-month,dsl,0,0,729.22
523,14,68.57,two_year,dsl,1,1,862.93
524,59,52.67,one_year,fiber,0,0,2812.22
525,23,64.55,month-to-month,dsl,1,0,1396.96
526,23,52.55,one_year,none,1,1,1087.34
527,66,43.57,month-to-month,fiber,1,0,2712.54
528,11,57.93,two_year,dsl,1,0,615.23
529,65,42.92,month-to-month,dsl,3,0,2768.1
530,66,71.46,two_year,none,1,0,4647.64
531,43,42.0,two_year,dsl,0,1,1622.51
532,12,79.24,two_year,fiber,2,0,815.7
533,12,41.37,month-to-month,dsl,1,0,504.65
534,21,53.67,two_year,dsl,1,0,1154.64
535,41,52.51,month-to-month,none,1,1,2251.47
536,11,91.5,one_year,dsl,0,1,1048.71
537,33,71.61,month-to-month,dsl,1,0,2308.22
538,9,60.77,month-to-month,fiber,2,1,562.71
539,39,74.97,month-to-month,none,0,0,2747.24
540,2,22.86,month-to-month,dsl,3,1,46.06
541,51,64.14,month-to-month,dsl,3,0,3405.48
542,4,104.95,two_year,none,0,0,423.69
543,14,67.65,month-to-month,fiber,4,0,883.79
544,13,66.36,one_year,none,0,1,798.46
545,60,75.96,month-to-month,fiber,0,1,4139.71
546,4,82.91,one_year,fiber,1,1,306.24
547,31,25.05,one_year,fiber,1,0,787.51
548,42,31.35,month-to-month,dsl,3,0,1303.93
549,37,69.21,one_year,fiber,1,0,2304.63
550,49,50.7,two_year,fiber,2,0,2465.19
551,58,91.24,two_year,none,0,0,4899.68
552,28,58.7,month-to-month,fiber,5,0,1580.41
553,59,26.31,month-to-month,dsl,1,0,1434.43
554,23,39.64,one_year,fiber,1,1,870.08
555,70,20.0,month-to-month,fiber,2,0,1394.35
556,36,60.32,two_year,fiber,1,0,2163.32
557,53,61.23,month-to-month,fiber,2,0,3247.26
558,63,56.51,two_year,fiber,1,0,3304.54
559,57,86.58,month-to-month,dsl,1,0,4876.33
560,61,88.97,month-to-month,fiber,0,1,4872.2
561,39,61.59,two_year,fiber,0,0,2271.07
562,4,22.31,two_year,none,2,0,86.26
563,36,77.35,two_year,fiber,0,1,2749.23
564,13,76.11,two_year,fiber,3,0,1021.49
565,64,71.19,month-to-month,fiber,1,0,4150.45
566,17,84.63,month-to-month,fiber,1,0,1466.13
567,17,41.7,month-to-month,dsl,0,0,646.68
568,18,105.18,month-to-month,none,1,0,1818.23
569,46,45.81,month-to-month,none,1,1,2140.18
570,41,79.98,two_year,fiber,2,1,3261.57
571,68,31.25,month-to-month,fiber,2,0,2172.97
572,30,46.39,month-to-month,dsl,2,0,1409.76
573,21,95.33,month-to-month,fiber,0,0,1812.29
574,4,59.78,month-to-month,fiber,1,0,250.74
575,1,81.8,month-to-month,fiber,3,0,84.86
576,27,69.74,one_year,dsl,1,0,1762.54
577,66,62.9,month-to-month,fiber,1,0,3567.89
578,38,92.28,one_year,dsl,2,0,3193.49
579,64,60.27,two_year,fiber,3,0,3923.74
580,8,29.39,one_year,fiber,0,0,244.57
581,7,48.94,one_year,dsl,1,0,348.18
582,60,76.02,month-to-month,fiber,1,1,4238.95
583,8,72.91,month-to-month,none,2,0,502.38
584,4,33.66,month-to-month,fiber,1,1,128.38
585,29,50.51,two_year,dsl,0,1,1355.34
586,66,53.37,one_year,fiber,2,0,3080.69
587,49,57.69,month-to-month,dsl,2,0,2462.63
588,8,37.48,month-to-month,fiber,0,0,264.04
589,60,52.43,two_year,fiber,0,1,2803.43
590,60,50.43,one_year,dsl,0,0,3028.09
591,57,80.43,one_year,fiber,3,1,4246.82
592,65,81.18,two_year,fiber,2,0,4946.31
593,18,62.08,one_year,fiber,0,0,1083.56
594,70,57.16,one_year,dsl,1,0,4169.36
595,23,67.8,month-to-month,dsl,0,1,1561.42
596,57,48.67,month-to-month,fiber,2,0,2716.33
597,42,42.06,two_year,dsl,2,0,1764.34
598,56,46.2,one_year,fiber,1,0,2571.31
599,45,52.3,month-to-month,dsl,0,0,2325.38
600,46,41.73,one_year,dsl,1,0,1822.22
601,44,68.24,month-to-month,fiber,0,0,2892.57
602,56,79.59,two_year,dsl,1,0,4199.86
603,53,33.26,month-to-month,fiber,3,1,1637.61
604,10,65.5,two_year,dsl,1,0,592.22
605,59,60.6,month-to-month,fiber,1,1,3293.1
606,39,71.83,month-to-month,fiber,1,0,2621.26
607,23,64.74,month-to-month,fiber,2,0,1438.21
608,37,35.93,two_year,fiber,1,1,1262.91
609,69,39.75,month-to-month,fiber,1,1,2390.55
610,61,65.59,month-to-month,fiber,2,0,3672.89
611,60,85.58,one_year,dsl,1,0,4750.92
612,33,20.72,month-to-month,fiber,3,1,677.87
613,56,71.91,month-to-month,dsl,0,1,3691.02
614,28,88.79,month-to-month,fiber,4,0,2117.16
615,49,61.94,two_year,dsl,3,0,2630.99
616,46,76.0,month-to-month,none,2,0,3319.1
617,18,50.94,month-to-month,fiber,0,0,813.95
618,19,62.61,month-to-month,fiber,3,0,1128.83
619,5,32.58,month-to-month,fiber,0,1,157.17
620,10,20.0,month-to-month,dsl,0,0,207.34
621,31,83.86,month-to-month,dsl,3,0,2550.57
622,34,45.3,month-to-month,none,2,0,1318.73
623,12,55.89,month-to-month,fiber,2,0,621.15
624,30,37.27,two_year,dsl,0,0,1127.82
625,43,36.8,month-to-month,fiber,4,0,1427.5
626,17,61.52,month-to-month,fiber,2,1,1082.44
627,25,50.41,two_year,dsl,1,0,1204.55
628,27,72.56,two_year,fiber,1,0,1701.48
629,36,74.05,one_year,dsl,1,0,2394.78
630,27,71.42,month-to-month,dsl,1,0,1988.62
631,53,69.77,month-to-month,fiber,0,0,3876.38
632,24,96.56,month-to-month,dsl,2,0,2369.82
633,31,43.65,month-to-month,none,0,0,1236.96
634,27,63.9,month-to-month,fiber,1,0,1731.79
635,13,87.65,one_year,none,0,0,1019.18
636,49,90.29,month-to-month,fiber,4,0,4100.82
637,17,36.56,one_year,none,3,0,614.95
638,22,58.75,month-to-month,fiber,1,0,1349.09
639,57,92.16,month-to-month,fiber,1,0,4926.58
640,68,75.16,one_year,fiber,1,1,4851.08
641,48,68.91,two_year,none,2,0,2957.18
642,66,60.65,month-to-month,dsl,0,0,3725.28
643,61,57.32,one_year,fiber,0,0,3016.11
644,35,70.76,month-to-month,fiber,2,0,2530.38
645,55,59.95,month-to-month,fiber,1,0,2818.05
646,24,64.15,one_year,none,0,0,1519.13
647,33,66.57,month-to-month,fiber,3,0,1987.33
648,39,51.44,month-to-month,dsl,1,0,1896.27
649,69,75.64,month-to-month,fiber,2,0,4730.19
650,61,123.28,month-to-month,fiber,3,0,6993.78
651,35,29.46,month-to-month,dsl,1,1,989.19
652,47,71.48,month-to-month,dsl,2,1,3286.25
653,15,49.8,two_year,dsl,0,1,775.43
654,58,76.55,one_year,fiber,1,0,4068.9
655,40,65.93,month-to-month,none,2,0,2550.1
656,38,80.24,month-to-month,fiber,1,0,3141.64
657,55,88.51,one_year,dsl,2,1,4420.42
658,45,68.85,month-to-month,fiber,1,0,3169.54
659,6,87.64,month-to-month,none,2,0,547.67
660,21,20.0,one_year,fiber,1,0,428.19
661,13,96.81,month-to-month,dsl,1,1,1213.19
662,53,72.5,month-to-month,dsl,1,1,3821.07
663,3,86.56,month-to-month,none,2,1,245.71
664,15,40.6,month-to-month,none,4,0,590.4
665,43,48.38,month-to-month,dsl,1,1,2173.74
666,50,67.92,two_year,none,0,1,3057.16
667,36,64.66,month-to-month,dsl,2,1,2347.57
668,62,70.66,one_year,dsl,0,0,4167.34
669,66,86.69,one_year,fiber,1,0,5065.71
670,10,29.7,month-to-month,fiber,0,1,290.68
671,68,84.48,month-to-month,fiber,0,0,5793.39
672,44,65.17,month-to-month,none,0,0,2763.54
673,46,60.92,one_year,none,2,0,2851.32
674,7,35.58,month-to-month,dsl,2,0,229.93
675,45,75.06,one_year,fiber,2,1,3488.33
676,52,20.0,two_year,fiber,3,0,1018.85
677,42,77.97,one_year,fiber,0,0,3309.56
678,6,35.16,two_year,none,2,0,190.83
679,38,66.07,one_year,fiber,1,1,2358.08
680,67,62.62,two_year,dsl,0,1,4329.48
681,52,88.39,two_year,dsl,1,0,3953.62
682,10,61.43,one_year,none,1,0,571.79
683,69,51.12,two_year,none,2,0,3548.67
684,69,54.87,two_year,dsl,4,1,3781.35
685,13,90.46,month-to-month,dsl,2,0,1199.88
686,57,75.73,one_year,fiber,0,0,4307.45
687,29,57.29,month-to-month,dsl,1,1,1726.9
688,43,60.27,two_year,dsl,1,0,2461.13
689,32,33.66,month-to-month,none,1,0,1050.04
690,56,72.77,two_year,none,2,0,4154.75
691,71,29.8,one_year,none,1,0,2095.36
692,57,80.04,two_year,fiber,2,0,3971.06
693,67,67.57,month-to-month,dsl,2,0,4180.4
694,68,112.74,one_year,none,3,0,7363.64
695,7,43.0,one_year,dsl,1,1,301.28
696,18,62.95,two_year,dsl,0,0,1086.32
697,52,100.97,two_year,none,0,0,5279.37
698,42,88.83,one_year,fiber,2,0,3796.23
699,4,51.08,one_year,none,0,0,184.51
700,7,69.48,month-to-month,dsl,1,0,473.34
701,37,65.04,two_year,none,0,0,2313.64
702,44,70.64,month-to-month,fiber,0,1,2783.24
703,12,51.03,one_year,fiber,2,0,580.5
704,13,63.21,one_year,none,0,0,788.63
705,10,33.04,month-to-month,fiber,2,1,334.85
706,41,67.7,month-to-month,fiber,0,0,2615.26
707,1,74.0,month-to-month,fiber,3,0,64.1
708,41,60.45,two_year,fiber,1,0,2348.23
709,34,32.7,month-to-month,none,0,1,1131.36
710,34,84.77,month-to-month,fiber,1,1,2779.15
711,49,72.29,one_year,dsl,2,0,3236.78
712,38,50.48,month-to-month,dsl,1,0,1983.83
713,52,59.39,two_year,none,1,0,2721.18
714,55,34.99,month-to-month,none,1,0,1761.59
715,66,44.49,month-to-month,none,1,0,2752.6
716,57,54.24,month-to-month,dsl,0,0,3084.25
717,37,89.57,month-to-month,fiber,0,0,3370.92
718,35,52.21,month-to-month,fiber,1,0,1574.65
719,17,77.8,one_year,fiber,1,0,1333.72
720,43,54.23,month-to-month,dsl,1,0,2318.15
721,10,69.96,month-to-month,fiber,0,0,719.84
722,67,62.17,month-to-month,dsl,1,0,4290.72
723,60,82.46,month-to-month,fiber,2,0,4974.84
724,9,54.3,two_year,dsl,0,0,433.99
725,56,33.55,month-to-month,dsl,1,0,1714.92
726,9,37.36,two_year,dsl,0,0,348.77
727,52,54.36,month-to-month,none,1,1,2740.89
728,7,40.02,month-to-month,fiber,1,1,268.3
729,35,73.2,month-to-month,none,0,1,2646.91
730,47,55.68,month-to-month,fiber,2,0,2681.96
731,52,112.49,one_year,fiber,1,1,5823.15
732,30,30.25,month-to-month,fiber,3,0,931.5
733,66,69.07,month-to-month,fiber,2,0,3978.61
734,55,42.44,one_year,fiber,0,0,2337.72
735,15,55.13,one_year,fiber,3,0,862.61
736,48,67.83,two_year,none,1,0,2799.36
737,52,20.0,two_year,none,3,0,930.39
738,24,69.74,one_year,dsl,0,1,1688.48
739,53,103.06,two_year,fiber,1,0,5210.97
740,64,55.93,one_year,dsl,0,0,3104.6
741,59,70.2,month-to-month,dsl,2,1,3742.5
742,55,85.5,one_year,fiber,0,0,4301.9
743,46,61.72,month-to-month,fiber,0,0,2595.56
744,20,53.38,one_year,fiber,2,0,1094.86
745,57,20.0,two_year,dsl,1,0,1119.94
746,26,77.82,month-to-month,none,0,1,2017.22
747,38,62.74,two_year,none,0,0,2032.97
748,23,44.75,two_year,fiber,1,0,962.87
749,23,67.53,month-to-month,none,1,0,1418.94
750,12,53.33,month-to-month,dsl,1,0,653.01
751,69,54.43,two_year,fiber,0,0,3908.8
752,11,77.13,two_year,none,0,0,793.0
753,7,38.23,month-to-month,none,1,0,279.55
754,67,85.95,month-to-month,none,0,0,4911.39
755,40,37.05,one_year,fiber,2,0,1356.24
756,32,51.75,month-to-month,none,0,1,1664.26
757,53,103.46,month-to-month,fiber,0,0,5055.79
758,28,87.55,month-to-month,dsl,0,0,2535.22
759,10,66.95,month-to-month,dsl,1,1,598.33
760,52,46.19,one_year,fiber,2,0,2423.82
761,13,54.41,one_year,fiber,4,0,629.76
762,40,66.47,one_year,fiber,0,1,2364.79
763,68,65.75,one_year,none,1,1,4198.94
764,67,63.18,month-to-month,fiber,1,0,4398.1
765,26,64.38,month-to-month,fiber,2,0,1618.79
766,56,60.71,month-to-month,fiber,1,1,3321.59
767,44,36.16,month-to-month,fiber,2,1,1355.48
768,35,54.67,month-to-month,fiber,1,0,1648.1
769,10,83.29,month-to-month,fiber,2,0,719.11
770,27,37.63,month-to-month,fiber,3,0,1030.16
771,47,61.21,month-to-month,fiber,1,1,2581.62
772,71,48.6,one_year,fiber,2,1,3159.95
773,1,67.23,one_year,none,0,1,65.35
774,51,57.23,two_year,dsl,0,0,2821.8
775,61,94.55,one_year,fiber,0,0,5375.97
776,68,75.13,one_year,fiber,1,0,4346.91
777,31,38.76,month-to-month,dsl,1,0,1129.37
778,9,78.42,one_year,fiber,0,0,704.21
779,20,49.51,month-to-month,fiber,1,0,888.26
780,61,53.46,month-to-month,fiber,3,1,3233.9
781,63,71.28,month-to-month,fiber,0,0,3830.65
782,46,55.17,month-to-month,dsl,0,0,2618.02
783,9,82.86,month-to-month,dsl,4,1,775.58
784,9,49.51,one_year,fiber,3,0,378.97
785,34,52.62,two_year,fiber,1,0,1684.53
786,42,51.87,one_year,fiber,1,0,2032.06
787,3,53.69,one_year,none,1,1,164.03
788,49,86.98,month-to-month,fiber,2,0,4083.63
789,39,77.58,month-to-month,dsl,3,0,2941.73
790,1,99.2,one_year,fiber,2,1,88.34
791,7,110.35,month-to-month,dsl,1,0,668.49
792,33,44.39,month-to-month,fiber,0,0,1447.97
793,52,66.41,month-to-month,dsl,1,0,3364.0
794,59,41.48,two_year,fiber,0,0,2487.62
795,31,49.45,one_year,fiber,0,0,1561.98
796,21,52.4,month-to-month,fiber,0,0,1074.22
797,69,43.86,one_year,dsl,2,0,2898.24
798,33,43.96,month-to-month,dsl,6,1,1498.26
799,23,62.11,month-to-month,fiber,1,0,1443.18
800,32,40.67,month-to-month,fiber,4,0,1335.91
801,1,81.84,month-to-month,dsl,1,0,85.86
802,22,46.64,one_year,none,5,1,954.97
803,37,121.19,month-to-month,fiber,1,0,4454.38
804,66,55.97,one_year,fiber,1,1,3648.26
805,53,66.44,month-to-month,dsl,1,0,3115.76
806,56,39.09,one_year,fiber,0,0,2139.37
807,39,99.12,one_year,dsl,2,0,3616.8
808,8,87.39,one_year,dsl,1,0,657.26
809,28,70.94,one_year,fiber,0,1,1759.93
810,71,38.06,two_year,fiber,0,1,2699.42
811,4,69.21,month-to-month,none,2,0,273.96
812,63,42.57,one_year,none,4,0,2565.13
813,49,94.25,one_year,dsl,0,0,4070.27
814,21,81.18,month-to-month,dsl,0,0,1638.93
815,56,66.91,month-to-month,fiber,2,1,3259.96
816,60,20.0,month-to-month,none,2,1,1101.45
817,4,45.33,month-to-month,none,0,1,167.63
818,8,78.76,month-to-month,dsl,0,0,646.89
819,48,89.26,month-to-month,dsl,2,0,3997.9
820,71,87.18,one_year,dsl,0,0,6002.19
821,2,33.16,month-to-month,none,1,0,67.98
822,48,71.03,two_year,fiber,1,0,3188.34
823,10,85.31,month-to-month,fiber,3,1,875.91
824,47,31.83,one_year,fiber,1,1,1312.44
825,45,64.84,month-to-month,dsl,1,0,2693.04
826,7,70.48,month-to-month,fiber,1,0,428.7
827,49,58.98,month-to-month,dsl,3,0,2780.74
828,64,27.96,one_year,fiber,0,0,1863.62
829,62,58.49,month-to-month,fiber,1,0,3558.89
830,3,58.45,two_year,fiber,0,1,171.0
831,18,62.04,month-to-month,dsl,2,0,1011.34
832,18,53.73,one_year,none,3,0,1002.17
833,33,56.14,month-to-month,fiber,1,0,1749.44
834,11,64.21,one_year,dsl,0,0,638.08
835,61,73.85,month-to-month,dsl,1,1,4719.01
836,56,58.91,month-to-month,fiber,0,0,3083.29
837,58,56.81,month-to-month,dsl,0,0,3045.55
838,15,66.85,month-to-month,dsl,2,1,859.35
839,2,26.58,month-to-month,dsl,1,0,47.08
840,65,74.54,two_year,dsl,2,0,4902.46
841,21,64.99,month-to-month,fiber,0,0,1291.83
842,47,65.79,month-to-month,fiber,1,0,3218.83
843,65,84.21,two_year,dsl,1,0,4744.43
844,3,25.94,month-to-month,fiber,1,1,75.73
845,1,25.52,month-to-month,dsl,1,1,25.37
846,1,70.48,one_year,dsl,2,0,68.66
847,12,64.86,two_year,dsl,1,1,744.05
848,4,68.4,one_year,fiber,1,0,264.2
849,59,55.76,month-to-month,none,3,0,3250.07
850,44,78.29,two_year,fiber,1,0,3522.79
851,70,83.65,month-to-month,dsl,0,0,5371.07
852,57,74.68,two_year,dsl,0,0,4009.57
853,69,59.78,two_year,dsl,3,0,4030.7
854,17,22.85,two_year,none,0,0,354.59
855,21,80.38,month-to-month,dsl,2,0,1495.14
856,61,89.43,month-to-month,none,0,0,5691.08
857,18,77.89,one_year,fiber,0,0,1246.32
858,5,47.41,month-to-month,fiber,3,1,212.53
859,48,78.48,month-to-month,none,2,0,3668.11
860,57,82.21,two_year,dsl,0,0,4055.58
861,69,96.18,one_year,fiber,1,0,5686.15
862,66,47.48,month-to-month,dsl,2,0,2703.75
863,9,60.47,month-to-month,none,2,0,476.01
864,55,79.95,month-to-month,fiber,1,0,4115.12
865,61,66.15,month-to-month,dsl,1,0,4099.12
866,50,42.65,month-to-month,none,1,0,1958.48
867,59,73.29,two_year,dsl,0,0,4045.23
868,60,76.57,one_year,dsl,1,0,4456.6
869,32,66.76,month-to-month,fiber,3,1,1944.97
870,3,69.39,month-to-month,fiber,1,0,194.95
871,33,59.83,one_year,none,0,1,1830.78
872,15,94.57,two_year,fiber,0,1,1302.76
873,9,46.99,two_year,fiber,0,0,392.32
874,9,53.25,month-to-month,dsl,3,0,408.43
875,50,65.22,two_year,dsl,2,0,3349.87
876,36,82.58,month-to-month,none,2,1,3108.05
877,39,35.05,month-to-month,dsl,1,0,1397.71
878,53,38.79,two_year,fiber,2,1,1749.85
879,39,24.25,month-to-month,dsl,0,0,945.92
880,45,65.65,month-to-month,dsl,1,0,2849.73
881,7,42.63,month-to-month,fiber,4,0,259.27
882,61,57.31,month-to-month,fiber,1,0,3623.76
883,32,78.23,month-to-month,fiber,1,0,2516.49
884,12,52.17,one_year,none,0,1,550.33
885,58,69.63,month-to-month,dsl,1,0,4211.42
886,53,59.01,month-to-month,fiber,2,1,2737.34
887,4,78.44,two_year,dsl,2,1,295.23
888,14,74.5,month-to-month,fiber,0,0,919.71
889,2,51.16,two_year,dsl,3,1,90.05
890,20,61.63,month-to-month,fiber,2,0,1286.29
891,8,85.87,one_year,dsl,4,0,662.52
892,51,72.87,month-to-month,none,2,1,3351.55
893,38,37.06,two_year,none,0,1,1415.72
894,70,78.11,month-to-month,none,2,1,5604.66
895,54,43.31,two_year,dsl,2,0,2417.14
896,44,93.25,month-to-month,none,2,0,4253.16
897,37,85.48,one_year,dsl,0,0,3261.17
898,4,70.8,month-to-month,dsl,0,0,276.91
899,5,68.14,month-to-month,dsl,0,0,312.93
900,44,60.82,month-to-month,dsl,1,0,2770.05
901,1,78.57,month-to-month,fiber,1,1,68.71
902,4,57.58,month-to-month,dsl,0,0,203.55
903,16,69.71,one_year,fiber,2,0,1044.83
904,63,82.44,month-to-month,fiber,0,0,4709.32
905,33,53.76,month-to-month,none,5,1,1726.44
906,51,52.68,month-to-month,fiber,1,1,2770.13
907,30,41.11,month-to-month,fiber,4,0,1169.42
908,13,43.71,month-to-month,dsl,0,1,545.94
909,27,28.43,one_year,none,1,0,717.43
910,7,79.6,month-to-month,dsl,2,1,552.47
911,55,101.18,two_year,dsl,0,0,4842.23
912,14,93.51,month-to-month,dsl,1,0,1125.49
913,27,32.48,month-to-month,fiber,2,0,857.9
914,70,79.5,two_year,fiber,2,0,5325.57
915,43,93.44,month-to-month,fiber,1,0,3742.58
916,33,55.86,month-to-month,dsl,1,1,1690.01
917,39,67.03,two_year,fiber,0,1,2249.13
918,56,24.84,two_year,fiber,0,0,1371.72
919,19,70.33,one_year,dsl,0,0,1248.47
920,46,43.73,month-to-month,fiber,0,1,1888.98
921,62,68.99,one_year,fiber,2,0,4400.09
922,41,33.78,two_year,fiber,2,0,1381.53
923,32,75.86,two_year,dsl,0,0,2169.93
924,11,85.49,month-to-month,fiber,0,0,922.93
925,18,49.34,month-to-month,dsl,1,0,778.39
926,68,42.26,month-to-month,dsl,1,0,2554.16
927,39,21.88,month-to-month,dsl,2,0,847.2
928,22,59.67,one_year,fiber,2,0,1148.88
929,30,53.37,month-to-month,dsl,1,1,1450.66
930,42,33.98,month-to-month,fiber,2,0,1469.42
931,39,74.06,month-to-month,dsl,2,0,2881.59
932,50,56.0,month-to-month,fiber,1,1,2900.5
933,19,43.49,month-to-month,dsl,1,0,848.1
934,47,53.91,month-to-month,fiber,2,0,2312.11
935,32,86.43,month-to-month,fiber,3,0,2700.7
936,67,77.06,two_year,fiber,2,0,4779.61
937,12,62.4,month-to-month,dsl,1,0,740.88
938,11,77.38,month-to-month,fiber,1,0,782.82
939,33,41.78,month-to-month,none,2,1,1172.29
940,37,65.65,month-to-month,none,0,1,2110.33
941,50,67.95,month-to-month,dsl,2,1,3411.78
942,29,55.6,month-to-month,fiber,1,0,1397.63
943,65,73.71,month-to-month,dsl,2,1,4646.86
944,34,49.39,month-to-month,dsl,1,1,1715.46
945,10,75.2,one_year,fiber,1,0,750.66
946,9,76.04,month-to-month,fiber,1,0,638.29
947,70,20.0,month-to-month,fiber,0,0,1248.41
948,10,88.81,one_year,none,1,0,918.75
949,68,20.0,month-to-month,dsl,2,0,1310.06
950,20,52.68,month-to-month,fiber,2,0,980.99
951,7,85.51,month-to-month,fiber,0,0,621.56
952,22,58.65,month-to-month,dsl,1,0,1152.24
953,44,35.68,month-to-month,fiber,3,0,1473.3
954,31,43.13,two_year,none,1,0,1165.53
955,56,85.54,two_year,fiber,0,1,4191.35
956,44,26.57,two_year,dsl,0,1,1086.92
957,29,87.58,month-to-month,fiber,1,0,2514.25
958,46,63.9,month-to-month,none,1,0,2697.72
959,69,41.15,month-to-month,none,0,1,2805.05
960,30,53.34,month-to-month,fiber,3,0,1617.86
961,11,44.66,month-to-month,fiber,1,1,503.79
962,30,82.32,month-to-month,fiber,1,0,2121.25
963,60,79.65,month-to-month,none,2,0,4801.68
964,16,30.62,month-to-month,none,4,0,430.85
965,68,56.93,month-to-month,none,1,0,3831.18
966,42,47.74,one_year,fiber,1,0,1853.36
967,43,90.87,month-to-month,dsl,1,0,3874.43
968,23,38.0,two_year,fiber,1,1,780.28
969,66,97.08,month-to-month,dsl,0,0,6272.72
970,3,64.33,month-to-month,dsl,1,0,168.89
971,22,41.76,month-to-month,fiber,2,0,812.1
972,30,51.45,month-to-month,fiber,0,0,1501.66
973,34,48.97,month-to-month,none,2,0,1527.38
974,34,39.51,month-to-month,fiber,0,0,1330.92
975,11,66.9,one_year,none,2,0,726.36
976,17,40.44,month-to-month,fiber,0,1,669.83
977,7,21.39,month-to-month,fiber,0,0,149.15
978,41,57.41,two_year,dsl,0,0,2374.49
979,25,28.94,month-to-month,fiber,4,1,746.86
980,41,49.96,one_year,dsl,2,0,1774.09
981,42,46.82,month-to-month,dsl,1,0,1896.26
982,50,47.58,month-to-month,dsl,4,0,2378.42
983,39,105.02,month-to-month,none,0,1,3659.12
984,47,66.13,month-to-month,fiber,3,0,2805.77
985,42,69.91,one_year,none,1,0,2652.56
986,47,29.47,month-to-month,none,3,1,1335.87
987,44,51.92,month-to-month,none,1,0,2109.11
988,23,69.31,month-to-month,dsl,0,1,1567.38
989,18,44.51,two_year,none,1,0,778.79
990,56,83.16,one_year,none,1,0,4570.44
991,25,40.95,two_year,none,2,0,921.85
992,39,59.27,one_year,dsl,1,1,2319.56
993,14,53.28,one_year,dsl,2,1,733.1
994,31,68.29,month-to-month,none,2,0,1854.76
995,38,52.19,two_year,dsl,2,0,1765.13
996,45,59.58,month-to-month,fiber,2,0,2440.32
997,38,60.28,month-to-month,fiber,2,0,2375.87
998,26,50.31,one_year,dsl,2,1,1197.23
999,69,74.7,month-to-month,dsl,3,0,4401.65
1000,37,69.77,month-to-month,none,0,0,2267.39
1001,58,63.23,month-to-month,none,1,0,3140.84
1002,53,56.39,month-to-month,none,1,0,2781.16
1003,40,80.93,two_year,dsl,3,0,3267.73
1004,63,60.28,month-to-month,dsl,1,0,3570.11
1005,10,58.87,two_year,fiber,2,0,599.18
1006,66,67.09,month-to-month,fiber,0,1,3805.84
1007,61,98.93,one_year,dsl,2,0,5696.45
1008,36,38.19,month-to-month,fiber,0,1,1385.03
1009,53,80.4,two_year,none,0,0,4197.05
1010,37,27.14,month-to-month,fiber,1,0,1024.83
1011,20,69.35,month-to-month,fiber,2,1,1254.91
1012,57,96.5,month-to-month,fiber,1,0,5226.41
1013,18,74.77,month-to-month,dsl,0,0,1326.18
1014,23,68.41,month-to-month,dsl,1,0,1390.44
1015,37,53.79,one_year,fiber,3,0,2016.42
1016,60,65.62,two_year,fiber,1,1,3591.88
1017,28,59.96,one_year,fiber,1,0,1458.38
1018,36,49.28,month-to-month,none,1,0,1779.65
1019,3,59.2,month-to-month,dsl,2,1,176.0
1020,9,68.97,two_year,dsl,1,0,637.33
1021,4,49.66,two_year,dsl,1,1,204.28
1022,6,48.87,month-to-month,dsl,0,0,265.57
1023,62,37.8,two_year,fiber,2,1,2292.68
1024,60,72.81,month-to-month,none,1,0,4586.26
1025,59,75.91,two_year,none,0,0,4025.27
1026,4,69.63,two_year,fiber,2,1,263.08
1027,6,84.3,one_year,fiber,1,0,522.0
1028,20,66.76,month-to-month,dsl,2,1,1162.45
1029,41,72.84,one_year,fiber,2,0,3092.91
1030,24,71.08,month-to-month,dsl,0,0,1616.58
1031,35,63.17,one_year,none,0,1,2274.2
1032,13,54.38,month-to-month,fiber,1,0,688.75
1033,52,109.28,one_year,dsl,2,0,5593.27
1034,23,55.96,two_year,dsl,2,0,1293.0
1035,5,51.68,month-to-month,dsl,2,0,223.11
1036,53,73.68,month-to-month,none,2,1,3809.58
1037,65,70.04,one_year,dsl,3,0,4710.97
1038,2,36.9,month-to-month,dsl,0,0,76.84
1039,32,87.45,month-to-month,dsl,1,0,2920.59
1040,59,63.12,month-to-month,none,2,0,3646.49
1041,51,42.78,month-to-month,fiber,4,0,2130.85
1042,61,88.78,one_year,fiber,0,0,5201.63
1043,30,77.51,one_year,fiber,3,1,2259.05
1044,27,39.71,month-to-month,dsl,1,0,1042.6
1045,51,100.54,month-to-month,none,1,0,4401.9
1046,11,78.18,month-to-month,dsl,1,0,746.27
1047,17,64.8,month-to-month,dsl,2,0,1072.83
1048,43,96.8,one_year,fiber,3,0,3799.62
1049,48,68.19,month-to-month,dsl,0,0,2979.47
1050,9,64.44,month-to-month,dsl,2,1,515.4
1051,37,51.79,two_year,none,0,0,1935.8
1052,26,76.64,month-to-month,fiber,2,0,2078.06
1053,36,74.53,one_year,dsl,3,0,2617.48
1054,69,65.29,month-to-month,dsl,2,0,4681.08
1055,6,49.2,month-to-month,fiber,2,0,303.1
1056,71,67.6,month-to-month,dsl,0,0,4288.85
1057,32,63.6,one_year,dsl,2,0,1792.41
1058,55,38.33,two_year,fiber,1,0,1881.14
1059,31,35.56,month-to-month,fiber,3,0,958.22
1060,23,76.3,month-to-month,none,3,0,1696.24
1061,55,20.0,month-to-month,fiber,0,0,997.18
1062,49,69.11,one_year,dsl,1,0,3496.73
1063,11,55.44,one_year,fiber,2,1,593.18
1064,51,91.16,one_year,fiber,2,0,4286.16
1065,54,55.13,two_year,dsl,1,0,3116.73
1066,28,78.19,month-to-month,fiber,1,1,2278.29
1067,66,57.06,one_year,dsl,2,0,3787.51
1068,46,67.27,one_year,none,2,0,3120.22
1069,24,79.74,month-to-month,none,3,0,2000.75
1070,1,55.75,two_year,fiber,1,1,54.08
1071,48,84.93,month-to-month,none,1,0,4182.65
1072,15,45.13,one_year,none,0,0,584.18
1073,54,70.89,one_year,dsl,2,1,3678.05
1074,38,83.45,two_year,fiber,2,1,3014.14
1075,34,78.2,month-to-month,fiber,0,0,2280.04
1076,12,103.33,month-to-month,dsl,0,0,1075.53
1077,51,49.73,two_year,fiber,0,0,2166.87
1078,12,37.42,one_year,dsl,3,0,408.09
1079,30,45.11,month-to-month,none,0,0,1164.79
1080,60,78.21,one_year,fiber,0,0,4385.85
1081,66,74.96,month-to-month,fiber,1,0,5009.45
1082,71,67.05,one_year,fiber,0,1,4630.9
1083,69,42.54,two_year,dsl,2,0,2890.52
1084,40,80.34,month-to-month,none,1,0,2751.81
1085,15,40.51,month-to-month,dsl,0,0,618.53
1086,60,88.18,two_year,dsl,0,0,4651.87
1087,57,122.15,one_year,fiber,2,0,6339.61
1088,71,72.33,two_year,fiber,1,0,4895.91
1089,47,76.66,month-to-month,dsl,2,0,3732.72
1090,11,55.14,two_year,dsl,3,1,636.64
1091,36,28.8,month-to-month,dsl,3,1,1043.57
1092,32,52.95,month-to-month,dsl,3,0,1687.39
1093,60,43.14,month-to-month,dsl,0,0,2473.31
1094,28,36.06,one_year,fiber,0,0,992.64
1095,24,99.45,two_year,dsl,0,0,2097.72
1096,6,70.46,one_year,dsl,0,1,382.11
1097,60,72.59,one_year,fiber,1,0,4559.79
1098,54,58.82,month-to-month,fiber,2,0,3322.14
1099,3,61.54,month-to-month,dsl,0,1,168.85
1100,31,84.29,month-to-month,dsl,2,0,2347.01
1101,35,64.35,month-to-month,dsl,0,0,2017.8
1102,34,75.61,month-to-month,none,1,0,2434.42
1103,66,61.08,two_year,dsl,1,0,3607.0
1104,11,58.16,one_year,dsl,0,0,626.77
1105,22,36.86,one_year,fiber,1,1,701.42
1106,13,25.45,month-to-month,dsl,2,0,288.08
1107,18,59.77,month-to-month,dsl,1,0,974.07
1108,65,66.13,month-to-month,dsl,2,0,4322.04
1109,67,39.28,month-to-month,fiber,1,0,2407.16
1110,4,64.31,month-to-month,fiber,1,1,242.88
1111,45,66.08,month-to-month,fiber,0,1,2918.07
1112,17,21.88,month-to-month,fiber,1,0,374.83
1113,14,46.7,one_year,dsl,3,0,595.89
1114,21,73.15,month-to-month,none,2,0,1530.3
1115,14,72.74,month-to-month,fiber,0,0,923.87
1116,35,41.93,month-to-month,none,1,0,1436.57
1117,71,68.17,month-to-month,fiber,3,1,4550.52
1118,42,85.45,month-to-month,fiber,1,0,3715.68
1119,52,80.54,month-to-month,dsl,2,1,4382.49
1120,36,63.09,one_year,fiber,0,1,2282.2
1121,1,55.64,month-to-month,dsl,1,1,57.48
1122,6,52.41,two_year,fiber,1,0,275.88
1123,20,74.36,month-to-month,dsl,0,1,1458.78
1124,18,68.9,month-to-month,dsl,0,1,1103.37
1125,60,77.59,month-to-month,none,1,0,4214.97
1126,60,67.64,month-to-month,fiber,2,0,3874.01
1127,61,81.38,month-to-month,fiber,0,0,4956.22
1128,46,66.89,two_year,dsl,0,1,3059.4
1129,40,80.69,month-to-month,fiber,2,1,3304.71
1130,47,82.42,one_year,none,0,1,3725.98
1131,29,48.91,month-to-month,fiber,1,0,1468.41
1132,48,28.84,month-to-month,fiber,1,0,1422.5
1133,57,95.87,month-to-month,fiber,1,1,5572.85
1134,55,70.13,month-to-month,dsl,1,0,3455.64
1135,44,30.71,month-to-month,fiber,1,1,1292.18
1136,5,50.72,two_year,none,1,0,252.9
1137,52,80.44,one_year,fiber,0,1,4372.03
1138,27,59.41,two_year,fiber,1,0,1367.2
1139,53,54.76,month-to-month,fiber,0,0,2656.81
1140,39,93.02,one_year,fiber,3,0,3332.01
1141,63,44.05,one_year,none,2,0,2519.02
1142,25,49.04,one_year,fiber,1,0,1242.53
1143,67,69.23,two_year,fiber,2,1,3984.46
1144,60,72.81,one_year,fiber,1,0,4027.36
1145,24,74.93,two_year,fiber,1,0,1784.54
1146,35,83.22,one_year,dsl,1,0,2712.74
1147,38,68.97,month-to-month,fiber,0,1,2303.25
1148,55,74.79,one_year,none,1,0,3998.97
1149,49,59.82,month-to-month,fiber,0,1,2797.88
1150,61,66.25,two_year,dsl,2,1,4228.63
1151,27,67.15,two_year,fiber,3,0,1812.52
1152,36,69.3,month-to-month,fiber,1,1,2612.64
1153,31,80.45,month-to-month,dsl,0,0,2212.81
1154,65,76.1,month-to-month,fiber,1,0,4957.97
1155,22,65.88,month-to-month,fiber,0,0,1391.86
1156,42,48.82,month-to-month,none,2,0,2035.07
1157,9,66.35,one_year,dsl,4,1,563.42
1158,61,64.44,one_year,dsl,0,0,3508.19
1159,28,68.86,two_year,fiber,2,0,1656.5
1160,25,109.13,month-to-month,dsl,2,1,2776.42
1161,42,54.52,month-to-month,fiber,1,0,2319.52
1162,36,73.45,month-to-month,fiber,0,0,2333.53
1163,61,86.37,two_year,dsl,2,0,5158.12
1164,38,66.96,month-to-month,fiber,0,0,2538.24
1165,37,111.76,month-to-month,none,1,1,3976.02
1166,8,57.44,month-to-month,fiber,1,0,419.75
1167,2,71.48,two_year,fiber,2,1,146.7
1168,29,49.02,month-to-month,fiber,1,0,1391.0
1169,71,57.97,one_year,dsl,3,0,4091.35
1170,66,69.98,one_year,dsl,3,0,4528.26
1171,45,81.93,one_year,fiber,0,0,3665.68
1172,45,71.38,month-to-month,fiber,2,0,2823.48
1173,28,90.18,month-to-month,dsl,1,1,2612.2
1174,13,63.1,month-to-month,dsl,1,0,744.15
1175,1,58.36,month-to-month,none,5,0,59.37
1176,25,119.08,one_year,dsl,3,0,3062.37
1177,23,72.88,month-to-month,fiber,0,0,1643.13
1178,14,50.61,month-to-month,fiber,2,0,687.04
1179,19,51.11,month-to-month,fiber,1,1,846.61
1180,2,46.15,one_year,dsl,0,1,86.51
1181,44,83.73,month-to-month,dsl,1,0,3582.18
1182,66,57.71,one_year,fiber,0,0,3299.9
1183,50,67.55,month-to-month,fiber,0,0,2946.17
1184,32,63.73,two_year,dsl,2,0,2138.67
1185,30,79.63,one_year,fiber,0,1,2189.3
1186,22,48.07,month-to-month,fiber,1,1,972.88
1187,11,43.49,month-to-month,dsl,1,0,430.7
1188,43,69.49,month-to-month,fiber,1,1,2925.93
1189,41,77.02,month-to-month,dsl,1,0,2982.92
1190,1,71.65,month-to-month,fiber,0,0,72.23
1191,30,48.81,two_year,dsl,0,0,1394.74
1192,20,78.55,one_year,fiber,0,0,1340.19
1193,13,50.12,month-to-month,dsl,0,0,616.73
1194,50,54.57,one_year,fiber,1,0,2349.34
1195,38,46.12,month-to-month,fiber,1,0,1779.47
1196,45,91.02,two_year,none,4,0,3574.62
1197,51,77.67,month-to-month,fiber,2,1,3538.87
1198,70,77.1,one_year,none,0,0,5083.94
1199,57,89.94,one_year,dsl,1,1,4557.72
1200,45,121.25,month-to-month,fiber,0,0,5226.24
1201,63,30.82,month-to-month,dsl,1,0,1829.31
1202,34,50.23,month-to-month,fiber,3,0,1776.99
1203,70,52.68,two_year,fiber,2,0,3199.64
1204,55,47.98,month-to-month,none,0,0,2547.45
1205,47,43.45,one_year,fiber,2,0,2030.06
1206,65,59.01,one_year,fiber,2,0,3358.21
1207,37,40.67,two_year,dsl,0,0,1470.62
1208,52,71.7,month-to-month,dsl,1,1,3813.59
1209,21,66.03,month-to-month,fiber,0,0,1397.05
1210,69,74.62,one_year,dsl,2,0,5339.46
1211,45,75.15,month-to-month,dsl,1,0,3361.86
1212,56,77.06,two_year,none,3,0,4008.1
1213,33,57.53,month-to-month,none,2,0,1963.21
1214,62,107.42,month-to-month,fiber,2,1,5961.21
1215,6,69.69,two_year,fiber,0,0,404.23
1216,9,27.75,month-to-month,none,1,0,250.53
1217,37,44.95,month-to-month,dsl,2,0,1703.82
1218,53,30.19,month-to-month,fiber,0,0,1653.37
1219,58,65.35,month-to-month,fiber,1,0,3286.17
1220,32,62.56,two_year,none,1,1,1992.33
1221,47,55.63,month-to-month,none,1,0,2329.15
1222,40,105.22,month-to-month,fiber,0,0,4233.31
1223,69,75.98,month-to-month,dsl,2,1,5190.92
1224,47,79.52,two_year,fiber,1,0,3312.38
1225,30,46.38,month-to-month,dsl,3,1,1414.45
1226,69,45.02,two_year,none,0,1,2927.32
1227,8,65.74,two_year,dsl,3,0,504.24
1228,70,68.46,month-to-month,dsl,2,0,5004.4
1229,11,27.87,two_year,fiber,2,0,300.84
1230,21,61.39,one_year,fiber,1,0,1247.57
1231,59,65.28,month-to-month,none,1,0,3286.7
1232,53,60.7,month-to-month,dsl,0,0,2862.71
1233,69,48.73,two_year,none,0,1,2875.88
1234,54,54.21,one_year,dsl,0,0,2683.38
1235,46,61.46,one_year,dsl,0,0,2597.88
1236,25,66.82,two_year,fiber,1,0,1597.11
1237,1,77.1,month-to-month,dsl,0,0,76.17
1238,9,86.62,two_year,fiber,0,0,690.61
1239,22,59.11,two_year,dsl,1,0,1261.84
1240,3,55.88,month-to-month,dsl,3,0,173.24
1241,37,73.75,month-to-month,fiber,2,0,2420.41
1242,56,77.22,month-to-month,dsl,2,0,4245.69
1243,69,56.32,two_year,fiber,1,0,3338.6
1244,35,80.81,month-to-month,fiber,0,0,2704.55
1245,63,84.59,one_year,dsl,1,1,5320.15
1246,70,90.83,month-to-month,fiber,0,0,5447.67
1247,62,100.57,month-to-month,dsl,0,0,5716.14
1248,34,47.67,one_year,fiber,2,0,1662.26
1249,24,65.28,month-to-month,dsl,2,0,1402.36
1250,70,65.23,two_year,none,1,0,4541.33
1251,18,63.04,month-to-month,fiber,2,1,1103.46
1252,30,52.01,two_year,fiber,2,0,1377.34
1253,6,35.29,month-to-month,none,3,0,211.39
1254,57,66.85,two_year,dsl,0,1,3644.38
1255,47,49.63,one_year,none,3,0,2034.98
1256,7,66.72,month-to-month,fiber,0,0,485.66
1257,16,49.12,month-to-month,none,0,0,745.36
1258,40,43.01,month-to-month,none,1,1,1718.71
1259,39,69.69,one_year,none,2,0,2428.56
1260,57,68.02,two_year,dsl,1,0,3401.94
1261,19,76.59,month-to-month,fiber,0,1,1452.68
1262,66,108.72,month-to-month,none,1,1,7066.2
1263,32,70.55,one_year,fiber,0,1,2042.73
1264,59,74.7,month-to-month,dsl,0,0,4404.02
1265,17,43.45,one_year,none,0,1,702.46
1266,3,39.26,month-to-month,dsl,2,1,108.32
1267,4,96.66,one_year,fiber,1,0,389.49
1268,27,46.53,two_year,fiber,1,1,1222.84
1269,68,44.12,month-to-month,dsl,1,0,2854.51
1270,4,64.22,month-to-month,fiber,1,0,258.07
1271,27,63.2,month-to-month,dsl,1,0,1636.38
1272,8,46.95,one_year,fiber,1,1,389.76
1273,67,58.9,month-to-month,none,2,0,4000.01
1274,48,89.59,two_year,dsl,0,1,3963.34
1275,55,48.88,one_year,fiber,1,0,2535.12
1276,51,37.13,month-to-month,dsl,1,0,1972.15
1277,47,83.85,one_year,none,1,0,4055.4
1278,55,74.85,month-to-month,none,0,1,3656.65
1279,1,52.59,two_year,dsl,1,0,47.59
1280,62,33.36,month-to-month,fiber,0,0,1908.82
1281,53,50.11,one_year,fiber,3,0,2724.8
1282,53,63.91,two_year,fiber,2,1,3507.42
1283,28,88.31,one_year,fiber,0,1,2498.56
1284,57,44.27,two_year,fiber,3,0,2284.03
1285,28,63.31,month-to-month,fiber,3,0,1821.27
1286,4,78.5,two_year,dsl,0,0,268.96
1287,65,20.0,one_year,fiber,2,0,1214.93
1288,17,85.68,one_year,none,3,1,1348.08
1289,8,41.35,month-to-month,dsl,1,0,316.59
1290,45,71.64,month-to-month,fiber,2,0,3101.71
1291,17,69.93,one_year,dsl,1,0,1064.08
1292,61,86.69,month-to-month,none,1,0,4711.22
1293,32,76.02,one_year,fiber,0,0,2458.7
1294,1,20.0,two_year,fiber,1,0,17.3
1295,68,49.3,two_year,dsl,2,0,3180.28
1296,37,67.76,month-to-month,fiber,0,0,2227.15
1297,19,61.1,two_year,none,2,0,1060.96
1298,49,74.55,month-to-month,fiber,2,0,3307.6
1299,38,80.79,month-to-month,fiber,2,0,3044.55
1300,3,77.17,two_year,fiber,1,1,217.9
1301,54,60.71,month-to-month,fiber,0,0,2982.92
1302,29,28.07,month-to-month,fiber,0,0,827.27
1303,50,55.89,month-to-month,dsl,3,0,2423.28
1304,64,73.33,month-to-month,dsl,2,0,4708.48
1305,44,43.19,two_year,fiber,0,0,1709.68
1306,48,77.63,month-to-month,none,1,0,3851.46
1307,19,83.17,month-to-month,none,2,1,1344.95
1308,17,67.54,one_year,none,3,0,1103.78
1309,30,20.0,month-to-month,fiber,2,1,584.67
1310,61,39.44,one_year,dsl,1,0,2322.74
1311,38,102.72,two_year,fiber,1,0,3954.12
1312,25,54.07,one_year,none,0,0,1179.31
1313,56,25.32,two_year,fiber,1,0,1323.08
1314,61,89.7,month-to-month,fiber,0,0,5596.17
1315,65,65.27,two_year,fiber,1,1,4360.27
1316,22,87.1,month-to-month,fiber,0,1,1819.76
1317,51,70.54,month-to-month,none,2,0,3459.37
1318,42,74.17,one_year,fiber,2,0,3123.81
1319,32,72.26,month-to-month,fiber,0,0,2326.01
1320,29,78.95,two_year,dsl,2,0,2352.78
1321,9,110.55,one_year,fiber,0,0,1013.63
1322,20,84.42,two_year,dsl,0,0,1575.08
1323,40,33.39,month-to-month,none,0,0,1308.82
1324,63,73.93,month-to-month,fiber,4,1,4409.09
1325,62,87.83,one_year,fiber,1,0,4757.11
1326,14,89.05,month-to-month,dsl,1,0,1264.57
1327,49,56.47,month-to-month,fiber,1,0,2685.0
1328,7,88.3,one_year,fiber,0,1,532.56
1329,48,83.55,two_year,dsl,1,0,3951.74
1330,25,116.45,one_year,none,1,0,2639.4
1331,32,50.0,month-to-month,fiber,1,0,1382.16
1332,51,54.85,month-to-month,fiber,2,0,2717.12
1333,31,58.88,one_year,dsl,0,0,1818.79
1334,58,55.2,month-to-month,fiber,1,1,3052.59
1335,38,47.2,month-to-month,fiber,2,1,1526.59
1336,71,20.0,month-to-month,none,1,1,1370.83
1337,46,56.31,month-to-month,dsl,1,0,2205.14
1338,22,72.39,month-to-month,none,0,0,1648.77
1339,56,55.14,month-to-month,fiber,1,0,2789.74
1340,29,103.71,one_year,dsl,2,0,3080.38
1341,38,65.27,month-to-month,dsl,1,0,2114.23
1342,10,90.82,one_year,dsl,0,0,789.63
1343,9,70.23,month-to-month,none,2,0,594.32
1344,41,81.53,two_year,dsl,0,1,3348.48
1345,14,70.58,month-to-month,fiber,1,1,1026.17
1346,71,92.38,month-to-month,fiber,3,0,6258.7
1347,61,66.12,month-to-month,none,1,0,3715.06
1348,50,74.92,month-to-month,fiber,4,0,3217.48
1349,53,72.33,month-to-month,fiber,1,0,3706.0
1350,43,59.23,two_year,dsl,2,0,2358.44
1351,5,73.1,two_year,none,1,1,377.13
1352,28,109.69,month-to-month,dsl,1,0,2905.51
1353,36,59.59,month-to-month,dsl,2,1,2151.87
1354,65,73.39,one_year,none,0,1,4864.05
1355,16,90.16,one_year,dsl,1,0,1254.53
1356,36,87.81,month-to-month,dsl,1,1,2965.7
1357,25,65.23,one_year,fiber,0,0,1677.62
1358,10,20.0,month-to-month,dsl,1,0,186.98
1359,8,75.33,one_year,dsl,4,0,580.36
1360,26,20.61,month-to-month,fiber,2,0,549.05
1361,6,94.4,month-to-month,fiber,1,0,507.79
1362,5,68.39,month-to-month,fiber,0,0,351.84
1363,25,84.99,one_year,dsl,2,0,1974.75
1364,15,46.96,month-to-month,fiber,1,1,682.29
1365,40,33.95,one_year,none,2,0,1243.4
1366,2,70.22,one_year,dsl,2,1,134.18
1367,22,64.33,one_year,dsl,0,1,1216.92
1368,33,55.17,month-to-month,dsl,0,0,1571.28
1369,69,66.69,month-to-month,fiber,4,0,4293.05
1370,46,120.35,month-to-month,dsl,0,1,5076.55
1371,63,81.69,one_year,fiber,2,0,5008.33
1372,25,85.99,two_year,none,0,0,1843.59
1373,32,81.88,month-to-month,dsl,3,0,2315.0
1374,30,94.59,two_year,fiber,1,0,2531.0
1375,64,61.2,month-to-month,dsl,0,1,3674.34
1376,69,23.9,month-to-month,dsl,5,0,1483.15
1377,69,61.23,month-to-month,fiber,2,0,3707.46
1378,54,81.23,one_year,fiber,1,0,4252.7
1379,36,45.6,month-to-month,none,0,1,1639.59
1380,39,61.47,month-to-month,fiber,1,0,2366.29
1381,70,51.16,one_year,dsl,0,0,3241.83
1382,21,95.04,month-to-month,fiber,2,1,2037.53
1383,25,79.99,month-to-month,dsl,1,0,1944.49
1384,64,78.03,month-to-month,none,0,0,4858.75
1385,28,77.43,month-to-month,fiber,0,0,1935.13
1386,17,64.26,month-to-month,dsl,0,1,981.48
1387,40,68.95,month-to-month,fiber,0,0,2606.17
1388,24,41.3,one_year,fiber,0,0,889.67
1389,64,21.27,month-to-month,fiber,1,1,1344.42
1390,65,68.0,one_year,dsl,1,0,4029.76
1391,22,71.48,month-to-month,dsl,2,0,1384.46
1392,38,89.19,month-to-month,dsl,2,0,2983.61
1393,70,96.43,month-to-month,fiber,0,1,5909.35
1394,53,96.4,month-to-month,fiber,2,0,4792.17
1395,16,45.04,month-to-month,dsl,0,0,612.98
1396,42,57.95,month-to-month,fiber,0,0,2332.83
1397,45,74.61,two_year,fiber,1,0,3054.14
1398,47,115.64,two_year,dsl,0,1,5220.37
1399,2,94.6,month-to-month,none,2,0,196.22
1400,22,87.39,one_year,fiber,0,0,1968.36
1401,61,57.24,one_year,fiber,1,1,3370.43
1402,18,47.34,two_year,fiber,2,0,795.55
1403,22,80.78,month-to-month,dsl,1,0,1758.81
1404,23,42.99,month-to-month,none,1,1,1023.01
1405,13,60.23,month-to-month,fiber,1,0,742.2
1406,12,62.7,month-to-month,fiber,1,0,654.48
1407,25,96.86,month-to-month,none,1,0,2429.29
1408,63,57.91,two_year,none,1,0,3108.73
1409,1,20.0,two_year,none,4,0,20.06
1410,21,75.09,month-to-month,dsl,1,0,1367.14
1411,5,51.02,month-to-month,dsl,1,0,222.27
1412,40,65.85,month-to-month,fiber,0,1,2650.7
1413,18,63.27,month-to-month,fiber,1,1,1125.08
1414,57,59.53,one_year,fiber,1,0,3265.56
1415,42,80.81,month-to-month,fiber,3,0,3441.93
1416,56,34.34,two_year,dsl,0,1,1962.03
1417,46,54.66,two_year,dsl,0,0,2367.28
1418,32,78.68,one_year,fiber,0,0,2641.78
1419,62,52.72,one_year,dsl,1,1,3012.1
1420,34,32.82,month-to-month,fiber,0,0,986.77
1421,68,78.37,month-to-month,fiber,0,0,5431.45
1422,71,87.46,month-to-month,fiber,1,0,5794.32
1423,42,64.1,one_year,fiber,1,0,2759.24
1424,48,25.78,month-to-month,fiber,0,0,1066.96
1425,19,79.12,two_year,fiber,1,0,1311.18
1426,58,31.8,month-to-month,dsl,3,1,1582.6
1427,48,71.18,month-to-month,fiber,2,0,3315.51
1428,65,47.25,month-to-month,fiber,2,0,3121.54
1429,19,41.8,two_year,dsl,0,0,739.03
1430,56,56.16,month-to-month,fiber,0,1,2730.26
1431,34,61.33,month-to-month,none,1,1,1928.19
1432,14,52.12,month-to-month,dsl,1,0,671.02
1433,13,76.77,one_year,fiber,2,1,976.75
1434,40,56.08,two_year,none,1,1,2199.3
1435,23,84.6,month-to-month,none,0,0,1694.02
1436,8,70.62,two_year,fiber,3,0,527.69
1437,31,51.05,month-to-month,fiber,3,0,1548.53
1438,47,47.68,one_year,none,0,0,2020.84
1439,23,32.05,month-to-month,fiber,0,0,686.59
1440,68,70.81,month-to-month,dsl,1,0,4683.82
1441,56,57.91,one_year,dsl,1,1,3017.81
1442,37,20.0,month-to-month,fiber,0,0,633.57
1443,67,54.29,month-to-month,fiber,1,1,3253.77
1444,31,46.98,two_year,dsl,1,0,1463.98
1445,10,96.51,two_year,dsl,1,1,868.3
1446,3,30.94,month-to-month,fiber,0,0,94.08
1447,67,36.17,one_year,fiber,0,0,2286.18
1448,69,87.2,one_year,none,0,0,5683.37
1449,53,92.14,month-to-month,fiber,1,1,4903.46
1450,8,50.1,two_year,none,1,0,371.4
1451,21,52.36,month-to-month,none,1,0,987.07
1452,3,77.32,one_year,dsl,4,0,202.04
1453,4,20.0,month-to-month,fiber,1,0,78.75
1454,18,27.78,month-to-month,dsl,2,0,472.03
1455,41,59.39,month-to-month,none,3,0,2463.92
1456,5,96.0,month-to-month,dsl,0,1,451.94
1457,70,56.29,two_year,fiber,0,0,3676.15
1458,33,67.02,two_year,none,1,0,2012.1
1459,19,87.68,month-to-month,dsl,0,0,1482.48
1460,37,107.14,month-to-month,none,1,0,4027.95
1461,57,53.46,month-to-month,dsl,3,1,2648.16
1462,23,64.66,month-to-month,fiber,0,1,1532.43
1463,4,101.44,month-to-month,fiber,0,1,347.08
1464,4,34.56,two_year,fiber,2,1,131.94
1465,61,85.55,one_year,fiber,3,0,4496.65
1466,8,44.63,month-to-month,none,1,1,359.15
1467,46,67.05,month-to-month,dsl,0,0,2752.12
1468,28,60.15,one_year,fiber,3,0,1622.2
1469,56,45.84,month-to-month,none,1,0,2652.49
1470,5,45.34,month-to-month,fiber,1,1,222.13
1471,64,70.53,month-to-month,dsl,0,1,3997.82
1472,50,84.91,month-to-month,none,2,0,4285.13
1473,32,62.41,month-to-month,dsl,2,0,1873.89
1474,15,66.4,one_year,fiber,2,0,849.22
1475,70,76.42,month-to-month,fiber,2,0,5067.77
1476,22,45.57,one_year,fiber,0,0,1015.07
1477,35,79.79,month-to-month,dsl,1,1,2613.9
1478,28,81.39,two_year,dsl,0,0,2282.76
1479,17,117.07,month-to-month,fiber,1,0,1972.49
1480,30,57.48,month-to-month,dsl,3,0,1623.32
1481,11,55.84,month-to-month,fiber,2,0,561.82
1482,1,80.38,month-to-month,fiber,2,0,80.0
1483,21,81.38,month-to-month,fiber,1,0,1578.73
1484,8,54.3,one_year,dsl,0,0,384.02
1485,30,56.94,month-to-month,dsl,0,0,1561.59
1486,62,75.82,month-to-month,none,0,1,4820.09
1487,12,48.45,month-to-month,fiber,2,1,527.14
1488,1,56.79,one_year,dsl,2,1,50.94
1489,8,66.79,two_year,dsl,0,0,468.43
1490,37,84.92,one_year,dsl,3,1,2705.41
1491,20,52.91,one_year,none,3,1,1106.18
1492,35,28.15,one_year,dsl,3,0,943.23
1493,3,26.67,one_year,dsl,1,0,79.68
1494,24,39.81,month-to-month,fiber,1,0,959.83
1495,30,38.74,one_year,dsl,1,0,1069.76
1496,31,61.91,one_year,dsl,2,0,1937.98
1497,40,41.22,month-to-month,none,2,0,1718.54
1498,56,50.94,one_year,fiber,3,0,2847.94
1499,34,49.52,month-to-month,dsl,1,0,1670.79
1500,60,56.19,month-to-month,fiber,0,1,3157.14
1501,38,91.45,month-to-month,dsl,2,1,3538.57
1502,19,78.24,one_year,dsl,1,0,1289.99
1503,17,65.32,two_year,fiber,0,0,1110.37
1504,23,55.78,month-to-month,fiber,0,0,1183.38
1505,43,56.34,month-to-month,fiber,0,0,2333.45
1506,18,71.55,month-to-month,none,3,0,1324.72
1507,65,76.68,month-to-month,dsl,1,1,4839.68
1508,35,46.85,two_year,none,2,0,1402.18
1509,62,65.73,month-to-month,fiber,2,0,4052.93
1510,49,24.37,month-to-month,dsl,2,1,1236.89
1511,24,69.23,month-to-month,none,0,0,1625.64
1512,17,80.24,two_year,dsl,3,0,1394.48
1513,53,59.4,month-to-month,fiber,1,0,3195.61
1514,24,101.33,one_year,fiber,0,1,2486.05
1515,18,47.38,month-to-month,dsl,2,0,783.61
1516,67,69.35,month-to-month,none,1,0,4390.12
1517,35,64.28,one_year,dsl,1,0,2293.91
1518,4,62.99,month-to-month,none,0,1,260.04
1519,36,62.71,one_year,dsl,0,0,1985.23
1520,33,67.14,month-to-month,dsl,3,0,1963.72
1521,62,81.96,one_year,fiber,1,0,4671.78
1522,51,92.55,one_year,none,0,1,4739.21
1523,14,64.95,one_year,dsl,1,0,932.03
1524,11,81.31,month-to-month,none,2,1,864.04
1525,43,50.96,one_year,dsl,0,0,1912.23
1526,4,80.32,two_year,fiber,1,1,292.61
1527,23,49.76,month-to-month,fiber,0,0,1168.98
1528,10,86.81,month-to-month,dsl,1,0,798.23
1529,2,109.21,two_year,none,1,0,190.15
1530,66,62.56,month-to-month,fiber,0,1,3759.06
1531,7,21.15,one_year,fiber,2,0,149.73
1532,1,54.04,one_year,fiber,0,1,51.27
1533,67,89.64,month-to-month,fiber,1,0,5311.09
1534,14,76.06,one_year,fiber,1,0,971.69
1535,58,69.98,one_year,none,1,0,4224.1
1536,3,85.17,month-to-month,fiber,3,0,239.26
1537,11,74.69,two_year,fiber,2,0,770.91
1538,8,89.35,month-to-month,fiber,1,0,629.46
1539,51,83.39,month-to-month,fiber,1,0,3874.0
1540,45,95.43,two_year,fiber,0,1,4349.91
1541,34,72.18,month-to-month,fiber,0,0,2471.89
1542,18,83.11,two_year,fiber,3,0,1401.88
1543,7,58.86,month-to-month,fiber,1,0,423.86
1544,41,52.97,month-to-month,none,1,0,2011.17
1545,17,99.14,month-to-month,none,1,0,1723.92
1546,42,69.32,one_year,none,2,0,2493.1
1547,49,81.1,one_year,fiber,1,0,3653.79
1548,61,67.47,two_year,fiber,2,1,4202.16
1549,36,53.27,two_year,dsl,1,0,1975.75
1550,1,65.22,one_year,fiber,0,1,65.3
1551,20,93.72,one_year,dsl,3,0,1844.36
1552,61,76.1,month-to-month,dsl,0,0,4702.92
1553,38,30.77,two_year,none,1,0,1159.33
1554,44,60.7,one_year,none,0,0,2405.97
1555,33,100.65,two_year,fiber,2,0,3132.95
1556,12,60.72,month-to-month,dsl,2,0,715.63
1557,64,28.99,month-to-month,fiber,1,0,1795.17
1558,55,102.86,one_year,fiber,0,0,5810.16
1559,71,78.65,month-to-month,none,2,0,5275.73
1560,61,63.6,month-to-month,none,2,0,3435.76
1561,21,57.57,two_year,dsl,2,0,1079.51
1562,19,86.65,month-to-month,dsl,3,0,1677.98
1563,18,54.16,month-to-month,dsl,0,0,830.35
1564,66,87.97,month-to-month,dsl,0,1,5944.35
1565,40,75.84,month-to-month,fiber,3,0,2612.29
1566,33,69.89,one_year,dsl,0,0,2141.08
1567,69,67.91,two_year,dsl,0,1,4732.81
1568,43,61.5,two_year,dsl,3,1,2463.41
1569,65,85.91,one_year,dsl,2,0,5664.95
1570,70,47.69,one_year,fiber,0,0,2904.52
1571,6,32.56,month-to-month,dsl,4,0,186.04
1572,26,77.29,two_year,none,0,1,1942.21
1573,53,77.62,month-to-month,dsl,2,1,4229.76
1574,58,74.6,month-to-month,dsl,2,0,3758.8
1575,11,73.15,two_year,dsl,2,0,738.44
1576,23,58.59,two_year,fiber,1,1,1323.14
1577,39,80.75,month-to-month,dsl,0,0,3294.07
1578,57,64.09,one_year,fiber,1,0,3724.93
1579,9,55.26,month-to-month,dsl,4,1,506.94
1580,43,58.76,month-to-month,none,0,0,2409.03
1581,22,105.41,month-to-month,dsl,1,0,2232.89
1582,16,30.3,month-to-month,fiber,2,0,495.33
1583,37,75.0,month-to-month,none,1,0,2841.39
1584,30,31.42,month-to-month,dsl,1,0,952.45
1585,46,62.84,month-to-month,dsl,1,0,2930.28
1586,23,56.33,month-to-month,none,2,0,1329.18
1587,59,23.3,two_year,dsl,0,0,1199.78
1588,6,72.78,one_year,dsl,2,0,396.74
1589,62,57.4,two_year,fiber,2,1,3719.74
1590,3,23.02,month-to-month,dsl,1,1,66.23
1591,53,81.79,one_year,none,0,1,3837.63
1592,25,93.7,two_year,fiber,1,0,2226.81
1593,28,94.8,month-to-month,fiber,2,0,2599.07
1594,2,72.18,month-to-month,dsl,1,1,146.62
1595,50,65.92,month-to-month,fiber,3,1,3336.99
1596,12,91.56,month-to-month,fiber,0,0,944.73
1597,47,98.65,month-to-month,dsl,0,0,4361.63
1598,52,87.67,month-to-month,none,2,0,3893.77
1599,61,46.17,month-to-month,fiber,1,0,2894.19
1600,51,69.03,one_year,fiber,3,0,3114.9
1601,22,73.79,month-to-month,dsl,1,0,1582.75
1602,53,28.81,month-to-month,dsl,2,0,1472.15
1603,59,74.39,one_year,fiber,2,1,4279.75
1604,23,110.46,month-to-month,fiber,1,0,2445.77
1605,9,77.8,month-to-month,fiber,5,1,695.38
1606,64,94.47,month-to-month,dsl,0,0,5896.27
1607,11,68.66,month-to-month,none,3,1,655.61
1608,43,63.54,month-to-month,dsl,0,0,2522.81
1609,17,72.63,month-to-month,dsl,0,0,1184.48
1610,9,48.68,month-to-month,fiber,1,0,400.9
1611,56,45.72,two_year,dsl,1,0,2565.61
1612,11,90.33,two_year,dsl,1,0,907.76
1613,48,92.45,month-to-month,dsl,3,0,4507.43
1614,50,45.18,month-to-month,none,2,0,1986.44
1615,5,84.36,month-to-month,dsl,1,0,423.44
1616,13,63.26,two_year,fiber,0,1,729.2
1617,57,71.8,two_year,none,2,1,3910.9
1618,37,74.2,month-to-month,fiber,0,0,2509.58
1619,9,84.89,month-to-month,fiber,3,0,746.79
1620,71,66.65,month-to-month,fiber,3,0,4223.67
1621,19,93.2,two_year,fiber,4,1,1786.88
1622,1,71.19,two_year,fiber,1,1,68.68
1623,66,77.48,month-to-month,none,1,0,5325.67
1624,2,48.33,one_year,fiber,0,0,95.92
1625,40,108.17,month-to-month,fiber,2,0,4203.4
1626,71,74.4,one_year,dsl,0,1,5366.03
1627,42,79.26,two_year,none,1,0,2975.84
1628,42,32.84,month-to-month,dsl,2,0,1346.93
1629,28,48.55,month-to-month,none,1,0,1261.63
1630,10,89.76,one_year,dsl,3,0,896.49
1631,41,70.74,month-to-month,fiber,1,0,2479.48
1632,64,26.72,two_year,none,0,0,1599.85
1633,7,85.77,month-to-month,fiber,0,1,588.59
1634,63,54.12,two_year,dsl,0,1,3212.24
1635,30,93.23,month-to-month,none,0,0,2510.48
1636,39,63.24,month-to-month,fiber,1,1,2325.46
1637,12,69.09,month-to-month,dsl,3,0,845.62
1638,45,88.58,month-to-month,fiber,1,0,3553.08
1639,13,47.05,month-to-month,fiber,1,0,564.82
1640,20,45.14,one_year,fiber,4,0,946.19
1641,52,61.07,month-to-month,dsl,4,0,3279.05
1642,4,81.54,month-to-month,fiber,1,0,279.45
1643,32,38.38,month-to-month,none,0,1,1174.2
1644,43,31.64,month-to-month,dsl,1,0,1174.24
1645,10,81.47,two_year,fiber,1,1,843.04
1646,21,52.94,two_year,fiber,3,0,1043.16
1647,25,57.16,month-to-month,none,0,0,1334.24
1648,48,27.86,one_year,fiber,1,0,1209.69
1649,70,51.42,one_year,none,3,0,3468.97
1650,60,64.85,two_year,dsl,2,0,3420.19
1651,14,83.61,month-to-month,fiber,1,1,1182.0
1652,2,49.58,month-to-month,none,1,1,94.03
1653,4,98.15,month-to-month,none,2,1,378.19
1654,43,51.31,two_year,fiber,1,0,2246.4
1655,12,51.34,one_year,fiber,0,0,546.48
1656,17,95.75,month-to-month,fiber,0,0,1440.62
1657,61,69.23,month-to-month,dsl,0,0,3944.99
1658,63,53.96,one_year,none,6,0,3424.04
1659,60,61.9,two_year,none,0,1,3200.39
1660,19,92.06,month-to-month,fiber,2,0,1764.94
1661,44,94.32,one_year,dsl,1,0,3943.2
1662,44,48.66,month-to-month,dsl,1,0,2060.44
1663,14,64.15,month-to-month,dsl,2,1,864.76
1664,40,66.8,month-to-month,fiber,0,0,2301.22
1665,38,45.28,one_year,fiber,3,0,1548.5
1666,29,63.89,two_year,dsl,2,0,1854.77
1667,54,65.11,month-to-month,fiber,1,1,3278.45
1668,49,87.8,month-to-month,none,1,0,4139.16
1669,38,89.15,month-to-month,dsl,1,0,3519.73
1670,52,58.42,month-to-month,fiber,4,0,2610.28
1671,55,60.72,month-to-month,fiber,1,1,3139.01
1672,41,78.29,month-to-month,dsl,2,0,2960.34
1673,20,53.3,month-to-month,fiber,0,0,928.8
1674,54,76.77,month-to-month,fiber,2,1,4312.06
1675,51,63.24,month-to-month,dsl,0,0,3361.64
1676,70,45.61,one_year,dsl,1,0,2912.69
1677,11,45.86,month-to-month,none,1,0,524.31
1678,30,93.94,one_year,dsl,1,1,2415.3
1679,66,61.87,two_year,fiber,2,1,4271.99
1680,37,97.81,one_year,fiber,1,0,3681.17
1681,67,54.73,month-to-month,none,0,0,3274.06
1682,1,70.82,month-to-month,fiber,0,1,68.69
1683,3,112.85,one_year,none,3,0,341.82
1684,57,43.85,month-to-month,fiber,0,0,2284.15
1685,26,27.04,month-to-month,fiber,0,0,647.32
1686,37,90.73,month-to-month,fiber,4,1,3275.75
1687,31,48.46,month-to-month,fiber,1,0,1321.12
1688,29,64.59,month-to-month,fiber,1,0,1636.43
1689,67,53.28,one_year,dsl,1,0,3212.64
1690,7,70.36,month-to-month,fiber,0,1,491.66
1691,55,45.99,month-to-month,fiber,1,0,2335.49
1692,64,61.4,two_year,dsl,2,0,3738.9
1693,47,74.0,month-to-month,dsl,0,0,3092.26
1694,29,44.83,one_year,fiber,0,0,1155.53
1695,12,51.0,month-to-month,fiber,2,0,599.82
1696,49,58.05,month-to-month,none,1,0,2479.44
1697,34,36.42,two_year,fiber,0,0,1217.93
1698,11,56.55,month-to-month,none,0,1,578.59
1699,26,67.38,month-to-month,fiber,2,0,1724.3
1700,69,57.01,two_year,dsl,2,1,3643.96
1701,19,59.57,one_year,none,0,0,1153.57
1702,13,64.6,one_year,dsl,1,0,723.16
1703,49,51.89,month-to-month,fiber,2,0,2615.48
1704,15,78.82,month-to-month,fiber,1,0,1068.48
1705,66,93.72,one_year,dsl,1,0,5310.32
1706,61,55.71,month-to-month,fiber,1,0,3270.81
1707,70,74.7,month-to-month,fiber,1,1,4679.28
1708,65,60.21,one_year,dsl,1,0,3686.03
1709,18,72.31,month-to-month,dsl,0,1,1315.2
1710,16,96.32,month-to-month,dsl,3,0,1553.93
1711,25,75.17,month-to-month,dsl,1,0,1823.02
1712,34,29.53,month-to-month,fiber,2,0,1049.78
1713,63,74.08,one_year,fiber,2,0,4399.85
1714,53,89.66,two_year,fiber,1,0,4076.62
1715,46,60.57,month-to-month,fiber,2,0,2824.91
1716,63,84.91,month-to-month,dsl,2,0,4783.69
1717,46,51.2,month-to-month,dsl,1,1,2084.94
1718,27,35.29,month-to-month,fiber,1,0,823.25
1719,30,67.82,month-to-month,none,0,1,1862.84
1720,37,29.87,two_year,fiber,1,0,1011.51
1721,7,60.2,month-to-month,dsl,0,0,383.71
1722,53,90.74,month-to-month,fiber,0,0,4658.4
1723,47,26.8,two_year,none,3,0,1259.99
1724,52,39.41,month-to-month,fiber,1,1,2126.28
1725,38,44.36,two_year,dsl,2,1,1464.54
1726,56,63.73,month-to-month,dsl,1,0,3140.89
1727,68,57.69,month-to-month,fiber,1,0,3797.26
1728,41,92.98,two_year,none,4,1,3315.18
1729,32,84.09,month-to-month,fiber,2,0,2486.78
1730,8,74.91,month-to-month,dsl,0,0,584.24
1731,56,67.91,month-to-month,fiber,0,0,3826.19
1732,65,72.86,one_year,none,0,0,4231.62
1733,50,47.76,one_year,fiber,2,0,2348.83
1734,62,82.14,month-to-month,none,1,0,4986.62
1735,62,42.76,one_year,fiber,1,1,2709.24
1736,57,81.71,one_year,dsl,0,0,4251.1
1737,36,88.72,month-to-month,fiber,0,1,3193.98
1738,8,69.22,month-to-month,fiber,1,0,553.98
1739,1,61.48,month-to-month,none,1,1,55.2
1740,15,73.01,month-to-month,fiber,0,0,1066.93
1741,31,20.0,month-to-month,fiber,1,0,610.72
1742,53,71.05,month-to-month,fiber,4,1,3407.48
1743,33,62.73,month-to-month,fiber,3,0,1946.63
1744,2,63.99,month-to-month,fiber,2,1,119.94
1745,15,79.13,one_year,fiber,2,0,1192.53
1746,70,63.5,month-to-month,fiber,1,0,3778.86
1747,71,42.2,two_year,fiber,0,0,2847.01
1748,27,62.17,two_year,fiber,3,0,1488.69
1749,58,66.35,one_year,dsl,0,0,3768.9
1750,52,67.3,two_year,fiber,2,0,3450.86
1751,67,68.24,two_year,fiber,1,0,4344.51
1752,64,85.79,month-to-month,fiber,2,0,5262.19
1753,45,43.28,one_year,fiber,3,0,1778.18
1754,29,68.51,month-to-month,fiber,5,0,1813.27
1755,45,90.8,one_year,none,0,0,4082.01
1756,23,30.31,month-to-month,fiber,2,0,610.93
1757,25,68.59,month-to-month,dsl,5,1,1722.12
1758,44,53.29,month-to-month,fiber,1,0,2300.22
1759,41,57.59,two_year,fiber,0,0,2424.69
1760,42,46.9,month-to-month,fiber,3,0,1776.82
1761,28,61.61,month-to-month,fiber,2,0,1640.96
1762,30,101.83,month-to-month,fiber,1,1,2620.49
1763,1,39.71,month-to-month,dsl,3,1,41.0
1764,43,41.61,two_year,fiber,0,0,1762.53
1765,41,38.96,one_year,dsl,1,0,1556.75
1766,67,99.55,month-to-month,fiber,2,0,6646.76
1767,36,55.75,month-to-month,fiber,0,0,1820.08
1768,34,64.49,month-to-month,fiber,0,0,2128.57
1769,5,56.94,month-to-month,fiber,0,1,287.6
1770,14,46.11,two_year,none,1,1,560.37
1771,25,60.3,one_year,fiber,0,0,1570.46
1772,27,114.16,month-to-month,fiber,1,0,3169.79
1773,26,92.84,one_year,none,3,1,2516.68
1774,28,47.94,month-to-month,fiber,0,1,1357.98
1775,55,77.95,one_year,fiber,2,0,3896.52
1776,10,48.37,month-to-month,dsl,4,1,467.4
1777,24,29.47,one_year,dsl,3,0,618.19
1778,12,85.39,month-to-month,dsl,2,1,1025.53
1779,22,88.2,two_year,dsl,3,0,1708.96
1780,49,85.92,month-to-month,fiber,0,0,4308.45
1781,4,55.6,month-to-month,dsl,2,0,199.74
1782,25,61.66,month-to-month,fiber,1,0,1359.73
1783,2,80.0,month-to-month,dsl,1,1,138.27
1784,68,72.83,month-to-month,dsl,3,0,4914.17
1785,52,57.13,one_year,none,1,0,2635.78
1786,18,32.62,one_year,fiber,3,0,522.3
1787,15,67.28,month-to-month,none,0,1,892.07
1788,8,86.58,one_year,fiber,4,0,631.11
1789,34,41.05,one_year,dsl,1,0,1449.07
1790,54,77.78,month-to-month,fiber,2,0,3978.88
1791,42,71.63,month-to-month,fiber,1,0,2714.16
1792,63,80.0,month-to-month,dsl,3,0,4455.75
1793,25,82.44,month-to-month,none,1,0,1759.64
1794,20,51.11,one_year,fiber,0,0,943.49
1795,34,32.66,two_year,fiber,2,0,968.32
1796,15,54.33,one_year,fiber,1,0,697.11
1797,70,82.78,month-to-month,fiber,0,1,5044.76
1798,14,54.16,one_year,dsl,0,0,692.81
1799,34,51.12,one_year,none,1,0,1738.38
1800,38,28.57,month-to-month,fiber,1,1,937.36
1801,5,100.05,two_year,dsl,0,1,493.11
1802,34,81.51,month-to-month,dsl,0,0,2699.59
1803,33,80.4,month-to-month,fiber,0,1,2723.24
1804,19,84.35,month-to-month,none,2,0,1421.23
1805,10,76.53,month-to-month,none,1,1,772.08
1806,4,60.11,two_year,fiber,1,1,245.96
1807,1,61.72,month-to-month,none,1,0,64.52
1808,35,56.45,month-to-month,fiber,2,0,1998.89
1809,7,117.69,month-to-month,dsl,1,0,720.65
1810,69,76.12,month-to-month,fiber,3,1,5459.36
1811,18,55.72,month-to-month,dsl,1,0,1016.0
1812,47,74.31,month-to-month,dsl,4,1,3117.0
1813,48,44.78,one_year,fiber,1,0,1898.04
1814,36,95.09,month-to-month,dsl,1,1,3550.87
1815,63,51.78,one_year,none,0,1,2874.4
1816,8,75.02,month-to-month,none,1,0,603.41
1817,17,86.32,one_year,fiber,1,1,1366.26
1818,18,72.7,two_year,fiber,2,1,1301.74
1819,10,66.89,month-to-month,fiber,3,0,580.85
1820,21,65.22,month-to-month,dsl,2,0,1362.79
1821,23,63.87,two_year,dsl,1,0,1399.06
1822,55,53.47,month-to-month,dsl,1,0,3029.3
1823,22,56.01,one_year,dsl,1,0,1093.82
1824,63,94.59,month-to-month,dsl,1,0,5195.63
1825,55,62.83,month-to-month,dsl,1,0,3072.92
1826,65,49.28,month-to-month,dsl,3,0,2773.06
1827,8,54.67,two_year,none,0,0,457.49
1828,70,87.01,month-to-month,dsl,1,0,5326.75
1829,44,78.51,one_year,dsl,1,1,3075.04
1830,70,76.21,one_year,fiber,0,1,5398.38
1831,26,59.85,month-to-month,fiber,1,1,1399.48
1832,68,76.47,month-to-month,fiber,0,0,4651.15
1833,42,52.13,month-to-month,dsl,0,0,2155.44
1834,6,59.81,month-to-month,fiber,5,1,333.65
1835,30,84.4,one_year,fiber,0,0,2575.29
1836,10,82.49,month-to-month,fiber,1,0,806.47
1837,67,45.36,month-to-month,fiber,1,0,2758.44
1838,22,47.89,one_year,fiber,0,0,1021.54
1839,16,67.17,one_year,fiber,1,0,1099.75
1840,40,99.52,month-to-month,dsl,0,0,3673.87
1841,31,26.69,one_year,fiber,0,1,825.15
1842,7,70.57,month-to-month,dsl,1,0,460.97
1843,58,37.48,one_year,dsl,0,0,2083.87
1844,61,52.31,month-to-month,fiber,0,0,3180.51
1845,53,57.71,month-to-month,dsl,1,0,2636.86
1846,44,56.59,month-to-month,dsl,0,1,2343.03
1847,29,54.32,one_year,fiber,2,0,1368.99
1848,39,65.14,one_year,fiber,0,0,2527.76
1849,37,54.29,month-to-month,none,0,0,1951.6
1850,12,35.75,two_year,none,1,1,392.7
1851,6,80.6,two_year,none,3,1,418.44
1852,18,80.06,month-to-month,fiber,3,0,1491.75
1853,33,81.86,one_year,dsl,4,0,2466.36
1854,12,34.19,month-to-month,fiber,1,1,371.33
1855,8,70.98,two_year,fiber,2,0,494.13
1856,61,78.52,month-to-month,fiber,0,0,4624.33
1857,27,44.38,month-to-month,dsl,2,0,1082.19
1858,42,65.18,month-to-month,dsl,2,0,2788.4
1859,38,62.67,month-to-month,dsl,0,0,2349.44
1860,53,101.84,one_year,dsl,1,0,4592.12
1861,53,103.49,month-to-month,dsl,0,0,5282.77
1862,22,31.71,month-to-month,none,2,0,625.32
1863,61,114.88,month-to-month,dsl,1,0,5978.07
1864,27,46.7,two_year,fiber,0,0,1227.96
1865,60,84.61,one_year,none,0,1,4523.16
1866,29,84.41,month-to-month,fiber,0,0,2521.15
1867,8,45.09,month-to-month,fiber,1,0,347.98
1868,54,74.87,month-to-month,fiber,1,0,3605.68
1869,3,62.85,two_year,dsl,0,0,197.19
1870,55,76.09,one_year,fiber,0,0,4014.57
1871,4,69.61,one_year,none,2,1,245.89
1872,15,88.93,two_year,fiber,0,0,1271.85
1873,43,66.51,month-to-month,none,2,1,2979.67
1874,67,61.64,one_year,none,0,1,3860.79
1875,30,86.92,month-to-month,fiber,0,1,2438.29
1876,9,76.61,month-to-month,fiber,0,0,649.65
1877,17,79.64,month-to-month,fiber,2,0,1226.64
1878,64,51.71,month-to-month,fiber,1,1,2920.11
1879,52,44.09,two_year,fiber,1,1,2214.24
1880,8,53.65,month-to-month,fiber,1,1,441.58
1881,28,52.58,two_year,none,0,1,1468.04
1882,19,80.72,one_year,dsl,0,1,1333.13
1883,13,84.52,one_year,fiber,3,0,1022.03
1884,61,61.9,two_year,dsl,1,0,3213.51
1885,44,93.62,month-to-month,fiber,3,0,3755.09
1886,13,92.37,month-to-month,fiber,2,0,1181.45
1887,47,69.87,month-to-month,fiber,1,0,2981.93
1888,30,48.56,month-to-month,fiber,2,0,1483.19
1889,5,96.51,two_year,fiber,1,1,456.24
1890,32,63.78,month-to-month,dsl,1,0,2007.97
1891,14,67.52,month-to-month,dsl,1,1,970.59
1892,18,58.21,month-to-month,dsl,1,0,1033.7
1893,63,47.2,month-to-month,none,0,0,3061.22
1894,51,35.63,one_year,dsl,1,0,1838.23
1895,10,77.66,month-to-month,none,0,0,748.19
1896,61,49.33,one_year,dsl,1,0,2736.64
1897,41,126.19,one_year,fiber,0,0,4706.23
1898,63,43.28,one_year,fiber,2,0,2794.99
1899,54,39.85,month-to-month,fiber,0,0,1852.31
1900,25,75.2,one_year,fiber,0,0,1951.98
1901,38,95.59,month-to-month,fiber,0,0,3325.16
1902,38,66.29,month-to-month,none,2,1,2513.41
1903,52,76.44,one_year,fiber,0,1,3641.01
1904,18,28.13,one_year,dsl,1,0,526.93
1905,24,51.45,month-to-month,dsl,1,1,1058.59
1906,18,43.53,two_year,fiber,0,1,721.38
1907,22,27.1,month-to-month,fiber,1,1,610.21
1908,12,67.34,one_year,fiber,0,0,731.16
1909,3,20.14,two_year,fiber,1,0,54.69
1910,67,38.56,month-to-month,fiber,0,0,2660.38
1911,6,54.26,two_year,fiber,2,0,330.81
1912,64,48.37,one_year,fiber,1,0,2696.81
1913,1,72.93,one_year,fiber,3,1,70.45
1914,56,71.11,one_year,fiber,2,0,3562.76
1915,24,82.88,one_year,none,1,1,1776.34
1916,37,80.05,month-to-month,fiber,4,0,2882.12
1917,21,87.82,one_year,none,5,1,1613.27
1918,35,64.96,month-to-month,dsl,0,1,2146.18
1919,33,71.07,two_year,fiber,1,1,2113.51
1920,38,75.23,month-to-month,fiber,0,1,2918.16
1921,28,67.83,month-to-month,fiber,1,0,1824.98
1922,39,57.06,two_year,dsl,1,0,1987.28
1923,59,58.35,month-to-month,fiber,0,1,3564.15
1924,31,48.65,month-to-month,fiber,0,0,1530.14
1925,26,73.43,one_year,none,1,0,1724.1
1926,10,63.12,month-to-month,fiber,1,0,657.84
1927,26,51.74,month-to-month,dsl,1,0,1215.49
1928,9,51.76,month-to-month,fiber,2,0,423.23
1929,13,40.79,month-to-month,fiber,1,0,491.66
1930,68,84.58,month-to-month,dsl,0,0,5078.3
1931,7,66.57,month-to-month,fiber,4,0,460.12
1932,35,47.74,month-to-month,fiber,1,0,1606.52
1933,60,81.17,month-to-month,dsl,0,0,5010.91
1934,68,53.79,month-to-month,fiber,0,0,3285.27
1935,11,36.87,one_year,fiber,1,0,358.54
1936,12,85.42,one_year,fiber,0,0,944.8
1937,27,54.26,month-to-month,fiber,1,0,1288.08
1938,40,56.82,month-to-month,dsl,1,1,2361.96
1939,69,65.82,two_year,none,2,0,4512.01
1940,15,87.85,one_year,fiber,0,1,1329.92
1941,12,65.4,month-to-month,dsl,2,0,784.49
1942,18,41.02,month-to-month,none,1,0,663.46
1943,63,75.88,month-to-month,dsl,0,0,4197.85
1944,3,55.3,two_year,fiber,1,0,155.26
1945,27,102.76,two_year,fiber,2,0,2818.37
1946,9,64.98,two_year,none,0,0,535.76
1947,12,20.3,month-to-month,none,3,0,207.53
1948,66,72.15,month-to-month,dsl,2,0,4676.24
1949,1,103.89,month-to-month,fiber,3,1,92.46
1950,23,96.52,month-to-month,dsl,1,1,2127.98
1951,65,101.62,month-to-month,fiber,1,0,5634.16
1952,44,44.6,one_year,fiber,0,0,1867.75
1953,6,83.24,month-to-month,dsl,1,0,463.84
1954,34,50.56,two_year,dsl,1,1,1763.88
1955,69,69.49,month-to-month,dsl,1,0,4767.78
1956,29,39.54,month-to-month,dsl,1,0,982.92
1957,38,52.11,two_year,dsl,1,1,1995.83
1958,38,51.48,one_year,none,0,1,1972.37
1959,47,82.97,month-to-month,fiber,1,0,3832.06
1960,14,81.01,one_year,fiber,0,0,1174.81
1961,60,70.54,month-to-month,none,1,0,4277.48
1962,71,37.99,month-to-month,fiber,1,1,2410.78
1963,11,58.77,month-to-month,fiber,4,0,598.83
1964,59,50.08,month-to-month,none,3,0,2718.3
1965,59,82.39,one_year,fiber,0,0,4622.73
1966,53,88.56,month-to-month,fiber,1,0,4884.91
1967,27,86.13,one_year,none,1,0,2263.0
1968,34,49.9,one_year,fiber,1,1,1548.3
1969,60,20.0,month-to-month,fiber,0,0,1245.96
1970,11,29.66,month-to-month,none,0,0,323.02
1971,59,93.43,month-to-month,fiber,4,1,4978.86
1972,66,56.97,one_year,none,3,0,3877.72
1973,49,49.99,one_year,dsl,0,0,2250.71
1974,25,97.85,one_year,dsl,1,1,2331.87
1975,40,90.3,month-to-month,fiber,0,0,3416.39
1976,4,65.49,month-to-month,dsl,2,1,271.06
1977,67,59.13,month-to-month,none,0,0,3577.95
1978,25,62.36,month-to-month,dsl,1,0,1429.08
1979,5,69.54,one_year,fiber,0,1,341.45
1980,57,97.0,month-to-month,dsl,3,0,5680.07
1981,47,73.45,month-to-month,none,1,0,3013.65
1982,45,79.52,month-to-month,fiber,2,0,3191.85
1983,4,88.39,month-to-month,dsl,0,1,367.56
1984,54,41.61,one_year,dsl,0,0,2259.21
1985,46,80.1,month-to-month,fiber,0,1,3386.94
1986,57,59.11,two_year,none,0,0,3104.87
1987,59,20.0,two_year,none,0,0,1113.81
1988,16,22.44,two_year,dsl,1,0,353.57
1989,15,44.64,one_year,fiber,4,0,644.29
1990,66,75.62,one_year,dsl,0,0,5016.99
1991,38,67.28,one_year,fiber,1,0,2200.84
1992,32,68.69,month-to-month,fiber,0,0,2228.43
1993,21,104.02,month-to-month,dsl,0,0,1882.12
1994,46,39.62,one_year,fiber,1,0,1870.26
1995,54,64.45,month-to-month,none,1,1,2988.36
1996,1,71.09,month-to-month,dsl,1,0,62.24
1997,40,50.27,two_year,dsl,2,0,1781.64
1998,71,65.57,month-to-month,dsl,1,0,4164.83
1999,20,33.0,month-to-month,dsl,2,0,614.03
2000,20,93.2,one_year,dsl,0,0,1828.76
