age,income,debt_ratio,num_cards,late_payments,employment_years,default
32,82041.0,0.119,1,1,12,0
41,56850.0,0.15,0,0,24,0
23,26808.0,0.397,7,1,24,0
26,46756.0,0.064,0,0,20,0
36,43238.0,0.425,1,1,18,0
25,40805.0,0.481,3,2,3,1
34,18927.0,0.417,4,0,19,1
52,70092.0,0.357,5,0,7,0
39,20150.0,0.522,0,0,2,0
28,30231.0,0.56,1,1,21,0
51,58663.0,0.462,0,0,18,0
62,30130.0,0.282,1,3,18,1
49,37784.0,0.371,1,1,25,0
36,38554.0,0.577,6,3,11,1
60,37532.0,0.089,4,1,11,0
37,38466.0,0.44,1,0,6,0
21,40415.0,0.083,0,3,2,1
53,37698.0,0.411,6,1,32,0
56,23208.0,0.486,5,0,10,0
31,16730.0,0.367,0,1,15,0
39,59818.0,0.388,4,1,31,0
21,61199.0,0.251,6,0,7,0
44,42991.0,0.166,2,1,6,0
42,42811.0,0.031,5,0,25,0
33,22981.0,0.402,3,0,12,0
46,10729.0,0.257,1,2,8,0
54,32069.0,0.446,2,1,27,0
42,14063.0,0.584,2,0,9,1
59,39823.0,0.712,0,1,0,0
43,69711.0,0.151,2,1,28,0
41,26687.0,0.57,7,1,33,1
53,27465.0,0.302,1,2,31,0
29,21962.0,0.165,0,0,4,0
62,37128.0,0.505,3,1,16,1
50,35717.0,0.169,7,0,30,0
38,21817.0,0.33,5,1,22,1
32,57313.0,0.096,4,0,10,0
59,140250.0,0.256,5,1,12,0
21,65836.0,0.305,0,3,10,0
24,34362.0,0.152,1,0,22,0
50,34157.0,0.23,6,3,22,0
44,28091.0,0.257,5,0,25,0
29,27803.0,0.195,3,4,9,0
39,58634.0,0.074,2,1,25,0
59,59925.0,0.06,1,1,15,0
43,20236.0,0.174,0,1,1,1
46,43615.0,0.195,7,0,27,0
25,63295.0,0.243,1,1,3,0
56,30483.0,0.295,6,0,0,0
27,32671.0,0.073,2,1,24,1
32,51431.0,0.602,7,1,3,1
35,52167.0,0.286,0,0,18,0
42,45005.0,0.622,4,0,11,1
34,41238.0,0.202,0,0,33,0
60,44103.0,0.138,0,1,10,0
39,31607.0,0.525,2,2,3,1
22,20767.0,0.574,5,2,4,0
43,16675.0,0.156,7,1,34,0
27,48912.0,0.249,1,1,33,0
31,38334.0,0.022,5,1,4,0
49,45604.0,0.152,6,1,11,0
51,23994.0,0.269,7,1,1,0
53,38227.0,0.634,2,0,28,0
39,37772.0,0.143,0,1,31,0
62,68837.0,0.064,7,1,24,0
23,55597.0,0.199,6,0,17,0
39,25085.0,0.352,2,1,12,0
32,46736.0,0.112,1,1,10,0
23,24998.0,0.037,4,1,24,0
48,9833.0,0.413,1,1,20,0
23,86075.0,0.32,4,2,16,0
50,30108.0,0.302,0,1,13,0
62,61067.0,0.314,7,2,25,1
60,26091.0,0.288,3,0,34,0
54,24254.0,0.211,1,1,4,0
33,27631.0,0.159,1,1,27,0
53,41205.0,0.269,5,1,15,0
48,39659.0,0.328,5,2,22,0
45,46576.0,0.038,0,2,27,0
44,28334.0,0.09,6,0,11,0
27,37057.0,0.449,7,0,7,1
62,23823.0,0.278,2,1,0,0
61,75709.0,0.119,4,1,33,0
56,18826.0,0.582,6,0,27,0
47,24077.0,0.05,7,1,25,0
27,29386.0,0.73,1,0,1,1
52,119906.0,0.019,7,2,32,0
67,53285.0,0.161,0,2,3,0
27,23700.0,0.168,4,2,10,1
38,54781.0,0.29,1,0,20,0
65,47001.0,0.193,0,0,0,0
67,41642.0,0.039,1,0,26,1
42,51426.0,0.398,1,1,32,0
34,37385.0,0.37,0,1,14,0
35,39553.0,0.343,2,1,4,0
43,16706.0,0.163,0,3,20,0
36,74723.0,0.186,3,2,27,0
47,29035.0,0.383,2,1,34,0
24,19563.0,0.285,4,2,9,0
24,28221.0,0.343,6,0,9,0
21,28795.0,0.071,1,0,2,0
56,24328.0,0.202,6,0,1,0
66,53574.0,0.388,4,1,25,0
26,59107.0,0.323,7,1,7,0
65,13635.0,0.562,3,0,10,0
29,28074.0,0.094,0,0,15,0
23,29099.0,0.462,1,1,2,1
35,33320.0,0.538,0,1,27,0
35,85234.0,0.399,6,0,19,0
68,24178.0,0.279,4,0,14,0
26,79317.0,0.349,7,0,8,0
68,33755.0,0.316,4,0,20,0
63,79687.0,0.299,7,0,25,0
44,31086.0,0.432,1,1,19,0
53,29318.0,0.413,2,0,26,0
47,35907.0,0.352,6,2,17,1
65,69295.0,0.05,6,1,4,0
31,39307.0,0.163,7,2,5,0
67,40321.0,0.246,7,0,27,0
41,49929.0,0.134,2,0,2,0
66,23392.0,0.48,5,1,15,0
69,42974.0,0.314,7,2,7,0
62,26527.0,0.214,2,0,26,0
59,75783.0,0.576,0,0,9,0
42,44772.0,0.206,4,0,26,0
55,51347.0,0.264,3,2,6,0
32,13100.0,0.348,5,0,21,0
34,51708.0,0.172,1,1,6,0
57,33231.0,0.122,3,1,16,0
58,17702.0,0.024,4,2,21,0
33,38082.0,0.354,4,0,5,0
68,16998.0,0.311,0,1,15,0
54,49292.0,0.354,0,1,24,0
69,74383.0,0.233,4,0,8,0
44,14835.0,0.054,2,0,1,0
50,35775.0,0.399,1,2,8,0
52,33442.0,0.152,6,0,13,0
28,13430.0,0.134,3,1,5,0
34,57426.0,0.103,4,2,28,0
68,49655.0,0.604,5,1,24,0
54,100012.0,0.171,5,0,17,0
47,46541.0,0.493,2,1,16,0
21,23400.0,0.041,0,0,27,0
22,46965.0,0.486,4,2,23,0
48,69037.0,0.668,1,1,24,1
24,28784.0,0.312,7,0,13,0
27,55615.0,0.199,7,0,0,0
49,11187.0,0.537,7,1,2,0
68,75927.0,0.124,6,1,25,0
61,54187.0,0.131,7,0,28,0
43,10176.0,0.071,7,0,3,0
67,43973.0,0.266,1,2,1,0
50,13450.0,0.217,4,1,8,0
67,26754.0,0.328,3,0,12,0
32,50993.0,0.365,0,0,6,0
49,33928.0,0.17,6,0,20,0
66,68071.0,0.486,0,3,31,0
69,37491.0,0.333,7,1,23,0
63,35642.0,0.221,5,0,11,0
28,62897.0,0.224,1,0,16,0
51,30675.0,0.377,0,0,33,0
25,35861.0,0.126,7,0,27,0
39,38305.0,0.575,6,0,5,1
22,35110.0,0.38,3,1,16,0
58,64868.0,0.728,6,1,2,0
58,26019.0,0.504,6,0,29,0
25,23977.0,0.1,4,0,24,0
65,21358.0,0.355,4,2,8,0
62,12445.0,0.084,0,1,26,0
62,76257.0,0.264,2,3,16,0
42,23147.0,0.209,2,1,27,1
67,32232.0,0.142,0,0,1,0
69,79142.0,0.214,5,1,15,0
47,33828.0,0.201,1,3,20,1
39,46967.0,0.173,2,0,3,0
58,17849.0,0.742,5,0,14,1
23,73070.0,0.291,4,1,25,0
37,34173.0,0.388,4,1,23,0
21,21826.0,0.045,6,0,3,1
58,21818.0,0.12,3,0,25,0
23,84541.0,0.377,4,0,25,0
57,27090.0,0.277,5,2,15,0
48,22064.0,0.266,1,0,28,0
42,29245.0,0.103,4,1,21,0
51,37149.0,0.123,4,0,34,0
23,39180.0,0.203,1,1,25,0
60,45351.0,0.51,1,2,34,0
34,40838.0,0.232,2,0,29,0
62,50190.0,0.227,3,0,11,0
64,31686.0,0.457,3,1,3,0
47,102343.0,0.11,1,2,22,0
49,28446.0,0.144,3,0,19,0
66,71410.0,0.122,2,0,34,0
40,26916.0,0.355,7,0,32,0
40,17785.0,0.439,5,2,0,0
67,15779.0,0.179,7,0,9,0
40,42276.0,0.266,5,0,17,0
38,64924.0,0.646,4,2,22,1
21,20424.0,0.316,3,0,13,0
37,23418.0,0.41,2,1,9,0
33,44049.0,0.211,1,2,15,0
58,36269.0,0.075,6,2,28,1
45,27097.0,0.277,3,2,32,0
38,19156.0,0.236,1,2,26,0
66,42384.0,0.344,3,0,5,0
42,50335.0,0.502,3,0,33,1
41,46438.0,0.438,5,0,18,0
56,36800.0,0.169,7,1,24,1
33,21421.0,0.03,7,0,23,1
42,42501.0,0.119,6,1,17,0
55,40942.0,0.092,6,2,18,0
36,18833.0,0.181,7,0,18,1
42,31220.0,0.181,5,1,4,0
21,43618.0,0.531,0,1,27,0
59,34922.0,0.396,1,0,10,0
63,13626.0,0.279,3,1,25,0
53,26366.0,0.487,6,2,0,1
46,25503.0,0.351,6,1,4,1
64,48033.0,0.055,7,1,9,0
62,133145.0,0.296,1,0,10,0
43,38831.0,0.419,4,1,3,1
51,19951.0,0.193,6,3,23,0
66,33515.0,0.391,3,1,2,0
30,36509.0,0.514,2,0,3,0
59,53013.0,0.303,5,1,21,0
38,67580.0,0.525,7,2,23,0
25,72803.0,0.578,3,0,22,0
41,47506.0,0.39,3,0,30,1
46,36301.0,0.042,0,0,27,0
57,76245.0,0.175,2,2,12,0
28,30523.0,0.446,0,2,22,0
47,37318.0,0.185,7,0,7,0
53,32154.0,0.064,6,0,28,0
52,12511.0,0.076,5,2,29,0
61,68588.0,0.359,1,1,19,1
57,50907.0,0.435,3,0,16,0
43,11103.0,0.059,0,0,21,0
34,59927.0,0.176,7,1,29,0
64,31203.0,0.213,0,1,31,0
64,59532.0,0.299,4,0,2,0
27,37718.0,0.093,3,1,21,0
43,18423.0,0.479,4,1,7,0
57,36797.0,0.192,0,0,2,0
53,23174.0,0.309,2,1,0,0
63,19704.0,0.416,6,0,3,0
31,56023.0,0.297,6,0,15,0
67,44169.0,0.28,3,1,29,0
32,76787.0,0.39,4,0,30,0
25,29816.0,0.06,6,1,27,1
57,22439.0,0.045,4,0,22,0
66,49981.0,0.334,3,0,21,0
38,23936.0,0.417,7,0,0,0
28,31098.0,0.496,7,1,28,0
63,47219.0,0.33,2,0,0,0
25,34099.0,0.362,0,0,27,0
53,28442.0,0.666,6,0,25,0
27,18010.0,0.303,0,0,9,0
53,58014.0,0.361,6,0,3,0
26,30206.0,0.547,6,0,30,0
39,49466.0,0.456,0,1,7,1
43,46305.0,0.165,4,0,18,0
65,62670.0,0.418,5,1,24,0
55,32280.0,0.326,0,0,16,0
67,30520.0,0.071,6,0,8,0
47,20866.0,0.304,0,0,17,0
33,27686.0,0.326,4,0,17,0
41,43070.0,0.211,0,0,15,1
46,24136.0,0.236,0,1,13,0
48,42527.0,0.237,5,0,1,0
65,75633.0,0.128,0,2,12,0
64,29068.0,0.206,7,0,12,0
25,18823.0,0.13,0,1,8,1
59,29534.0,0.351,5,0,3,0
35,17831.0,0.18,2,2,14,0
49,70764.0,0.259,4,0,32,0
67,37889.0,0.076,4,0,6,0
64,25230.0,0.251,5,1,24,0
44,27449.0,0.345,4,1,33,0
23,20109.0,0.158,7,0,33,0
67,60209.0,0.404,4,1,11,0
65,90998.0,0.139,6,1,4,0
39,17205.0,0.447,3,2,25,1
27,61183.0,0.831,4,3,10,0
46,32115.0,0.25,5,2,10,0
60,68442.0,0.495,3,2,25,0
43,14517.0,0.226,7,0,9,1
22,40648.0,0.295,2,0,18,1
43,29615.0,0.29,6,2,16,0
46,50491.0,0.249,1,2,29,0
65,37443.0,0.453,5,1,25,0
60,36722.0,0.426,6,0,12,0
55,34441.0,0.495,2,0,0,0
40,79312.0,0.262,2,0,8,0
67,33273.0,0.162,7,0,5,0
32,55946.0,0.392,5,2,27,0
37,49725.0,0.381,6,1,27,0
62,56636.0,0.163,7,0,1,0
69,21865.0,0.268,7,0,12,0
60,51719.0,0.288,6,0,5,0
55,42978.0,0.224,4,1,29,0
66,20036.0,0.444,7,0,25,0
27,32657.0,0.52,2,0,4,0
53,114364.0,0.561,4,1,24,0
41,29855.0,0.211,3,2,28,0
50,30217.0,0.135,2,1,2,0
33,45495.0,0.037,2,1,21,1
44,27710.0,0.06,7,0,18,0
32,38958.0,0.131,2,0,5,0
52,29014.0,0.209,0,2,32,0
66,44409.0,0.454,3,0,0,0
23,35209.0,0.136,2,0,17,0
68,96374.0,0.332,7,1,30,1
53,37161.0,0.574,6,0,10,0
21,32490.0,0.293,3,1,10,0
49,60762.0,0.179,6,1,25,0
27,18114.0,0.168,3,1,8,0
60,84615.0,0.13,1,0,17,0
34,22154.0,0.431,5,2,6,1
23,65922.0,0.177,4,1,2,0
62,75230.0,0.503,2,1,12,0
47,27920.0,0.234,1,1,4,0
50,29294.0,0.35,0,2,18,1
61,34386.0,0.129,3,1,17,0
48,49552.0,0.442,5,0,16,0
60,22048.0,0.488,6,0,33,0
50,34385.0,0.118,2,1,29,0
22,31048.0,0.435,5,0,15,1
67,20422.0,0.251,1,1,6,0
68,21536.0,0.409,1,0,7,0
34,38720.0,0.046,4,1,26,0
52,38379.0,0.229,2,1,29,0
27,24785.0,0.204,1,0,31,0
34,37783.0,0.16,1,1,32,0
50,26279.0,0.153,2,1,1,0
38,69811.0,0.071,2,0,29,0
68,34493.0,0.634,4,1,26,0
24,62866.0,0.28,6,0,5,0
55,15579.0,0.476,7,1,9,0
51,42676.0,0.363,4,0,33,0
64,48925.0,0.362,1,1,15,1
60,33896.0,0.415,1,1,24,0
64,27738.0,0.408,3,2,2,1
59,33626.0,0.442,5,2,22,0
31,52640.0,0.442,4,1,10,0
41,19826.0,0.24,1,0,27,0
54,51547.0,0.269,5,1,3,1
69,42582.0,0.3,2,0,34,0
63,31876.0,0.151,4,1,8,0
52,32564.0,0.103,6,4,14,0
25,37456.0,0.038,5,0,1,0
41,83226.0,0.193,4,2,3,0
52,43218.0,0.277,6,1,32,1
58,22667.0,0.272,1,1,24,1
34,29212.0,0.306,2,0,31,0
43,20490.0,0.259,2,2,29,1
61,14117.0,0.215,6,2,22,0
61,20311.0,0.3,6,0,22,1
31,38563.0,0.194,2,0,11,0
33,68664.0,0.106,1,1,24,0
39,59748.0,0.381,6,1,33,0
52,20381.0,0.161,3,0,8,1
54,24372.0,0.248,5,0,34,0
58,22712.0,0.577,1,1,18,0
48,9989.0,0.225,4,0,27,0
65,33396.0,0.315,5,0,12,0
26,54265.0,0.112,3,1,23,0
46,32010.0,0.522,6,1,19,0
32,19266.0,0.261,4,0,11,0
47,23800.0,0.289,4,1,0,0
64,30809.0,0.127,1,1,30,0
64,53376.0,0.106,5,2,24,0
69,33143.0,0.087,3,1,17,1
44,49884.0,0.176,5,1,19,0
55,34868.0,0.464,4,0,22,0
44,40880.0,0.593,2,0,0,0
21,22695.0,0.577,3,4,6,0
34,25773.0,0.262,2,0,34,1
57,19382.0,0.099,3,1,0,0
23,49061.0,0.205,6,0,3,0
52,31395.0,0.096,2,1,34,0
43,6010.0,0.284,0,1,27,0
41,46193.0,0.267,6,1,21,0
57,59105.0,0.13,1,0,32,0
32,24201.0,0.137,3,1,23,0
33,46173.0,0.285,1,0,3,0
29,32700.0,0.226,4,1,1,0
26,12595.0,0.358,2,0,30,0
25,96421.0,0.477,7,0,14,0
26,32799.0,0.185,3,3,12,1
52,40163.0,0.047,0,0,9,0
35,26574.0,0.514,4,0,27,1
37,31327.0,0.591,1,0,29,0
57,39373.0,0.427,2,1,21,0
46,21563.0,0.136,7,1,16,0
24,84709.0,0.118,1,0,20,0
46,55220.0,0.266,5,1,13,0
53,47024.0,0.205,5,0,12,1
50,33830.0,0.472,3,1,5,0
63,24820.0,0.336,3,2,16,0
50,60782.0,0.205,0,0,13,0
60,49284.0,0.492,3,2,9,0
46,29741.0,0.116,4,0,12,0
52,21115.0,0.508,4,0,24,0
28,16515.0,0.184,6,1,27,0
69,36838.0,0.506,7,0,28,0
22,32066.0,0.128,3,3,29,0
68,65697.0,0.221,7,1,34,0
49,59641.0,0.301,6,0,13,0
37,37029.0,0.891,2,1,31,0
41,34872.0,0.26,2,2,14,0
24,20414.0,0.642,4,0,28,0
41,61728.0,0.412,3,0,34,0
24,35300.0,0.083,2,1,27,0
42,49150.0,0.683,0,1,13,0
27,65408.0,0.152,6,0,13,1
26,27370.0,0.072,4,0,22,0
55,24006.0,0.447,1,1,34,0
29,124786.0,0.269,6,3,4,0
37,48885.0,0.174,7,0,9,0
53,31593.0,0.199,1,0,15,0
45,67504.0,0.18,4,0,28,0
46,31128.0,0.336,4,0,8,0
42,42734.0,0.101,1,0,15,1
50,27334.0,0.108,2,3,8,0
52,36009.0,0.258,3,1,24,0
27,31665.0,0.417,2,1,8,0
68,24936.0,0.021,5,0,3,0
60,41004.0,0.26,0,0,16,0
41,26389.0,0.306,5,0,0,0
39,48436.0,0.182,4,0,10,0
56,31186.0,0.213,6,0,33,0
51,15367.0,0.307,7,0,28,1
60,49534.0,0.259,3,1,21,0
43,49951.0,0.331,1,0,15,0
42,112058.0,0.198,3,2,28,0
43,36639.0,0.203,1,1,1,0
35,39802.0,0.26,4,2,15,0
59,46134.0,0.387,1,0,15,0
60,60467.0,0.147,0,1,0,0
26,58606.0,0.224,4,1,3,0
25,42591.0,0.327,2,0,15,0
24,35722.0,0.069,1,1,5,0
37,55344.0,0.298,0,0,34,0
25,34986.0,0.22,7,0,4,1
48,19061.0,0.652,6,0,1,0
69,17144.0,0.177,5,0,27,0
55,31362.0,0.048,2,1,14,0
66,38561.0,0.113,5,0,15,0
28,124993.0,0.056,4,1,9,0
55,34200.0,0.168,0,2,0,1
56,37172.0,0.269,7,2,25,0
42,29668.0,0.333,3,1,17,0
57,49484.0,0.121,3,3,13,0
25,41780.0,0.549,6,1,7,0
51,26392.0,0.239,5,1,4,0
61,21901.0,0.016,4,0,25,0
40,29697.0,0.182,6,1,2,0
30,23821.0,0.075,5,1,32,0
21,32352.0,0.263,4,2,18,0
34,38978.0,0.468,5,1,5,1
61,28266.0,0.178,1,1,30,0
62,75151.0,0.143,7,1,9,0
51,64841.0,0.555,7,1,10,0
33,32378.0,0.312,2,1,24,1
33,22425.0,0.188,0,0,4,0
62,35779.0,0.365,6,1,22,0
49,33967.0,0.234,4,1,9,0
59,35193.0,0.261,2,0,28,0
39,29762.0,0.531,7,0,16,0
62,21489.0,0.282,4,3,22,0
44,36955.0,0.558,1,0,16,0
54,30472.0,0.251,4,0,6,1
62,31858.0,0.579,6,2,11,0
38,38062.0,0.059,3,0,29,0
59,35078.0,0.239,5,1,17,1
53,37651.0,0.079,0,1,5,0
45,29775.0,0.086,2,2,2,0
61,43481.0,0.425,3,0,2,0
42,25364.0,0.264,0,0,28,0
57,21079.0,0.135,1,1,32,0
24,23272.0,0.38,4,3,17,1
63,25891.0,0.075,3,0,20,0
68,19074.0,0.556,2,1,18,0
69,15578.0,0.159,0,0,11,0
62,46711.0,0.46,3,0,26,0
54,68674.0,0.09,3,0,8,0
57,47995.0,0.307,7,1,25,0
66,28523.0,0.43,3,2,2,0
56,15395.0,0.138,4,0,20,0
34,39973.0,0.352,0,1,19,0
28,16258.0,0.119,1,1,4,0
68,34776.0,0.344,4,0,30,0
27,24348.0,0.06,3,0,6,0
65,11611.0,0.344,2,0,23,0
66,76135.0,0.404,3,1,16,0
23,19382.0,0.182,4,1,26,0
60,30397.0,0.255,3,1,15,0
49,34048.0,0.199,7,0,20,0
40,28704.0,0.229,1,0,25,0
45,45811.0,0.125,6,0,0,0
41,25072.0,0.42,7,1,7,0
60,43956.0,0.341,4,2,15,1
41,42585.0,0.538,1,0,12,0
27,18235.0,0.144,3,1,1,1
40,40861.0,0.393,7,0,22,1
46,21440.0,0.254,4,1,2,0
43,20276.0,0.351,5,1,26,1
45,41994.0,0.708,3,1,6,1
69,29609.0,0.458,4,1,21,0
40,43760.0,0.077,2,0,31,0
61,43953.0,0.023,2,1,12,0
69,17783.0,0.303,1,0,7,0
61,52591.0,0.202,5,0,8,0
47,41878.0,0.091,7,2,15,0
69,27084.0,0.508,2,1,10,1
41,33930.0,0.301,0,2,30,0
34,53347.0,0.187,3,0,29,0
62,30952.0,0.169,2,0,23,0
66,104572.0,0.121,4,2,12,0
27,76523.0,0.277,1,3,4,0
36,38499.0,0.26,6,0,8,0
35,32403.0,0.454,0,1,16,0
61,33112.0,0.328,3,0,28,0
34,26894.0,0.47,1,0,26,0
53,38662.0,0.27,6,1,34,0
66,51214.0,0.285,3,3,15,0
65,18495.0,0.208,7,0,19,0
64,50081.0,0.133,4,1,7,0
46,57918.0,0.078,6,0,24,0
50,48344.0,0.323,7,2,22,0
56,34031.0,0.361,6,2,2,0
36,47350.0,0.465,5,0,14,0
45,69539.0,0.262,6,0,32,0
43,35274.0,0.371,6,0,17,0
60,36747.0,0.412,5,3,15,0
48,105480.0,0.19,4,2,4,0
42,42346.0,0.444,4,2,27,0
47,21946.0,0.152,1,2,31,1
29,56190.0,0.137,4,0,31,1
33,44399.0,0.351,6,0,32,0
60,26168.0,0.363,6,1,33,0
27,20911.0,0.195,3,0,10,0
54,40917.0,0.08,3,1,26,0
65,35240.0,0.064,6,0,10,1
54,19494.0,0.36,7,3,12,0
52,34744.0,0.148,0,0,5,0
56,33667.0,0.216,5,3,1,0
28,35200.0,0.69,3,2,20,1
27,46434.0,0.067,1,0,2,0
69,15049.0,0.154,2,0,6,0
41,20826.0,0.333,7,0,6,0
41,28468.0,0.303,2,2,21,0
28,70480.0,0.231,4,1,17,0
56,118645.0,0.06,5,0,33,0
22,36404.0,0.258,2,1,23,0
29,37152.0,0.496,6,2,6,0
32,10703.0,0.294,0,0,8,1
66,57081.0,0.085,6,0,7,0
67,45471.0,0.182,5,0,15,0
24,41838.0,0.541,6,0,3,1
27,19475.0,0.628,0,1,14,1
67,97728.0,0.347,6,1,11,0
52,77674.0,0.266,2,0,3,0
56,42074.0,0.421,6,0,30,0
48,59635.0,0.183,2,0,12,0
32,37256.0,0.372,5,1,0,0
56,54750.0,0.169,7,0,25,0
29,18890.0,0.137,6,0,22,0
22,11651.0,0.064,0,0,12,0
62,19250.0,0.471,1,0,13,0
39,24264.0,0.227,1,1,6,0
22,26324.0,0.328,7,0,11,0
42,45436.0,0.493,2,0,5,0
26,31931.0,0.119,4,1,6,0
44,35799.0,0.116,4,0,13,0
53,20084.0,0.574,2,1,29,0
37,19234.0,0.262,2,2,6,1
24,37070.0,0.316,3,0,28,0
64,27693.0,0.315,0,1,29,0
47,36398.0,0.061,6,1,1,0
22,47677.0,0.398,7,1,9,0
49,82433.0,0.405,5,0,20,0
66,35946.0,0.185,3,0,5,0
21,89920.0,0.266,1,2,14,0
59,44495.0,0.363,2,1,24,0
39,51264.0,0.274,3,0,0,0
55,61485.0,0.428,1,2,22,0
22,52045.0,0.282,6,0,10,0
65,24322.0,0.194,3,1,27,0
68,62413.0,0.207,5,0,6,0
47,30120.0,0.317,4,1,24,0
31,42228.0,0.289,1,0,26,0
28,38810.0,0.223,5,1,15,0
54,64347.0,0.446,5,2,15,0
59,44202.0,0.033,3,1,14,0
54,18159.0,0.212,5,0,27,0
45,103345.0,0.226,7,0,14,0
58,55131.0,0.286,1,1,33,0
57,27577.0,0.148,7,0,5,0
37,20565.0,0.158,2,3,14,0
59,58375.0,0.188,0,2,19,0
30,21817.0,0.203,3,0,19,0
61,54196.0,0.312,6,0,15,0
46,61978.0,0.179,5,2,34,1
57,26242.0,0.284,2,0,17,0
55,25097.0,0.184,7,2,5,0
25,28707.0,0.632,7,0,13,1
58,22149.0,0.176,7,1,1,0
59,40733.0,0.206,4,0,10,0
23,43745.0,0.153,5,1,16,0
32,52247.0,0.053,4,1,2,0
57,23941.0,0.051,3,1,17,0
38,55270.0,0.11,4,0,7,0
26,22163.0,0.362,0,0,32,0
62,55254.0,0.054,1,4,4,0
46,17269.0,0.08,4,0,15,0
40,79528.0,0.331,3,0,6,0
48,27980.0,0.21,3,1,15,0
40,48998.0,0.402,7,0,16,0
27,50982.0,0.384,5,0,17,0
48,19249.0,0.41,0,1,16,0
68,55136.0,0.125,7,0,15,0
67,27574.0,0.112,6,1,10,0
52,31162.0,0.069,1,0,31,0
28,25975.0,0.304,6,1,22,1
31,81381.0,0.195,2,0,21,0
36,20232.0,0.121,2,2,14,0
23,45033.0,0.139,4,0,27,0
27,26587.0,0.274,7,0,23,0
58,62664.0,0.56,2,1,5,0
42,115923.0,0.252,4,0,15,0
62,26498.0,0.389,1,0,30,0
24,38950.0,0.221,0,0,30,0
25,29953.0,0.512,4,1,33,1
54,61025.0,0.61,1,0,26,0
33,32069.0,0.317,0,0,33,0
32,57112.0,0.204,0,1,8,0
52,29766.0,0.312,3,0,34,0
65,111510.0,0.487,1,0,33,0
41,12140.0,0.151,7,0,24,0
58,43846.0,0.203,3,1,23,0
37,36125.0,0.36,3,2,23,0
62,35477.0,0.35,1,1,3,1
41,41886.0,0.46,0,0,2,0
28,37392.0,0.456,2,0,8,1
45,40519.0,0.461,6,0,9,0
35,44536.0,0.758,4,0,2,0
30,87072.0,0.281,1,1,27,0
30,9111.0,0.041,0,1,1,0
40,91449.0,0.043,2,0,12,0
21,130601.0,0.669,2,2,3,1
24,15130.0,0.264,7,1,21,0
49,37195.0,0.232,1,2,33,1
21,72088.0,0.583,6,1,20,0
58,57484.0,0.281,3,0,19,0
68,83961.0,0.176,2,1,20,0
30,43738.0,0.507,1,1,9,0
23,13142.0,0.539,5,2,12,1
31,69725.0,0.405,5,2,11,0
23,49898.0,0.354,3,1,30,0
34,75597.0,0.314,7,1,12,0
64,16865.0,0.248,7,0,8,0
61,19772.0,0.324,6,1,17,0
68,36616.0,0.423,4,1,26,1
60,70724.0,0.294,4,0,13,0
62,81291.0,0.254,5,1,0,0
50,25264.0,0.015,4,0,14,0
27,29637.0,0.204,1,0,29,0
58,152662.0,0.495,5,1,30,0
52,27546.0,0.062,1,2,26,0
68,50903.0,0.282,5,0,18,0
55,28972.0,0.132,0,0,34,0
47,46045.0,0.236,0,1,3,1
58,23549.0,0.185,4,1,4,0
53,23887.0,0.259,6,2,24,1
26,30170.0,0.308,4,0,28,0
50,27650.0,0.188,1,0,7,0
40,31193.0,0.253,2,2,10,0
28,47237.0,0.337,3,0,8,0
34,93451.0,0.065,1,1,8,0
61,27031.0,0.484,7,0,0,0
53,22154.0,0.292,3,0,7,0
23,36489.0,0.4,7,0,24,0
37,23726.0,0.321,0,0,25,0
54,16033.0,0.386,3,0,30,1
45,61829.0,0.044,6,0,32,0
59,37807.0,0.411,2,2,7,1
51,39706.0,0.168,6,0,22,0
22,13855.0,0.38,6,0,13,0
63,27109.0,0.09,4,1,9,0
48,17891.0,0.154,0,3,23,0
66,35946.0,0.437,7,1,13,0
31,38838.0,0.151,3,1,21,0
54,38824.0,0.434,4,3,8,1
22,26018.0,0.343,5,1,14,1
28,23707.0,0.085,3,0,2,0
64,32971.0,0.457,1,0,1,0
64,43413.0,0.33,4,0,26,1
67,27184.0,0.132,4,0,31,0
31,22727.0,0.342,0,0,3,0
64,23217.0,0.355,1,0,23,0
23,26129.0,0.028,1,1,22,0
40,28960.0,0.149,2,1,9,0
42,20971.0,0.245,4,0,14,0
59,29064.0,0.133,4,2,10,0
54,67378.0,0.213,0,0,2,0
38,31343.0,0.273,6,3,28,1
28,19547.0,0.367,6,0,10,0
38,11740.0,0.218,0,0,18,0
35,90962.0,0.152,1,1,2,0
53,64194.0,0.408,6,0,1,0
24,41869.0,0.279,3,1,22,0
41,64949.0,0.243,3,0,14,0
51,47278.0,0.362,3,3,23,1
52,34967.0,0.068,7,2,30,0
55,19534.0,0.562,1,0,31,0
35,94308.0,0.091,7,1,2,0
46,29187.0,0.63,1,1,10,0
25,29996.0,0.109,7,0,7,1
42,37002.0,0.395,3,1,6,0
69,37321.0,0.453,6,0,16,0
62,48405.0,0.334,0,0,16,0
51,45697.0,0.344,2,1,33,0
41,27216.0,0.2,1,2,28,0
65,36789.0,0.254,4,1,2,0
42,47645.0,0.409,0,0,19,0
58,26082.0,0.162,3,1,7,0
49,74856.0,0.573,4,2,33,1
22,35950.0,0.393,3,2,8,1
55,80760.0,0.327,6,2,3,0
64,18105.0,0.088,4,1,32,0
59,50378.0,0.109,6,2,25,1
51,23268.0,0.084,4,0,24,0
23,26443.0,0.377,2,0,23,0
22,57092.0,0.324,2,0,25,0
62,32395.0,0.161,5,1,8,0
44,133080.0,0.256,7,2,23,0
43,47052.0,0.354,7,0,7,0
52,25645.0,0.318,1,1,31,0
65,47094.0,0.11,3,1,13,0
42,32254.0,0.553,4,1,32,0
47,55052.0,0.01,7,0,11,0
48,31317.0,0.304,2,2,6,0
44,44504.0,0.424,6,3,11,1
53,40103.0,0.171,6,2,19,0
30,37768.0,0.266,1,1,25,0
39,61139.0,0.118,2,0,0,0
44,14741.0,0.17,3,0,3,0
46,38130.0,0.549,6,0,9,1
45,25576.0,0.393,7,1,26,0
41,18503.0,0.234,1,1,10,0
64,23887.0,0.113,1,1,17,1
60,26639.0,0.212,3,1,34,0
64,32284.0,0.288,0,0,6,0
50,42988.0,0.189,4,1,6,0
44,47627.0,0.237,2,3,23,1
42,29598.0,0.009,3,0,27,0
63,80203.0,0.252,0,0,13,0
53,30162.0,0.235,1,1,6,0
62,13722.0,0.459,1,0,4,0
62,30568.0,0.181,1,1,33,1
67,37182.0,0.374,3,1,20,1
47,7069.0,0.413,1,0,13,1
38,66414.0,0.377,6,2,11,0
65,34560.0,0.291,3,0,5,0
31,20410.0,0.296,1,0,9,0
36,22470.0,0.395,4,1,27,0
67,53149.0,0.218,6,1,16,0
55,56498.0,0.295,3,1,31,0
49,26255.0,0.174,7,2,18,0
46,18441.0,0.475,2,2,21,1
43,38771.0,0.394,3,1,24,1
64,42498.0,0.112,3,0,6,0
41,48177.0,0.3,7,0,17,0
44,27404.0,0.36,5,1,30,0
25,34165.0,0.511,4,0,18,1
26,36683.0,0.449,2,1,8,0
31,58889.0,0.316,0,0,19,0
35,70591.0,0.092,7,0,23,0
35,80850.0,0.281,0,0,32,0
53,69650.0,0.283,5,1,26,0
48,89925.0,0.246,4,5,3,0
21,60269.0,0.465,5,0,20,0
46,27047.0,0.408,7,0,23,0
25,78179.0,0.403,1,1,26,0
47,18248.0,0.5,0,2,1,0
23,118448.0,0.314,2,1,9,0
24,22301.0,0.298,4,0,9,1
61,56603.0,0.358,0,2,6,0
21,74767.0,0.051,6,0,27,0
68,45690.0,0.26,4,2,16,0
43,13028.0,0.172,7,1,12,0
61,22607.0,0.383,2,0,19,1
30,43408.0,0.482,7,0,0,0
43,49902.0,0.29,3,1,8,0
64,33210.0,0.04,0,3,17,0
24,37691.0,0.756,6,2,7,0
42,17423.0,0.282,0,0,15,0
27,88184.0,0.413,5,0,11,0
38,30062.0,0.507,1,0,32,0
68,53873.0,0.691,5,1,30,0
47,73261.0,0.301,2,0,32,0
37,20383.0,0.627,0,2,13,1
51,38716.0,0.265,6,1,9,0
34,41731.0,0.04,2,0,18,0
25,31920.0,0.397,5,1,28,0
48,57738.0,0.704,0,0,28,0
57,26014.0,0.032,7,0,18,0
29,37328.0,0.139,4,3,19,1
27,30168.0,0.614,3,0,18,1
50,116166.0,0.584,7,0,16,1
39,26072.0,0.126,3,0,3,0
66,52705.0,0.468,2,1,11,0
38,89172.0,0.367,2,0,29,0
40,22944.0,0.225,5,1,30,0
48,38088.0,0.331,3,0,21,0
68,22177.0,0.248,4,1,34,0
54,13274.0,0.293,6,1,33,0
53,24526.0,0.168,5,0,17,0
60,27305.0,0.3,5,1,27,0
60,28128.0,0.476,4,0,7,0
46,31263.0,0.101,6,2,16,0
35,36427.0,0.165,5,0,14,0
28,19962.0,0.073,6,0,30,0
48,43296.0,0.24,5,1,14,0
55,66614.0,0.128,0,0,11,0
38,70638.0,0.057,7,0,13,0
44,31886.0,0.129,1,0,30,0
42,56780.0,0.444,5,0,21,0
49,25835.0,0.538,5,0,4,0
61,30587.0,0.532,5,1,0,0
42,44323.0,0.485,3,1,11,0
46,30719.0,0.267,3,0,28,0
41,19304.0,0.213,0,2,30,0
35,55085.0,0.521,1,0,5,0
55,23997.0,0.387,0,3,0,0
51,28001.0,0.137,7,0,9,0
46,61643.0,0.635,7,1,30,0
35,47504.0,0.137,0,0,14,0
63,39658.0,0.535,6,1,1,0
60,17420.0,0.426,5,0,17,0
57,20299.0,0.433,2,0,23,0
60,44297.0,0.159,1,0,3,0
44,49762.0,0.212,5,3,22,0
51,41213.0,0.179,0,0,28,1
31,28656.0,0.322,1,1,2,0
59,28189.0,0.206,0,3,1,1
21,40454.0,0.098,1,0,29,0
45,19421.0,0.16,0,1,16,0
31,38019.0,0.238,2,1,3,0
50,18135.0,0.154,6,1,4,0
34,21454.0,0.48,2,0,29,0
68,39700.0,0.5,1,0,29,0
26,48612.0,0.246,7,0,34,1
61,43084.0,0.296,3,0,24,0
53,20801.0,0.402,0,0,23,0
69,14250.0,0.546,4,2,31,1
36,36165.0,0.31,4,0,32,0
55,14049.0,0.197,3,2,0,0
22,58233.0,0.179,6,0,21,0
54,21149.0,0.603,5,1,26,1
42,110979.0,0.169,0,0,34,0
56,22449.0,0.164,2,1,1,0
59,45774.0,0.523,4,1,27,0
44,25127.0,0.247,5,0,19,0
37,33387.0,0.379,3,1,23,0
55,39815.0,0.366,3,0,34,0
65,55834.0,0.097,1,1,34,0
38,60461.0,0.217,4,2,6,0
62,52243.0,0.126,1,0,16,0
42,61011.0,0.146,3,0,14,0
64,26687.0,0.157,6,0,16,0
52,50232.0,0.099,7,0,14,0
53,30624.0,0.586,3,0,29,0
54,59463.0,0.28,1,1,31,0
60,38476.0,0.478,0,0,23,0
63,49520.0,0.254,6,2,22,0
40,42013.0,0.51,3,0,5,0
57,53114.0,0.049,1,1,12,0
54,24250.0,0.061,6,0,10,0
49,16548.0,0.269,3,1,4,1
31,59545.0,0.275,5,1,20,0
43,71147.0,0.424,0,1,22,0
31,34271.0,0.263,7,0,0,0
27,54478.0,0.275,2,0,16,0
67,16080.0,0.265,6,0,17,0
56,26615.0,0.273,2,1,15,0
47,37835.0,0.066,1,0,8,0
42,15250.0,0.408,3,1,0,0
24,16903.0,0.46,0,2,8,0
38,39300.0,0.164,4,0,34,0
30,26827.0,0.313,3,0,31,0
47,30536.0,0.141,0,3,24,0
43,29639.0,0.246,3,0,9,0
68,19115.0,0.353,4,2,0,1
62,32573.0,0.405,4,3,31,1
50,36068.0,0.594,0,2,14,0
64,27137.0,0.302,5,2,18,0
37,28262.0,0.192,2,1,33,0
26,32794.0,0.256,2,0,32,0
48,54714.0,0.283,6,0,19,0
24,34640.0,0.216,7,0,25,0
67,13861.0,0.261,0,1,19,0
26,19992.0,0.059,3,0,14,0
62,57867.0,0.094,2,2,8,0
53,25776.0,0.23,5,0,1,0
33,34744.0,0.154,4,1,32,0
47,95077.0,0.503,3,2,31,0
47,49807.0,0.296,5,0,13,0
57,12405.0,0.376,5,1,24,0
41,74791.0,0.204,7,1,3,0
50,39137.0,0.289,7,0,4,0
41,43680.0,0.407,3,1,30,0
25,42281.0,0.355,1,0,32,1
55,57336.0,0.007,7,0,21,0
33,34896.0,0.099,3,1,17,0
34,17313.0,0.447,7,0,22,0
37,42692.0,0.501,5,0,1,0
48,18198.0,0.18,4,1,11,0
55,90066.0,0.464,6,0,10,0
60,30301.0,0.172,6,0,18,0
50,35388.0,0.176,5,1,30,0
40,25900.0,0.034,4,1,2,0
67,43027.0,0.593,1,0,14,0
44,45578.0,0.16,1,0,26,0
28,25865.0,0.102,5,1,28,0
60,45548.0,0.134,3,0,30,0
66,37566.0,0.111,4,0,14,0
35,34616.0,0.161,5,0,33,0
31,24940.0,0.458,0,0,4,0
38,115519.0,0.265,0,0,28,0
37,65604.0,0.186,4,1,6,0
30,52270.0,0.383,7,0,23,0
22,63783.0,0.314,4,3,30,0
30,42191.0,0.404,5,0,24,1
35,30495.0,0.574,2,0,6,0
30,9686.0,0.105,1,3,30,0
30,19742.0,0.081,1,2,32,0
67,107207.0,0.155,7,2,17,0
31,64867.0,0.161,6,1,10,0
61,40181.0,0.396,2,1,22,0
49,16502.0,0.314,0,1,34,1
42,49881.0,0.31,6,0,33,0
59,31602.0,0.083,2,3,3,0
21,51482.0,0.064,1,0,4,0
57,20828.0,0.337,5,0,19,0
41,28425.0,0.263,0,0,30,0
61,56532.0,0.128,1,0,1,0
68,95216.0,0.249,4,0,24,0
56,26128.0,0.128,0,0,8,0
26,22031.0,0.046,7,1,10,0
68,60563.0,0.146,7,1,29,0
58,19342.0,0.232,6,1,10,0
21,20050.0,0.252,4,2,6,0
30,41480.0,0.341,4,0,33,1
69,103037.0,0.135,2,1,31,0
61,23756.0,0.328,1,1,32,0
41,30186.0,0.264,1,1,20,0
67,38394.0,0.401,1,2,9,0
44,28671.0,0.45,0,0,25,0
63,15012.0,0.063,5,1,26,0
49,54229.0,0.338,5,0,12,0
53,39861.0,0.383,5,1,20,0
21,43627.0,0.25,2,1,34,1
68,33832.0,0.357,0,0,20,0
29,77388.0,0.518,1,0,28,0
31,28218.0,0.263,6,2,1,1
42,21194.0,0.202,7,0,31,0
58,83438.0,0.258,0,3,33,0
58,12097.0,0.354,5,2,5,0
51,33628.0,0.272,7,1,15,0
63,34970.0,0.255,6,0,9,0
54,34294.0,0.169,1,1,19,1
28,16721.0,0.242,5,3,29,0
59,20080.0,0.074,6,2,6,0
33,58630.0,0.226,7,1,23,0
46,72596.0,0.285,5,1,4,0
50,29476.0,0.37,2,1,13,0
40,22803.0,0.393,5,1,19,0
38,14877.0,0.255,1,2,16,0
34,58121.0,0.016,0,2,4,0
35,59864.0,0.164,0,1,15,0
69,8907.0,0.473,4,2,11,0
39,10808.0,0.095,0,1,19,0
44,38887.0,0.374,1,0,11,0
55,41485.0,0.309,6,1,17,0
33,28605.0,0.047,3,1,33,0
30,35722.0,0.033,4,1,15,0
31,32093.0,0.513,3,1,25,0
24,36799.0,0.133,0,1,11,0
43,23145.0,0.143,4,2,23,0
21,36094.0,0.16,0,0,15,0
39,25921.0,0.271,5,4,21,0
46,24863.0,0.234,5,0,6,0
33,14279.0,0.271,5,1,29,1
33,33264.0,0.274,3,1,6,0
50,54257.0,0.6,3,0,5,0
48,30860.0,0.188,6,0,24,0
59,30432.0,0.243,3,0,10,0
64,68041.0,0.489,7,0,33,0
33,60627.0,0.378,5,0,23,0
35,86447.0,0.251,6,0,7,0
46,112257.0,0.167,5,0,34,1
29,37412.0,0.38,1,0,31,0
56,20362.0,0.468,3,2,10,0
21,27985.0,0.588,5,1,21,1
39,48364.0,0.086,4,2,15,0
69,74612.0,0.084,4,2,33,0
56,21495.0,0.279,7,1,33,0
46,41260.0,0.349,6,0,13,0
21,24430.0,0.637,1,2,31,0
60,33748.0,0.529,1,0,24,0
42,33496.0,0.284,1,1,3,0
63,43941.0,0.249,5,0,19,0
59,100324.0,0.16,3,1,13,0
69,46053.0,0.551,4,1,34,0
26,29292.0,0.293,6,2,6,0
63,26972.0,0.2,3,0,2,0
55,33010.0,0.265,5,1,4,0
35,23486.0,0.164,2,1,2,0
62,38942.0,0.144,6,1,17,0
48,10877.0,0.362,0,1,30,1
53,32676.0,0.349,4,0,17,0
68,33996.0,0.215,6,0,1,0
49,20326.0,0.369,5,3,30,0
52,29999.0,0.109,0,0,31,0
63,63574.0,0.218,6,1,26,0
58,65909.0,0.22,3,0,3,0
52,27818.0,0.173,4,0,7,0
65,47181.0,0.138,3,1,3,0
65,17167.0,0.281,2,0,23,0
51,31317.0,0.316,2,0,11,0
25,40758.0,0.319,7,2,1,0
54,77922.0,0.444,5,0,25,0
37,65933.0,0.131,7,1,25,0
49,40314.0,0.445,2,1,20,0
39,23023.0,0.35,2,1,6,0
37,71629.0,0.121,4,2,31,0
68,30634.0,0.419,4,0,13,0
33,45444.0,0.505,0,1,22,0
28,34157.0,0.186,2,2,0,0
52,98334.0,0.396,3,0,20,0
52,26768.0,0.425,0,0,31,0
69,57419.0,0.423,4,0,19,0
23,34780.0,0.511,0,0,9,1
65,48269.0,0.462,6,0,14,1
62,81634.0,0.345,4,0,9,0
31,13329.0,0.629,1,2,22,0
61,35147.0,0.597,4,1,18,0
62,23225.0,0.532,2,1,34,0
26,45382.0,0.339,3,1,0,0
22,51311.0,0.609,2,0,34,0
53,28703.0,0.085,3,0,9,0
49,27972.0,0.137,1,1,3,0
63,40211.0,0.204,2,1,9,0
66,19214.0,0.096,3,1,15,0
26,42899.0,0.202,6,0,26,0
68,24128.0,0.355,7,0,20,0
62,52409.0,0.016,7,0,8,0
50,18790.0,0.236,2,0,25,0
38,27347.0,0.692,2,0,1,0
51,24945.0,0.221,2,1,10,0
48,31286.0,0.316,4,0,33,0
40,72270.0,0.641,7,0,34,0
24,55436.0,0.306,1,1,11,1
56,28571.0,0.116,5,1,14,0
35,28559.0,0.593,2,0,12,0
33,56537.0,0.312,2,0,9,0
39,20293.0,0.095,4,0,6,0
22,36724.0,0.274,5,0,27,0
40,26826.0,0.074,6,0,22,0
61,33328.0,0.045,5,4,20,0
56,54424.0,0.326,4,1,27,0
23,25988.0,0.137,6,1,31,0
37,59105.0,0.569,4,1,29,0
53,109075.0,0.293,0,0,3,0
66,49119.0,0.192,0,1,26,1
42,34820.0,0.499,4,0,1,0
69,64768.0,0.109,0,0,24,0
23,20860.0,0.222,5,1,33,0
65,77694.0,0.403,6,2,32,0
28,24921.0,0.388,7,0,15,0
56,107371.0,0.557,0,0,33,0
25,25373.0,0.515,4,1,7,0
69,50557.0,0.118,7,0,32,0
31,16651.0,0.17,1,3,26,0
39,32643.0,0.203,6,0,27,0
52,21166.0,0.895,7,2,34,1
23,17663.0,0.17,0,0,26,0
48,66354.0,0.077,3,0,34,0
35,19658.0,0.504,0,1,15,0
42,25146.0,0.392,3,0,33,1
37,23723.0,0.13,6,0,28,0
62,64205.0,0.054,2,1,5,0
43,60400.0,0.212,6,1,13,0
57,68538.0,0.278,6,1,29,0
23,24508.0,0.761,0,0,21,0
54,71311.0,0.228,4,0,4,0
39,24404.0,0.142,2,0,20,0
50,24901.0,0.261,7,0,12,0
62,25607.0,0.234,5,0,4,0
55,26078.0,0.434,4,0,6,0
38,34704.0,0.364,5,1,7,0
32,23877.0,0.235,1,1,12,1
64,40770.0,0.165,4,0,31,1
33,9851.0,0.4,6,2,8,0
22,40704.0,0.114,7,2,6,0
35,21061.0,0.108,1,1,31,0
21,25986.0,0.052,7,0,17,0
57,26301.0,0.39,2,0,34,1
64,58197.0,0.402,6,0,10,0
42,46737.0,0.315,7,1,6,0
51,33431.0,0.34,6,0,30,0
68,25397.0,0.174,7,0,4,0
66,53715.0,0.236,4,1,25,0
22,89086.0,0.071,6,3,5,0
24,35811.0,0.626,7,0,29,0
39,16331.0,0.237,1,1,19,0
34,25554.0,0.784,5,0,4,1
28,48031.0,0.29,5,1,30,0
28,29104.0,0.23,3,1,9,0
60,23639.0,0.189,4,3,26,0
30,23131.0,0.062,5,1,6,0
44,38019.0,0.02,3,1,14,0
23,16867.0,0.261,4,0,8,1
51,35692.0,0.313,3,2,33,0
57,37958.0,0.365,3,0,4,1
50,29005.0,0.318,3,1,18,0
34,21559.0,0.549,3,1,9,0
24,60428.0,0.241,2,1,27,0
40,18650.0,0.25,0,3,19,1
59,39591.0,0.295,4,2,17,0
26,52254.0,0.417,3,5,28,1
61,39330.0,0.592,0,0,23,0
65,67211.0,0.078,4,1,23,0
50,20585.0,0.095,6,0,13,0
62,24454.0,0.072,2,0,8,0
34,28836.0,0.38,7,0,1,1
51,188217.0,0.155,4,2,19,0
56,46812.0,0.318,3,0,21,0
56,51406.0,0.135,6,1,8,0
55,50346.0,0.531,7,3,10,1
30,37775.0,0.426,7,2,2,0
65,61373.0,0.325,6,2,19,0
54,14255.0,0.391,5,0,33,1
26,41710.0,0.199,6,0,22,0
52,44986.0,0.5,6,0,2,0
65,60435.0,0.365,7,0,15,0
22,20377.0,0.537,6,0,32,0
64,21141.0,0.082,2,4,5,0
37,21820.0,0.201,7,0,9,0
35,47153.0,0.16,6,0,28,0
44,47491.0,0.16,6,2,23,0
56,22586.0,0.04,1,2,6,0
26,94574.0,0.437,0,3,0,0
33,41906.0,0.106,7,2,4,0
60,38642.0,0.219,4,1,19,0
32,32735.0,0.392,4,2,11,1
38,57829.0,0.337,5,1,6,0
52,44123.0,0.284,5,2,2,0
33,93426.0,0.143,0,1,3,0
23,19792.0,0.217,2,1,12,0
46,16768.0,0.529,4,0,8,0
25,25084.0,0.185,0,0,26,1
39,47891.0,0.202,7,1,26,0
53,29318.0,0.354,1,1,27,0
57,68563.0,0.195,3,0,24,0
67,29829.0,0.174,1,0,15,0
63,62377.0,0.149,0,0,6,0
22,23971.0,0.153,3,0,6,0
44,65613.0,0.329,6,1,21,0
22,72011.0,0.493,2,1,34,0
60,27381.0,0.277,3,0,25,1
24,46387.0,0.297,7,1,28,0
59,41517.0,0.212,3,1,29,0
21,47021.0,0.369,6,1,0,0
26,69025.0,0.464,7,0,31,0
66,59078.0,0.29,4,1,21,0
30,46960.0,0.171,4,3,30,1
44,50591.0,0.357,6,1,33,0
46,19252.0,0.167,5,0,4,0
54,35580.0,0.215,4,0,32,0
66,20936.0,0.077,7,1,18,0
41,35987.0,0.067,7,1,13,0
50,63475.0,0.26,2,0,33,0
69,36188.0,0.127,5,0,21,0
26,10376.0,0.091,2,1,22,0
44,21517.0,0.324,5,0,21,0
35,48559.0,0.138,0,2,22,0
67,27735.0,0.219,2,3,25,0
51,53740.0,0.12,6,0,12,0
52,19859.0,0.319,6,1,32,0
30,43952.0,0.337,3,0,23,0
67,45070.0,0.402,6,0,16,0
24,53903.0,0.076,3,1,18,0
45,26171.0,0.249,0,0,2,0
55,53632.0,0.541,6,1,3,0
64,77132.0,0.211,0,0,25,0
34,11657.0,0.341,6,2,13,0
37,37267.0,0.169,7,0,33,0
22,14718.0,0.262,0,3,14,1
53,23621.0,0.08,7,1,30,1
30,24605.0,0.336,4,1,25,1
51,35129.0,0.104,4,1,0,0
25,43861.0,0.651,2,2,11,0
44,57096.0,0.075,1,2,30,0
44,41440.0,0.333,0,1,27,0
45,50859.0,0.374,3,1,5,0
36,21179.0,0.002,6,0,8,0
29,61595.0,0.584,0,1,34,0
59,6989.0,0.313,1,0,16,0
65,77913.0,0.356,6,1,25,0
34,71225.0,0.244,3,0,17,0
43,52840.0,0.402,0,1,4,0
26,110689.0,0.263,7,0,19,0
28,14737.0,0.147,2,0,3,0
38,53622.0,0.306,1,1,32,0
55,38853.0,0.233,4,3,9,0
53,41029.0,0.099,0,1,29,0
56,20297.0,0.077,5,2,8,0
25,44241.0,0.15,5,0,2,0
23,43214.0,0.125,7,1,0,0
34,25725.0,0.098,2,0,3,0
37,35089.0,0.254,3,1,31,0
46,18821.0,0.299,5,1,3,0
49,29801.0,0.419,1,1,4,0
30,58713.0,0.415,2,0,7,0
61,59302.0,0.241,0,0,34,0
57,53335.0,0.656,5,1,28,0
36,58700.0,0.141,5,0,9,1
52,59085.0,0.324,0,0,15,0
35,26324.0,0.14,1,0,20,0
23,43035.0,0.211,3,2,9,0
57,62529.0,0.378,5,0,24,0
25,18219.0,0.443,6,2,9,0
31,18167.0,0.364,3,1,10,1
35,17671.0,0.202,6,0,32,0
64,14872.0,0.159,3,2,15,0
49,21474.0,0.3,4,4,32,1
59,27925.0,0.393,2,1,27,0
65,77354.0,0.211,5,0,10,0
64,29181.0,0.321,7,1,2,0
50,17014.0,0.143,2,1,5,0
38,39462.0,0.438,5,0,12,0
40,33041.0,0.202,3,0,26,0
29,24561.0,0.335,4,0,27,0
49,27057.0,0.466,4,0,14,0
49,61917.0,0.312,3,0,11,0
68,17945.0,0.37,5,1,25,0
30,15790.0,0.404,2,0,2,0
58,45863.0,0.444,1,0,14,0
34,26716.0,0.388,3,0,6,0
24,78913.0,0.249,3,2,23,1
40,33619.0,0.468,6,0,23,0
68,34538.0,0.286,5,0,29,0
43,53813.0,0.214,3,1,33,0
30,15739.0,0.276,6,1,7,0
36,42993.0,0.486,0,1,8,0
55,30248.0,0.401,5,0,14,0
34,60682.0,0.43,7,0,18,0
32,26281.0,0.368,5,2,25,0
33,39672.0,0.393,4,0,8,0
25,30349.0,0.307,4,1,19,0
54,44643.0,0.319,1,2,32,0
36,32030.0,0.192,1,3,2,0
35,41405.0,0.613,1,1,31,0
37,87258.0,0.163,7,0,6,0
55,31477.0,0.21,3,1,13,0
63,44417.0,0.438,7,0,5,0
57,113918.0,0.358,4,1,1,0
48,44131.0,0.199,6,1,9,0
55,10753.0,0.263,7,0,21,1
32,26026.0,0.354,4,2,13,0
65,19893.0,0.531,0,1,21,0
51,57583.0,0.377,6,1,25,0
67,34651.0,0.492,2,0,21,0
34,61806.0,0.296,1,1,23,0
28,49305.0,0.13,2,1,10,0
56,49199.0,0.184,7,2,28,0
36,19699.0,0.195,3,1,0,0
31,46744.0,0.261,4,0,29,0
59,71919.0,0.169,6,0,1,0
47,17614.0,0.115,4,0,22,0
59,30990.0,0.249,1,0,27,0
32,43356.0,0.419,0,0,31,1
24,38140.0,0.017,7,0,18,0
41,74481.0,0.767,1,1,28,0
68,52274.0,0.259,2,1,9,0
49,44491.0,0.174,0,0,10,0
62,54655.0,0.239,6,0,32,0
62,53218.0,0.241,4,2,19,0
65,37069.0,0.323,5,0,30,0
43,30412.0,0.419,1,0,17,0
31,59585.0,0.368,4,0,28,0
65,25046.0,0.167,4,0,6,0
45,35027.0,0.558,6,1,21,1
36,20366.0,0.211,5,1,7,0
42,52357.0,0.04,4,0,21,0
59,67256.0,0.649,5,1,11,0
38,22748.0,0.155,6,1,18,0
61,33625.0,0.3,1,1,31,0
32,28566.0,0.622,4,0,6,0
36,62172.0,0.159,7,0,25,0
27,73754.0,0.503,5,0,25,0
63,28580.0,0.311,6,0,10,0
63,7742.0,0.28,0,0,18,1
31,64628.0,0.149,6,1,31,1
46,37144.0,0.267,5,1,19,1
59,37215.0,0.212,1,3,4,0
50,58798.0,0.242,7,0,24,0
52,30272.0,0.232,7,1,3,0
33,26499.0,0.299,5,0,13,0
22,30398.0,0.166,7,1,29,1
66,46376.0,0.193,6,0,24,0
65,56358.0,0.35,3,1,23,0
66,82173.0,0.342,7,0,8,1
23,44431.0,0.524,3,1,0,1
53,33782.0,0.043,1,1,30,0
33,56562.0,0.372,0,0,8,1
36,22345.0,0.315,5,0,34,0
41,73843.0,0.338,1,0,11,0
32,40364.0,0.046,7,1,20,0
50,32392.0,0.56,7,1,24,0
50,22381.0,0.251,0,0,13,0
66,49686.0,0.303,1,0,27,0
61,31561.0,0.087,1,0,10,0
55,34643.0,0.168,5,0,15,0
68,15747.0,0.16,1,0,31,0
41,29222.0,0.433,5,0,10,0
24,27330.0,0.486,7,0,11,0
64,44769.0,0.2,5,0,3,0
37,31767.0,0.22,7,0,28,0
42,9658.0,0.251,3,1,2,0
40,29510.0,0.251,7,0,14,1
65,17549.0,0.144,6,2,9,1
39,21560.0,0.097,3,2,30,0
54,59991.0,0.471,2,1,16,0
53,15608.0,0.184,5,1,15,0
48,42084.0,0.438,6,1,18,0
47,28181.0,0.108,0,1,20,0
24,25591.0,0.176,2,1,7,0
64,22255.0,0.325,7,2,4,0
37,42606.0,0.243,1,0,6,0
31,45067.0,0.186,7,0,34,0
31,15328.0,0.482,1,1,1,1
40,64554.0,0.109,4,2,19,0
51,20068.0,0.244,2,1,26,0
47,44104.0,0.314,1,0,21,0
61,20121.0,0.339,1,1,28,0
61,28867.0,0.436,7,0,4,0
37,19160.0,0.201,2,0,13,0
61,27879.0,0.245,7,1,24,0
54,32844.0,0.228,5,0,2,0
63,20442.0,0.45,7,0,14,0
21,42498.0,0.158,3,1,27,0
46,45375.0,0.43,4,0,14,0
51,140507.0,0.118,0,2,27,0
32,57777.0,0.111,2,0,16,0
53,65396.0,0.15,4,0,3,0
56,14995.0,0.365,3,1,18,1
27,13640.0,0.193,1,1,14,0
67,31304.0,0.12,3,0,28,0
67,88735.0,0.17,7,1,29,0
34,125139.0,0.189,7,1,11,0
30,25751.0,0.313,2,0,31,0
30,27089.0,0.285,1,0,30,0
22,47665.0,0.405,0,0,16,0
22,32906.0,0.385,5,0,3,0
36,33324.0,0.188,5,1,24,0
53,49884.0,0.021,7,3,18,0
54,141175.0,0.217,4,1,23,0
47,69723.0,0.348,2,0,23,0
52,92463.0,0.236,0,0,26,0
27,14443.0,0.152,4,1,33,0
69,62155.0,0.272,2,0,11,0
30,22586.0,0.391,6,2,13,1
38,83971.0,0.401,5,0,6,0
53,71587.0,0.404,4,1,23,0
27,49114.0,0.271,5,0,24,0
42,25048.0,0.188,4,0,27,0
66,28512.0,0.377,5,0,5,0
32,29689.0,0.286,6,0,29,0
51,53166.0,0.492,0,0,21,0
50,44442.0,0.477,1,0,32,0
24,73867.0,0.23,3,3,0,0
23,81260.0,0.385,5,2,12,0
28,23797.0,0.079,3,0,33,1
21,46055.0,0.123,7,0,29,0
47,45776.0,0.393,7,0,22,0
33,34630.0,0.447,0,1,33,0
50,58156.0,0.123,5,0,22,0
35,46420.0,0.125,0,2,16,0
38,27248.0,0.056,6,1,9,0
26,33825.0,0.61,0,0,24,0
59,30497.0,0.347,0,2,18,0
26,25241.0,0.125,5,0,11,0
65,34799.0,0.335,3,1,5,0
29,18988.0,0.161,3,1,8,0
69,46025.0,0.069,3,0,17,0
56,73281.0,0.219,3,0,9,0
61,37244.0,0.787,5,1,20,0
60,58292.0,0.383,5,0,1,0
42,39248.0,0.361,7,1,12,1
29,21784.0,0.117,4,3,20,1
54,99065.0,0.2,6,0,25,0
53,10816.0,0.542,4,3,30,0
60,36503.0,0.315,0,1,4,0
32,24729.0,0.131,6,1,10,1
61,80085.0,0.514,3,1,22,0
64,40457.0,0.386,3,0,1,0
56,130319.0,0.092,6,0,19,0
34,36975.0,0.15,6,1,9,0
33,24824.0,0.494,7,2,18,1
27,15442.0,0.229,4,0,27,0
61,63153.0,0.502,3,0,6,0
42,23924.0,0.558,3,0,15,0
36,29440.0,0.276,2,2,25,0
28,67108.0,0.246,2,2,26,1
45,61493.0,0.044,2,1,10,0
30,26774.0,0.194,5,0,7,0
61,28940.0,0.121,2,0,14,0
37,15093.0,0.222,4,0,22,0
42,12994.0,0.368,1,0,24,0
53,53202.0,0.172,6,0,25,0
55,56220.0,0.1,3,0,10,0
26,43417.0,0.289,4,1,28,0
24,39879.0,0.253,7,0,27,0
34,25512.0,0.217,6,1,23,0
57,75665.0,0.493,2,1,25,1
63,14883.0,0.165,2,1,31,0
68,28732.0,0.342,4,1,28,0
34,39354.0,0.287,5,1,4,1
58,36308.0,0.327,7,2,26,0
29,36278.0,0.587,3,0,19,1
30,28012.0,0.36,4,0,14,0
47,47594.0,0.211,0,0,15,0
25,19778.0,0.24,5,0,5,0
22,33793.0,0.26,4,1,34,0
69,45069.0,0.133,5,0,1,0
60,30753.0,0.399,1,0,19,0
54,36403.0,0.358,3,0,32,0
31,40447.0,0.213,0,0,23,0
24,15057.0,0.168,2,1,33,1
27,15778.0,0.285,2,3,32,0
41,38831.0,0.177,3,0,0,0
60,26791.0,0.349,7,0,4,0
50,27612.0,0.121,4,0,3,0
62,48267.0,0.398,7,4,11,0
65,22150.0,0.18,1,0,13,0
57,10866.0,0.513,7,0,11,1
25,83159.0,0.198,4,1,5,0
32,66498.0,0.283,0,0,4,0
37,66078.0,0.102,6,3,17,0
46,20736.0,0.216,1,2,19,0
59,34937.0,0.279,6,0,10,0
68,19260.0,0.329,1,0,10,0
69,35243.0,0.511,5,0,17,0
44,30516.0,0.076,5,3,5,0
69,21183.0,0.479,0,1,5,0
67,46707.0,0.319,7,0,0,0
29,31909.0,0.08,7,3,12,1
54,85935.0,0.544,3,1,0,0
42,37907.0,0.306,1,1,12,0
62,10158.0,0.231,4,0,13,0
63,14676.0,0.511,6,1,9,0
30,103551.0,0.045,0,1,21,0
50,30348.0,0.423,1,2,5,0
66,40946.0,0.081,5,0,7,0
53,36493.0,0.276,2,1,33,0
62,73730.0,0.306,7,0,31,0
56,13996.0,0.192,4,0,4,0
59,70589.0,0.105,5,0,7,0
62,68199.0,0.177,2,0,20,0
67,36428.0,0.335,5,0,9,0
30,44651.0,0.435,2,0,5,0
59,30173.0,0.114,3,1,10,0
39,15637.0,0.116,0,0,34,0
49,48540.0,0.261,3,2,5,0
53,41081.0,0.131,6,0,21,0
52,41510.0,0.119,2,0,34,0
30,46219.0,0.069,0,2,28,0
61,26845.0,0.393,6,1,25,0
56,76622.0,0.505,2,1,10,0
57,36463.0,0.207,5,2,10,0
51,47613.0,0.468,5,1,21,0
49,31696.0,0.173,2,1,34,0
34,61397.0,0.385,2,3,12,0
50,38254.0,0.288,4,0,22,0
34,34802.0,0.21,3,0,34,0
64,66415.0,0.133,0,0,26,0
23,15345.0,0.224,0,1,33,0
21,31571.0,0.097,0,0,12,0
56,26734.0,0.074,2,1,23,0
56,43780.0,0.219,1,2,7,0
48,42527.0,0.354,6,1,1,0
48,36102.0,0.295,6,0,15,0
22,25413.0,0.205,6,0,27,0
62,35882.0,0.357,2,0,14,1
62,42688.0,0.501,2,3,9,1
31,33216.0,0.29,7,0,34,0
21,63182.0,0.196,1,0,14,1
46,49316.0,0.345,2,0,5,0
33,36663.0,0.13,3,1,6,0
27,11237.0,0.522,3,0,4,1
26,32560.0,0.118,7,1,34,0
53,49764.0,0.101,6,2,21,0
38,31581.0,0.256,7,4,0,0
58,42261.0,0.255,1,0,19,0
36,32458.0,0.256,0,1,14,0
51,40792.0,0.294,7,2,19,0
34,73167.0,0.357,1,1,30,0
48,53818.0,0.175,5,0,14,0
55,19000.0,0.195,7,1,10,0
37,15851.0,0.138,0,2,12,1
64,45310.0,0.132,4,1,24,0
52,65116.0,0.308,7,1,3,0
30,15830.0,0.475,7,0,21,1
65,32699.0,0.528,2,1,27,1
45,118968.0,0.496,2,1,34,1
56,31751.0,0.09,1,2,15,0
37,128403.0,0.226,4,0,16,0
22,24057.0,0.133,7,1,31,0
48,26280.0,0.123,7,2,28,0
45,25553.0,0.205,2,1,17,0
56,19157.0,0.148,4,3,13,1
57,15589.0,0.386,5,1,31,0
54,32512.0,0.242,5,1,14,0
45,39044.0,0.235,0,1,32,0
21,25377.0,0.738,7,1,15,1
49,28621.0,0.3,7,0,19,0
67,74835.0,0.436,5,1,18,1
65,59034.0,0.307,3,1,27,0
24,31910.0,0.274,6,0,27,0
63,45023.0,0.33,1,1,3,0
28,16023.0,0.118,1,0,29,0
24,41557.0,0.189,7,2,4,0
22,35200.0,0.448,2,0,28,0
46,30119.0,0.633,5,2,24,0
29,36916.0,0.05,3,1,20,0
51,34050.0,0.257,6,0,1,0
43,18830.0,0.188,6,0,29,1
62,84110.0,0.06,4,1,24,0
31,58420.0,0.175,3,1,20,0
34,29915.0,0.03,5,0,8,0
46,15059.0,0.48,1,1,27,1
27,10635.0,0.129,2,0,8,0
43,98948.0,0.122,0,1,15,0
50,33295.0,0.256,4,2,12,1
51,53183.0,0.129,5,1,14,1
43,22598.0,0.204,3,1,32,0
25,31142.0,0.238,5,1,26,0
33,31947.0,0.074,3,0,24,0
24,40976.0,0.332,1,1,24,0
67,37985.0,0.145,0,1,26,1
49,22899.0,0.335,6,1,25,0
36,22780.0,0.183,6,3,27,0
35,34865.0,0.071,3,0,1,0
23,15106.0,0.045,1,0,29,0
44,24064.0,0.27,4,1,10,0
23,33622.0,0.541,3,1,5,0
55,44300.0,0.13,2,2,6,0
30,77012.0,0.093,5,1,32,0
25,28617.0,0.391,1,2,28,1
26,36977.0,0.508,0,0,13,0
22,14276.0,0.302,1,3,31,0
40,42933.0,0.104,2,1,19,0
23,23048.0,0.096,6,0,29,0
24,31129.0,0.566,2,2,28,0
31,46071.0,0.549,7,0,8,0
48,47044.0,0.377,1,1,29,0
31,17556.0,0.023,7,2,33,0
41,54229.0,0.436,6,0,17,1
42,35616.0,0.387,0,1,11,0
50,68432.0,0.108,4,2,19,0
23,75419.0,0.224,5,0,29,1
69,81070.0,0.355,3,0,14,0
25,17815.0,0.347,7,0,1,0
69,44407.0,0.276,1,1,1,0
34,16503.0,0.416,4,1,26,0
41,69614.0,0.035,4,2,22,0
24,74749.0,0.627,4,0,7,0
38,59221.0,0.303,2,0,23,0
65,29369.0,0.162,3,3,10,1
54,47673.0,0.319,1,1,16,0
51,27553.0,0.479,0,1,7,1
39,36566.0,0.231,4,0,1,0
66,34679.0,0.301,5,0,31,0
59,13371.0,0.098,5,0,19,0
33,24228.0,0.471,7,3,33,1
50,113032.0,0.426,0,0,3,0
40,34775.0,0.516,3,0,13,0
30,39345.0,0.471,0,1,15,0
53,36158.0,0.212,2,0,1,0
41,29577.0,0.524,5,0,27,0
25,36977.0,0.37,4,2,34,0
63,29629.0,0.633,1,3,7,0
50,11597.0,0.295,0,1,30,0
48,53805.0,0.222,1,0,32,0
69,81343.0,0.504,3,2,14,0
55,20291.0,0.428,7,0,24,1
68,29542.0,0.068,3,0,15,0
55,76878.0,0.381,1,1,9,0
29,24694.0,0.241,2,0,9,0
44,44084.0,0.371,5,0,8,0
45,315988.0,0.402,2,3,34,0
35,49818.0,0.108,6,1,2,1
36,37587.0,0.57,0,1,15,1
50,56436.0,0.305,2,1,30,0
41,53550.0,0.302,2,3,17,1
26,26079.0,0.134,3,0,2,0
49,15242.0,0.254,3,0,13,1
50,48872.0,0.541,4,1,21,0
61,52677.0,0.268,2,3,4,0
26,31296.0,0.631,1,0,26,0
43,82669.0,0.243,5,2,23,0
65,74785.0,0.089,2,0,8,0
33,53490.0,0.343,7,0,27,0
57,31593.0,0.304,7,1,13,0
37,12766.0,0.108,1,3,13,0
29,33284.0,0.059,2,1,10,0
55,14500.0,0.09,7,0,13,1
59,11175.0,0.281,6,1,28,1
65,50190.0,0.239,3,0,0,0
56,65261.0,0.305,4,2,34,0
36,13694.0,0.101,1,0,26,1
56,31944.0,0.348,5,2,33,0
22,35999.0,0.056,7,1,23,0
37,31376.0,0.175,3,0,2,0
31,18229.0,0.331,3,0,26,1
46,70652.0,0.408,4,0,23,0
54,18482.0,0.064,6,1,16,0
49,13703.0,0.241,4,0,20,0
29,18266.0,0.168,3,0,11,0
39,46197.0,0.15,3,0,32,0
25,31774.0,0.132,0,1,31,0
48,24708.0,0.346,6,1,20,1
57,47279.0,0.227,2,0,33,0
32,42887.0,0.272,7,1,16,0
46,11457.0,0.333,2,1,7,1
63,47041.0,0.395,2,0,15,0
26,65553.0,0.23,7,0,32,0
68,34146.0,0.295,1,0,29,0
37,32291.0,0.332,6,1,0,0
37,93614.0,0.33,6,0,23,0
55,25466.0,0.356,1,1,28,0
37,33429.0,0.223,1,0,2,0
40,42851.0,0.27,2,0,19,0
31,37206.0,0.019,6,0,32,0
27,31693.0,0.132,2,0,13,0
63,37972.0,0.121,0,1,23,0
25,79576.0,0.341,3,2,13,0
29,54384.0,0.294,0,0,5,1
61,34984.0,0.497,4,0,13,0
60,23577.0,0.328,1,4,16,1
31,25197.0,0.298,2,2,14,0
61,58402.0,0.246,0,0,8,0
56,16372.0,0.229,0,2,33,0
36,120764.0,0.127,5,1,20,0
24,35743.0,0.079,7,0,22,0
59,18228.0,0.266,3,0,19,1
54,39775.0,0.493,0,1,12,1
43,24334.0,0.365,7,0,33,0
34,29452.0,0.335,3,0,14,0
38,17062.0,0.572,2,2,1,1
34,32231.0,0.294,6,1,15,0
64,12565.0,0.207,5,2,15,1
30,26905.0,0.427,5,0,13,0
43,24013.0,0.195,5,1,6,0
52,28250.0,0.125,0,2,16,0
23,24783.0,0.247,2,3,0,0
45,36937.0,0.141,5,0,12,0
52,56613.0,0.392,7,1,27,0
46,43491.0,0.072,5,0,24,0
53,69538.0,0.385,3,0,26,0
44,28303.0,0.395,7,0,5,0
52,42717.0,0.333,4,0,32,0
68,43567.0,0.453,1,0,6,0
38,64591.0,0.337,3,0,20,0
38,25204.0,0.098,6,0,33,0
54,53875.0,0.497,3,1,8,1
25,23655.0,0.223,4,0,3,0
35,27311.0,0.523,0,0,12,0
29,30354.0,0.314,5,0,0,1
43,45551.0,0.583,2,0,21,0
26,21089.0,0.329,0,1,27,0
31,22611.0,0.215,7,0,22,0
41,26304.0,0.116,3,3,8,0
51,37206.0,0.094,6,1,1,0
42,22740.0,0.552,5,1,11,0
60,41439.0,0.362,7,0,31,0
60,30366.0,0.206,3,0,12,1
25,50461.0,0.167,5,1,32,1
55,37477.0,0.625,7,1,33,0
22,87209.0,0.348,5,1,27,0
29,38583.0,0.418,5,1,8,0
58,19748.0,0.096,7,0,8,1
49,32651.0,0.115,2,0,4,0
36,36701.0,0.053,4,1,12,0
28,23056.0,0.46,5,0,16,1
36,77540.0,0.474,7,0,24,0
59,31102.0,0.36,6,1,2,0
48,26309.0,0.194,3,0,10,0
27,39766.0,0.455,6,1,12,0
44,23084.0,0.127,4,0,13,0
30,58875.0,0.2,3,1,20,0
26,53246.0,0.43,3,1,23,0
25,38767.0,0.442,6,1,33,1
58,48814.0,0.189,0,1,1,0
28,28287.0,0.089,7,0,5,0
29,17131.0,0.315,1,0,4,0
63,30859.0,0.265,5,1,9,0
61,28261.0,0.201,7,1,1,0
45,13118.0,0.105,1,1,13,1
58,21398.0,0.209,4,1,9,0
22,19630.0,0.223,4,0,18,0
29,21442.0,0.276,0,0,16,0
38,70732.0,0.517,5,0,23,1
58,46909.0,0.334,7,0,29,0
25,58835.0,0.047,7,1,3,0
53,46854.0,0.371,7,1,6,1
24,62412.0,0.299,3,2,25,0
69,36808.0,0.069,5,1,12,0
31,77485.0,0.276,1,1,31,0
55,19620.0,0.128,2,0,0,0
51,35106.0,0.328,7,1,3,0
40,21754.0,0.396,2,1,16,0
58,67565.0,0.111,5,0,17,0
51,44797.0,0.527,6,0,0,0
43,65732.0,0.253,5,1,17,0
53,18003.0,0.235,0,1,11,0
35,26870.0,0.101,7,0,22,0
57,14884.0,0.165,1,1,29,0
55,43505.0,0.17,7,0,20,0
43,29317.0,0.006,1,0,32,0
53,52987.0,0.361,2,1,19,0
61,36895.0,0.074,5,0,12,0
52,12518.0,0.133,0,1,3,0
35,15832.0,0.484,3,0,9,0
34,37843.0,0.415,7,0,12,0
68,45838.0,0.027,7,3,26,0
60,11990.0,0.399,4,1,16,1
36,34831.0,0.097,6,1,24,0
56,21836.0,0.354,6,0,4,1
22,20845.0,0.146,7,0,13,0
54,26173.0,0.173,3,1,27,0
30,38629.0,0.189,2,2,31,0
36,25507.0,0.259,7,0,12,0
66,13453.0,0.181,3,0,15,0
27,38477.0,0.367,4,3,9,1
59,30475.0,0.226,5,1,32,0
40,22717.0,0.469,6,1,3,0
42,31135.0,0.421,7,0,30,0
43,30518.0,0.039,2,1,23,0
65,37124.0,0.422,2,0,33,0
45,32082.0,0.018,7,1,5,0
33,39447.0,0.326,2,1,3,0
21,35444.0,0.554,5,1,6,1
32,54712.0,0.907,5,2,9,0
28,80207.0,0.202,3,0,7,0
27,36042.0,0.181,5,1,12,0
69,26614.0,0.533,5,1,9,0
42,17705.0,0.054,1,2,26,0
69,50170.0,0.273,1,0,9,0
46,23127.0,0.413,3,1,10,0
31,117451.0,0.395,6,0,29,0
28,145741.0,0.373,3,2,7,0
58,32646.0,0.304,3,1,12,0
26,15796.0,0.298,3,1,12,0
23,50357.0,0.276,6,1,16,0
40,103714.0,0.34,1,0,10,0
36,18842.0,0.36,4,0,20,0
32,93810.0,0.152,5,0,28,0
46,14407.0,0.112,1,0,16,0
49,17552.0,0.399,1,1,34,0
42,42382.0,0.29,5,0,22,0
46,60376.0,0.365,0,2,10,1
53,35129.0,0.311,1,0,9,0
28,45466.0,0.245,3,1,1,0
39,63083.0,0.162,0,1,0,0
21,66842.0,0.165,0,2,25,0
68,26605.0,0.569,5,1,26,1
52,23583.0,0.404,5,0,16,0
60,61500.0,0.569,7,1,5,0
58,45575.0,0.154,4,1,15,0
21,48745.0,0.169,0,2,19,0
44,26093.0,0.233,4,0,12,0
63,49963.0,0.182,0,2,17,0
49,21010.0,0.253,0,0,16,0
50,41094.0,0.559,1,1,4,1
68,38403.0,0.204,0,0,4,0
57,38536.0,0.231,7,0,1,0
58,53669.0,0.366,5,1,21,0
60,21805.0,0.344,4,0,30,0
37,50943.0,0.591,0,0,32,0
68,36692.0,0.382,1,2,22,0
62,24446.0,0.172,0,0,32,0
22,18753.0,0.241,4,2,13,1
47,93371.0,0.168,6,1,25,0
33,35076.0,0.292,4,0,17,0
46,30410.0,0.277,1,1,13,0
60,20500.0,0.152,2,1,24,0
54,62588.0,0.192,3,2,32,0
60,60207.0,0.098,3,1,16,0
42,54680.0,0.279,0,0,23,0
24,35224.0,0.532,3,0,7,0
64,52872.0,0.244,1,2,17,0
24,24055.0,0.437,1,0,23,0
29,40490.0,0.488,7,3,9,1
56,35342.0,0.244,0,0,27,0
41,41503.0,0.282,6,2,26,0
44,14668.0,0.252,0,1,29,0
24,92489.0,0.086,1,1,27,0
29,81574.0,0.179,7,1,21,0
55,20435.0,0.342,1,1,19,0
48,48469.0,0.152,0,0,33,0
34,17266.0,0.302,3,0,10,0
40,37871.0,0.279,1,0,1,0
41,12114.0,0.336,5,1,13,0
66,31380.0,0.419,4,1,14,1
64,28456.0,0.248,4,1,21,1
44,64755.0,0.338,0,0,4,0
30,83637.0,0.12,2,1,7,0
48,84583.0,0.105,0,0,32,0
21,64804.0,0.202,7,1,16,0
52,37843.0,0.344,0,0,15,0
49,44097.0,0.292,6,1,1,0
65,43990.0,0.184,6,1,1,0
42,20127.0,0.373,5,1,28,1
48,64406.0,0.308,6,0,22,0
23,51279.0,0.402,7,0,13,0
61,52483.0,0.118,7,0,13,0
35,11606.0,0.113,2,0,15,0
58,45541.0,0.115,6,0,28,0
32,60043.0,0.112,2,1,30,0
38,36040.0,0.206,1,1,15,0
33,28272.0,0.098,2,0,13,0
65,18376.0,0.445,7,1,14,0
59,17728.0,0.217,1,1,16,1
55,39229.0,0.523,4,0,10,0
35,32294.0,0.158,1,2,10,0
56,32068.0,0.578,3,0,16,0
44,78000.0,0.399,7,2,28,0
56,19381.0,0.097,7,0,9,0
34,30551.0,0.38,6,1,15,1
47,84716.0,0.565,6,0,9,0
67,31069.0,0.726,4,0,16,0
24,37539.0,0.105,0,0,3,0
58,33271.0,0.096,5,0,17,0
55,51683.0,0.305,3,0,24,0
41,12997.0,0.37,1,0,23,0
65,32805.0,0.419,5,0,21,0
56,37318.0,0.058,0,1,18,0
46,22046.0,0.092,1,1,21,0
36,43122.0,0.117,3,0,15,0
54,53809.0,0.048,1,2,32,0
25,45523.0,0.052,5,1,22,0
33,88401.0,0.183,6,0,10,0
42,29241.0,0.288,5,0,22,0
31,46597.0,0.175,1,0,11,0
48,46075.0,0.171,4,1,24,0
63,32280.0,0.053,7,3,12,0
38,64004.0,0.479,7,0,16,0
40,41945.0,0.497,1,0,20,0
40,19920.0,0.125,1,1,34,1
56,52854.0,0.449,1,1,18,0
56,28291.0,0.567,2,1,20,1
32,30903.0,0.406,7,2,31,0
64,32069.0,0.243,0,2,27,0
52,52452.0,0.695,4,2,1,0
64,62286.0,0.384,7,0,16,0
63,33532.0,0.48,6,2,24,1
49,32584.0,0.262,3,0,11,0
55,13048.0,0.366,4,1,8,0
51,25466.0,0.239,3,0,18,0
50,22621.0,0.203,5,0,6,0
47,42429.0,0.025,7,0,20,0
32,34423.0,0.138,4,1,23,0
39,23054.0,0.114,3,1,10,0
55,39197.0,0.153,7,0,22,0
57,35108.0,0.395,2,1,26,1
43,10196.0,0.411,0,0,9,0
26,63194.0,0.15,1,1,14,0
27,60201.0,0.496,5,0,20,0
64,32242.0,0.492,3,1,23,0
27,43317.0,0.147,7,1,21,0
34,30865.0,0.396,5,0,10,0
24,16281.0,0.38,4,1,4,0
31,107137.0,0.166,7,1,16,0
62,52833.0,0.335,5,1,10,0
34,58122.0,0.464,1,2,12,0
61,31500.0,0.206,5,1,27,0
60,63767.0,0.464,5,0,14,0
55,18304.0,0.521,7,0,31,0
34,32121.0,0.616,0,1,23,0
69,52570.0,0.209,1,2,5,0
50,26545.0,0.073,6,0,5,0
58,57260.0,0.128,7,1,23,0
37,42272.0,0.487,2,0,8,0
53,40328.0,0.291,7,0,32,0
53,25336.0,0.53,0,0,12,1
50,44453.0,0.465,5,1,1,0
49,95442.0,0.657,3,3,9,0
55,39642.0,0.3,5,0,29,0
69,47953.0,0.546,7,0,6,1
63,51625.0,0.116,4,0,15,0
36,20492.0,0.106,1,2,28,1
64,33986.0,0.422,7,1,30,0
38,33473.0,0.521,2,1,5,1
33,12551.0,0.548,4,0,27,0
30,53878.0,0.248,1,2,22,0
55,22790.0,0.468,7,0,6,0
43,51012.0,0.223,7,1,15,0
61,24859.0,0.351,3,0,4,0
62,100816.0,0.295,3,1,5,0
47,31594.0,0.144,3,1,31,0
31,94900.0,0.207,7,1,10,0
26,33311.0,0.126,4,0,12,0
68,35357.0,0.126,0,0,3,0
36,79483.0,0.082,6,2,12,0
21,22953.0,0.375,3,0,3,0
40,37234.0,0.538,0,1,27,1
60,47561.0,0.506,3,0,12,0
25,44440.0,0.109,0,0,34,0
54,37105.0,0.402,2,0,26,0
41,34643.0,0.427,5,1,29,0
65,55449.0,0.331,3,0,13,0
42,39672.0,0.368,3,0,33,0
46,58876.0,0.291,2,0,19,0
43,44176.0,0.241,7,1,4,1
54,50267.0,0.304,1,2,4,0
24,64009.0,0.123,7,1,32,0
23,31100.0,0.121,2,0,30,0
49,63147.0,0.478,3,1,21,0
40,33577.0,0.251,5,3,11,0
29,18028.0,0.442,6,1,23,0
58,30804.0,0.161,3,0,6,0
57,25302.0,0.553,5,0,30,0
26,43812.0,0.519,3,1,12,1
30,31480.0,0.366,6,1,13,0
59,38713.0,0.236,6,1,33,0
44,60301.0,0.56,6,0,30,0
36,76335.0,0.439,5,2,22,0
46,42039.0,0.088,2,0,3,0
38,62494.0,0.227,5,0,4,0
25,33237.0,0.192,4,1,18,0
52,16621.0,0.202,1,0,5,0
55,20137.0,0.226,6,1,9,0
24,32930.0,0.203,6,1,26,0
33,54057.0,0.254,3,1,10,0
51,32977.0,0.122,0,0,29,0
58,65706.0,0.273,5,1,24,0
65,90746.0,0.19,1,0,2,0
50,23292.0,0.532,5,1,1,1
25,105075.0,0.371,3,2,10,0
38,16037.0,0.336,5,0,2,0
33,91530.0,0.553,7,1,1,0
69,35712.0,0.22,0,0,17,0
21,32324.0,0.405,0,2,4,0
39,36170.0,0.144,5,0,34,0
46,24343.0,0.056,3,2,4,0
35,76940.0,0.147,5,2,31,0
56,25694.0,0.368,0,2,15,0
27,27385.0,0.141,6,1,19,0
66,18222.0,0.132,1,1,0,0
40,25202.0,0.532,1,0,27,0
39,25588.0,0.087,3,1,24,0
66,24744.0,0.221,6,0,17,0
28,33261.0,0.38,0,0,14,0
43,20798.0,0.228,4,2,18,0
22,80600.0,0.251,6,0,14,0
46,33644.0,0.369,4,0,30,1
36,43784.0,0.09,0,3,33,1
57,55876.0,0.11,1,0,15,0
46,99954.0,0.114,4,0,11,0
51,57236.0,0.362,5,0,26,1
65,32083.0,0.18,1,1,1,0
67,21240.0,0.238,3,2,19,0
31,43004.0,0.479,0,2,14,0
45,61768.0,0.534,4,0,20,0
59,38986.0,0.242,3,1,16,0
27,37519.0,0.271,5,1,26,0
44,40406.0,0.258,2,0,16,0
48,14258.0,0.322,7,1,8,0
63,39075.0,0.214,0,0,16,1
25,52373.0,0.407,1,0,27,1
63,35495.0,0.109,0,0,11,0
32,63688.0,0.087,6,0,15,1
63,64760.0,0.143,2,1,19,0
53,28227.0,0.17,0,0,18,0
40,45292.0,0.329,6,0,30,0
27,37100.0,0.414,7,1,34,0
37,13170.0,0.342,6,2,12,0
57,33071.0,0.135,1,0,22,1
31,21689.0,0.426,0,1,18,0
53,38832.0,0.273,2,3,24,1
32,51092.0,0.553,1,0,29,0
24,32571.0,0.181,6,0,29,0
51,23155.0,0.149,2,0,13,0
60,40822.0,0.375,3,1,33,0
68,123236.0,0.08,5,1,4,1
45,12257.0,0.306,3,0,24,0
50,40799.0,0.229,2,2,15,0
54,27670.0,0.316,1,1,15,1
41,29347.0,0.228,1,2,17,0
22,34463.0,0.162,1,0,23,0
32,30576.0,0.188,4,0,30,0
39,49065.0,0.366,1,2,9,0
52,32180.0,0.151,5,1,29,0
35,12321.0,0.476,2,1,30,0
31,68860.0,0.375,3,0,26,0
65,63872.0,0.181,6,0,24,0
25,26812.0,0.15,5,0,13,0
59,37231.0,0.197,2,1,8,1
25,66756.0,0.094,0,1,9,0
36,60875.0,0.217,5,2,13,0
62,71588.0,0.522,2,1,15,0
62,43793.0,0.541,0,1,7,0
39,53357.0,0.026,4,1,11,0
21,73452.0,0.049,6,0,8,0
67,30588.0,0.342,5,0,34,0
64,45266.0,0.429,6,2,17,0
45,12416.0,0.213,1,1,2,0
22,16483.0,0.265,6,3,16,1
54,46630.0,0.075,2,2,17,0
59,50329.0,0.555,4,1,15,0
61,29922.0,0.368,1,0,13,1
56,26817.0,0.703,4,1,18,0
63,30401.0,0.349,7,1,27,0
46,39972.0,0.151,7,1,25,0
28,11420.0,0.176,2,0,20,0
54,45835.0,0.104,3,0,25,0
31,36909.0,0.5,7,1,2,0
51,41098.0,0.241,2,0,1,0
28,34137.0,0.129,7,2,23,0
22,18187.0,0.344,4,1,14,1
42,20971.0,0.157,4,1,17,0
50,77788.0,0.29,7,1,28,0
28,26336.0,0.226,6,2,21,0
59,54388.0,0.124,7,2,19,0
52,21138.0,0.105,0,1,3,0
60,36044.0,0.103,0,2,33,0
38,29134.0,0.09,1,0,17,0
53,31453.0,0.119,4,2,12,0
68,30638.0,0.577,3,0,18,0
29,74754.0,0.396,1,3,33,0
61,95201.0,0.305,5,0,5,0
51,40897.0,0.455,1,3,4,1
56,29544.0,0.142,7,1,21,0
51,18683.0,0.161,2,0,28,0
54,18051.0,0.116,3,0,31,0
59,74958.0,0.508,0,2,29,0
22,17426.0,0.252,0,0,0,0
22,29139.0,0.379,1,0,20,0
25,39248.0,0.133,1,0,8,0
66,9889.0,0.159,0,1,4,1
42,19433.0,0.287,3,1,11,0
69,18598.0,0.493,5,0,33,0
65,26034.0,0.178,5,0,19,0
37,41330.0,0.63,6,0,7,0
25,60712.0,0.349,4,1,25,1
62,26062.0,0.236,1,1,34,1
41,28830.0,0.255,7,1,23,0
35,34208.0,0.13,6,3,14,0
59,24276.0,0.258,2,1,16,0
44,44753.0,0.131,6,2,11,1
36,45449.0,0.52,4,2,33,0
40,9313.0,0.06,3,1,9,0
66,49997.0,0.544,1,0,11,0
35,38700.0,0.495,7,1,3,0
66,41332.0,0.224,5,0,27,0
49,65499.0,0.428,3,1,14,0
23,14866.0,0.126,6,1,28,0
26,19385.0,0.086,6,1,5,0
51,35062.0,0.415,4,1,3,0
27,11377.0,0.181,1,0,15,1
28,32669.0,0.087,3,0,1,0
43,55439.0,0.332,4,0,23,0
42,44281.0,0.576,1,2,34,1
67,37779.0,0.279,0,1,33,0
64,32326.0,0.171,7,2,12,0
66,29321.0,0.265,4,2,8,1
24,28489.0,0.26,4,0,23,0
60,40715.0,0.133,3,1,4,0
66,16723.0,0.068,6,0,1,0
50,75475.0,0.328,2,1,16,0
69,25114.0,0.014,0,0,26,0
60,47994.0,0.233,6,1,29,0
53,37804.0,0.42,2,1,12,0
40,20398.0,0.237,6,2,2,1
38,69309.0,0.294,3,2,20,0
40,62363.0,0.37,2,0,27,0
33,16559.0,0.066,4,4,1,0
49,35004.0,0.478,3,1,14,0
42,40283.0,0.189,3,0,3,0
35,12892.0,0.253,2,1,17,0
29,12578.0,0.342,2,3,28,1
46,23937.0,0.392,2,1,19,0
21,18833.0,0.514,3,1,19,1
39,21552.0,0.164,7,1,5,0
24,18835.0,0.128,2,1,27,1
37,34160.0,0.267,4,3,28,0
53,23245.0,0.577,0,2,5,0
52,63385.0,0.33,0,2,25,0
22,39741.0,0.06,5,1,11,0
55,54023.0,0.049,5,0,34,1
35,15613.0,0.538,6,2,29,1
44,26526.0,0.388,4,1,27,0
54,38875.0,0.498,2,0,20,0
22,45547.0,0.462,0,0,13,0
29,26269.0,0.256,7,1,23,0
29,28267.0,0.177,1,0,21,0
37,29859.0,0.207,7,0,7,0
21,31290.0,0.455,2,1,18,0
22,107162.0,0.112,4,0,19,0
46,42473.0,0.388,0,1,32,1
26,37047.0,0.509,6,1,25,0
42,19351.0,0.273,3,2,29,0
32,19581.0,0.205,4,1,6,0
69,32643.0,0.163,1,2,21,0
27,63907.0,0.438,2,0,10,0
44,32874.0,0.307,3,0,8,0
44,33585.0,0.078,0,1,0,0
57,25031.0,0.243,5,1,19,0
27,15202.0,0.289,2,0,33,0
68,45182.0,0.111,5,0,21,1
35,31979.0,0.161,1,1,31,0
22,45389.0,0.106,0,0,23,0
56,39235.0,0.102,7,2,3,0
47,22425.0,0.276,1,1,25,0
53,40648.0,0.242,7,1,29,0
65,19043.0,0.021,5,0,28,0
39,40488.0,0.32,4,1,19,0
65,35192.0,0.327,5,1,18,1
66,78456.0,0.065,4,0,33,0
47,23542.0,0.291,3,2,34,1
59,18705.0,0.793,7,0,17,0
22,29538.0,0.47,0,0,26,0
50,49244.0,0.245,5,1,7,0
24,8965.0,0.117,4,0,22,0
42,56262.0,0.234,1,1,29,0
57,32718.0,0.104,5,1,31,0
23,20518.0,0.544,7,1,32,1
40,30214.0,0.146,2,1,5,0
41,25071.0,0.336,4,1,18,0
32,19682.0,0.199,3,2,19,0
47,13776.0,0.283,0,0,14,0
60,52326.0,0.427,0,0,0,0
69,27454.0,0.292,1,0,27,0
65,29860.0,0.392,5,0,26,0
67,55403.0,0.263,6,0,2,1
30,37344.0,0.505,0,1,12,0
26,16652.0,0.259,1,0,29,0
29,50838.0,0.197,6,0,9,0
68,76261.0,0.233,6,0,30,0
31,46702.0,0.535,4,0,1,0
57,23564.0,0.552,6,1,10,0
40,17389.0,0.381,1,0,30,0
54,23140.0,0.074,0,0,0,0
57,38235.0,0.224,7,2,18,0
65,74097.0,0.676,2,0,0,0
25,24843.0,0.537,2,1,5,1
36,26253.0,0.088,4,0,34,0
26,60520.0,0.266,4,1,16,0
40,29231.0,0.354,0,0,27,0
38,85561.0,0.269,4,1,30,0
63,33723.0,0.566,4,1,12,0
55,65113.0,0.153,5,0,23,1
26,43976.0,0.266,7,1,31,0
42,51717.0,0.183,5,1,15,0
55,33239.0,0.217,4,1,31,0
57,34344.0,0.357,7,1,2,0
60,44777.0,0.548,3,0,31,0
32,54126.0,0.258,0,3,13,0
64,47242.0,0.433,6,0,17,1
65,15007.0,0.104,7,0,7,0
31,41309.0,0.054,7,0,28,0
53,26153.0,0.088,7,0,9,0
54,27641.0,0.13,7,0,1,0
64,45650.0,0.21,5,0,3,0
25,84877.0,0.057,0,1,5,0
32,32337.0,0.458,5,0,21,0
63,97386.0,0.288,0,1,22,0
22,20984.0,0.087,1,1,6,0
44,67230.0,0.69,4,0,3,1
35,45042.0,0.422,7,0,8,0
51,40307.0,0.149,1,2,1,0
44,72517.0,0.488,1,1,11,0
62,26416.0,0.31,4,0,3,0
24,68788.0,0.07,2,0,7,0
45,32723.0,0.404,6,1,15,0
46,26343.0,0.494,1,2,10,0
45,18707.0,0.061,7,0,17,0
24,80232.0,0.181,2,2,7,0
43,64256.0,0.207,2,1,32,0
64,28594.0,0.407,5,1,2,1
50,47701.0,0.012,6,1,14,0
26,38689.0,0.512,3,0,6,1
56,30441.0,0.085,4,2,18,0
66,58828.0,0.202,5,0,16,0
60,26563.0,0.564,5,1,28,0
25,12139.0,0.394,6,0,25,0
22,41354.0,0.153,1,0,28,0
29,37548.0,0.653,7,0,15,0
38,26994.0,0.672,0,1,11,0
66,23244.0,0.18,1,0,22,1
42,16652.0,0.235,6,1,25,0
68,30292.0,0.412,2,0,6,0
25,23444.0,0.395,4,1,31,0
58,58818.0,0.196,1,1,16,0
57,47016.0,0.126,6,1,28,0
68,28502.0,0.089,2,1,2,0
46,47163.0,0.237,0,0,11,0
50,34416.0,0.121,0,1,13,0
21,31738.0,0.048,1,0,25,0
64,35334.0,0.477,5,1,8,0
51,88050.0,0.097,0,1,25,0
55,50112.0,0.189,4,0,29,0
37,31281.0,0.205,5,1,8,0
24,56780.0,0.354,2,0,34,0
56,55765.0,0.172,4,0,23,0
56,41351.0,0.454,2,3,17,1
29,30814.0,0.286,3,2,3,0
61,29813.0,0.258,0,0,17,0
21,21214.0,0.43,1,3,9,1
52,39745.0,0.386,0,1,14,0
25,26771.0,0.356,0,2,0,0
57,29192.0,0.332,2,1,27,0
42,49613.0,0.658,2,1,4,1
37,84423.0,0.178,2,1,18,0
57,43787.0,0.741,0,0,3,1
60,34456.0,0.037,6,0,11,0
50,35976.0,0.138,7,0,33,0
56,64150.0,0.153,5,0,6,0
21,44084.0,0.177,1,0,5,0
61,40009.0,0.43,6,1,32,0
49,41452.0,0.578,2,1,2,0
28,17778.0,0.605,2,1,33,0
44,44145.0,0.51,6,0,26,0
51,23444.0,0.387,1,0,13,0
60,44232.0,0.286,7,0,22,0
46,25145.0,0.429,6,1,20,1
33,48805.0,0.08,4,3,22,0
33,33640.0,0.505,4,1,6,1
56,20482.0,0.177,2,2,31,1
63,31403.0,0.18,5,1,16,0
51,109419.0,0.271,3,2,23,0
60,11655.0,0.344,5,1,25,0
51,39465.0,0.106,0,0,23,0
45,21910.0,0.668,2,0,17,0
40,72290.0,0.122,0,0,15,0
44,54620.0,0.391,3,0,20,0
21,39853.0,0.268,5,0,19,0
49,57453.0,0.269,0,2,28,0
30,41039.0,0.218,6,2,26,0
65,36427.0,0.285,6,0,23,0
62,26919.0,0.088,2,1,12,0
45,30319.0,0.128,1,2,17,1
51,28795.0,0.105,5,2,1,0
22,36504.0,0.222,6,0,9,0
49,14100.0,0.458,5,0,14,0
62,60769.0,0.339,1,2,21,0
46,96128.0,0.404,4,0,13,0
63,29258.0,0.487,2,1,1,0
24,65348.0,0.063,2,0,6,0
68,33960.0,0.277,4,1,6,0
38,26872.0,0.155,7,0,24,0
22,30005.0,0.176,1,0,31,0
51,37905.0,0.165,1,3,28,0
51,25320.0,0.251,1,3,17,1
27,49173.0,0.241,1,1,5,0
37,28011.0,0.422,7,2,31,0
66,21235.0,0.307,0,1,16,0
30,35956.0,0.217,1,0,26,0
24,25669.0,0.205,5,0,11,1
61,30833.0,0.316,2,2,11,0
54,35343.0,0.18,7,1,19,0
45,18586.0,0.406,4,1,24,1
35,75315.0,0.379,1,2,3,0
63,54520.0,0.568,3,1,14,0
63,26502.0,0.138,0,1,32,0
21,35970.0,0.113,3,3,21,1
61,49906.0,0.386,7,1,2,0
44,40310.0,0.063,3,1,22,0
37,92960.0,0.159,5,2,28,0
38,32230.0,0.467,3,0,29,0
43,65808.0,0.31,7,0,6,0
49,18633.0,0.03,4,0,6,0
67,20123.0,0.179,5,0,26,0
22,84308.0,0.25,6,1,31,0
50,29261.0,0.3,6,1,9,0
24,20257.0,0.327,7,0,5,0
21,35459.0,0.432,3,2,27,0
35,68322.0,0.189,1,1,26,0
59,24791.0,0.244,1,2,32,1
37,35566.0,0.132,1,1,24,0
38,14368.0,0.225,4,0,32,0
65,28727.0,0.42,0,0,28,0
34,59790.0,0.332,2,1,30,0
58,24534.0,0.118,5,0,27,0
61,19227.0,0.261,3,0,14,1
52,24635.0,0.237,2,1,3,0
68,26773.0,0.533,4,1,15,1
69,53229.0,0.232,1,0,9,0
24,43910.0,0.507,0,2,33,0
29,48362.0,0.179,5,3,12,1
40,36835.0,0.387,4,0,31,0
53,26637.0,0.348,5,2,12,0
34,24632.0,0.06,2,1,16,0
52,45079.0,0.288,1,1,24,0
64,80378.0,0.257,6,0,13,0
21,22689.0,0.311,5,0,24,1
63,21829.0,0.307,0,1,3,0
44,20580.0,0.102,7,3,20,1
65,55037.0,0.149,4,0,12,0
54,35558.0,0.45,2,1,6,1
23,47940.0,0.109,2,0,16,0
65,28170.0,0.684,4,0,4,0
23,49470.0,0.33,0,2,29,0
33,31451.0,0.443,0,0,31,0
48,16773.0,0.324,3,1,11,1
65,57610.0,0.426,7,1,11,0
29,35664.0,0.274,3,0,10,0
47,31096.0,0.239,6,0,29,0
26,41800.0,0.13,6,0,0,0
37,17640.0,0.525,6,0,4,0
33,45042.0,0.134,1,1,1,0
41,26960.0,0.152,7,1,21,0
55,33589.0,0.492,6,1,28,0
56,64193.0,0.515,6,0,23,1
53,50066.0,0.11,0,1,5,0
22,33250.0,0.123,2,1,13,0
59,34526.0,0.324,4,0,33,0
52,10094.0,0.083,5,1,29,0
24,24078.0,0.46,5,1,2,0
67,39481.0,0.059,7,0,5,0
58,24783.0,0.484,0,0,28,1
54,18709.0,0.356,2,1,22,1
45,46170.0,0.243,0,1,4,0
59,69788.0,0.348,4,0,8,0
36,25319.0,0.155,2,2,22,0
56,56247.0,0.106,4,0,27,0
50,52177.0,0.382,3,0,26,0
50,22283.0,0.192,2,0,2,0
60,25239.0,0.278,2,1,7,0
29,89460.0,0.124,5,0,19,0
26,20775.0,0.298,7,1,19,0
48,26782.0,0.397,1,0,34,0
60,97040.0,0.279,1,1,27,0
33,27325.0,0.094,7,1,9,0
48,71432.0,0.158,7,0,5,0
67,21785.0,0.287,7,1,1,1
51,38915.0,0.274,7,1,18,0
24,62502.0,0.292,1,0,5,0
64,28746.0,0.204,1,0,18,0
68,38172.0,0.237,5,0,22,0
55,52692.0,0.232,6,0,26,0
50,23133.0,0.445,6,1,18,0
49,111321.0,0.151,7,0,12,0
51,61014.0,0.609,7,0,29,0
37,30375.0,0.23,1,0,22,0
52,32292.0,0.067,2,1,23,1
46,94453.0,0.039,4,2,33,0
59,30412.0,0.613,2,0,33,0
61,28679.0,0.774,6,1,24,0
55,64414.0,0.058,6,2,5,0
69,18029.0,0.074,5,0,0,0
42,34921.0,0.349,0,0,20,0
58,37876.0,0.188,6,1,5,0
37,25544.0,0.435,2,0,31,0
59,16601.0,0.71,2,1,13,1
34,37592.0,0.574,4,2,8,1
55,51231.0,0.456,0,0,14,0
21,25861.0,0.117,5,0,24,0
58,20133.0,0.07,5,1,11,0
35,68053.0,0.22,3,2,4,0
32,47290.0,0.513,2,0,15,1
37,30306.0,0.207,2,1,16,0
41,57551.0,0.224,5,0,33,0
27,40981.0,0.154,7,0,2,0
48,88841.0,0.365,3,0,28,0
27,50619.0,0.338,7,0,10,0
47,18125.0,0.473,3,0,4,0
39,26125.0,0.086,0,1,4,0
50,26757.0,0.492,7,1,15,0
28,42395.0,0.188,2,2,22,1
68,31203.0,0.405,5,0,23,0
21,20668.0,0.115,3,1,26,0
62,48755.0,0.419,4,0,5,0
38,59878.0,0.078,6,0,21,0
61,34497.0,0.235,7,1,1,0
50,40325.0,0.321,7,2,15,0
61,22387.0,0.209,2,1,33,0
48,27966.0,0.052,0,0,21,0
59,28543.0,0.504,5,1,27,1
53,48016.0,0.144,1,1,1,0
54,41275.0,0.316,2,0,30,1
49,30796.0,0.342,6,1,13,0
33,30191.0,0.351,4,0,27,0
62,13576.0,0.322,4,2,12,0
62,81059.0,0.221,6,1,23,0
56,12801.0,0.144,5,0,18,1
34,44844.0,0.517,7,0,26,0
40,37007.0,0.145,1,1,32,0
56,31798.0,0.217,3,1,18,0
30,36167.0,0.202,3,0,1,0
26,26069.0,0.206,6,0,8,0
40,50333.0,0.199,6,0,11,0
47,18830.0,0.228,2,1,3,0
64,42783.0,0.066,7,2,17,0
36,25877.0,0.39,5,2,20,0
31,29335.0,0.194,1,0,17,1
55,29734.0,0.247,7,0,7,0
63,33434.0,0.093,1,3,13,0
62,46680.0,0.122,5,1,28,0
51,35671.0,0.23,7,2,4,0
21,57901.0,0.036,5,1,18,0
52,61233.0,0.463,4,2,27,0
26,42378.0,0.471,6,1,34,0
59,51087.0,0.309,1,0,18,1
66,99954.0,0.424,2,0,13,0
50,17914.0,0.135,5,2,22,0
32,62197.0,0.133,5,0,14,0
35,78623.0,0.081,2,0,27,0
56,45109.0,0.074,5,0,9,0
58,94091.0,0.238,6,0,10,0
60,88157.0,0.17,4,1,10,0
25,30684.0,0.194,1,0,27,1
57,31881.0,0.247,7,0,16,0
68,47349.0,0.079,2,1,25,0
22,26581.0,0.359,3,1,2,0
42,140872.0,0.177,4,1,26,0
57,53875.0,0.132,1,0,29,0
46,37170.0,0.175,0,0,4,0
68,17942.0,0.342,6,0,3,1
54,41190.0,0.517,6,3,19,0
39,20074.0,0.281,1,1,31,0
51,53101.0,0.303,4,0,29,0
55,10393.0,0.055,5,0,13,0
59,72538.0,0.545,7,0,32,0
34,29376.0,0.361,7,0,16,0
65,15586.0,0.337,0,3,23,0
69,36019.0,0.158,6,0,33,0
31,36622.0,0.12,1,0,6,0
31,35166.0,0.225,5,1,25,0
39,72393.0,0.123,4,0,14,0
35,43934.0,0.204,7,1,9,0
30,54071.0,0.326,4,1,14,0
29,32069.0,0.036,3,2,10,0
55,44959.0,0.23,4,0,21,0
67,18878.0,0.096,0,0,5,0
25,41318.0,0.257,0,1,20,0
48,24857.0,0.1,5,1,22,0
34,70250.0,0.62,3,2,28,0
33,37713.0,0.011,5,2,23,1
49,50586.0,0.378,3,0,24,0
27,41405.0,0.315,6,1,31,0
25,89604.0,0.228,2,1,20,0
63,16644.0,0.237,3,0,9,0
42,34307.0,0.423,2,2,26,0
24,22470.0,0.349,1,1,2,0
63,13032.0,0.051,0,1,13,0
52,21753.0,0.183,0,2,7,0
57,65252.0,0.469,0,0,28,0
50,35772.0,0.315,2,0,33,0
44,32536.0,0.15,3,2,11,0
58,53463.0,0.312,6,2,34,0
37,38473.0,0.257,6,0,33,0
54,49349.0,0.054,4,0,12,0
64,42677.0,0.27,4,1,7,0
61,47636.0,0.128,1,0,17,0
48,29003.0,0.505,2,1,30,1
22,61301.0,0.48,1,2,29,0
21,19810.0,0.153,3,2,25,1
42,34787.0,0.304,2,1,16,1
53,62847.0,0.426,1,4,14,0
24,33623.0,0.29,3,0,33,0
41,29277.0,0.47,0,0,19,0
40,114030.0,0.55,6,1,29,0
43,73813.0,0.348,6,1,29,0
48,38980.0,0.147,7,1,25,0
34,22354.0,0.126,2,1,30,0
50,13127.0,0.138,4,1,21,0
43,51758.0,0.077,6,0,15,0
66,68387.0,0.639,3,0,7,0
36,44262.0,0.273,7,1,2,0
66,15439.0,0.557,1,0,6,0
68,39346.0,0.301,1,0,34,0
36,28469.0,0.149,4,1,30,0
40,39373.0,0.156,2,0,16,0
55,95963.0,0.025,4,0,8,0
43,53890.0,0.396,6,1,3,0
55,48438.0,0.416,2,2,8,0
33,35501.0,0.47,5,1,8,1
67,44678.0,0.314,2,1,29,0
55,25298.0,0.184,0,1,25,0
25,47929.0,0.337,6,1,1,0
32,32969.0,0.345,4,1,0,0
51,24074.0,0.11,5,0,25,0
35,54584.0,0.219,2,0,4,0
40,11899.0,0.336,3,1,21,0
