customer_id,recency_days,frequency,monetary,avg_order_value
1,142,10,359.42,20.18
2,256,5,60.7,34.14
3,11,6,568.38,33.62
4,240,8,192.81,128.25
5,173,6,260.7,33.11
6,303,5,88.38,55.75
7,353,8,1302.32,33.74
8,203,9,33.81,26.57
9,227,12,804.72,59.45
10,338,5,343.82,31.2
11,125,6,53.29,49.59
12,53,7,1247.78,61.15
13,185,11,369.08,115.98
14,130,6,37.09,23.78
15,232,6,174.52,41.41
16,286,6,375.26,42.28
17,184,7,963.52,44.72
18,113,9,176.37,161.48
19,206,5,29.44,40.99
20,162,9,786.2,12.68
21,68,4,364.51,40.48
22,282,7,41.02,42.13
23,121,5,321.87,39.63
24,197,6,350.32,31.21
25,331,5,188.71,23.09
26,69,7,126.24,131.6
27,156,4,150.24,52.41
28,64,7,188.62,40.6
29,160,7,324.98,129.52
30,110,11,459.75,28.95
31,334,5,43.89,60.41
32,111,3,300.3,23.94
33,224,5,361.53,65.06
34,50,4,280.15,25.35
35,167,8,176.99,56.56
36,304,7,761.93,118.7
37,245,4,717.32,46.84
38,103,4,182.55,14.94
39,354,9,228.96,45.51
40,293,7,453.72,56.84
41,147,10,682.73,70.14
42,355,5,127.43,93.39
43,69,8,105.96,95.8
44,121,11,304.7,41.87
45,339,6,99.6,32.15
46,354,6,51.62,25.55
47,300,4,126.94,34.12
48,70,5,341.63,56.73
49,80,8,848.01,22.78
50,236,3,138.79,28.12
51,21,4,221.54,59.21
52,361,4,277.12,32.35
53,343,4,145.64,53.78
54,295,11,136.77,29.75
55,353,3,319.89,51.62
56,84,8,93.88,30.39
57,321,5,132.43,17.27
58,94,7,208.08,72.09
59,45,10,316.7,31.57
60,96,9,72.81,39.48
61,283,6,220.38,31.64
62,344,3,87.12,58.69
63,223,3,141.55,52.8
64,90,9,459.85,58.62
65,219,7,230.66,33.96
66,186,5,930.07,43.6
67,189,11,230.96,55.07
68,128,5,530.81,96.8
69,51,5,462.12,52.11
70,132,5,242.12,27.07
71,325,9,85.41,51.11
72,149,3,224.95,41.16
73,8,6,159.78,16.46
74,126,7,154.91,17.77
75,168,5,277.18,43.24
76,219,7,76.73,45.1
77,234,8,121.62,38.58
78,155,3,108.89,69.55
79,53,9,199.66,28.01
80,161,7,132.35,22.35
81,2,8,139.5,29.58
82,185,9,272.7,32.95
83,163,7,171.31,43.42
84,130,13,245.63,30.0
85,241,6,100.23,15.32
86,275,6,126.12,12.37
87,97,6,1252.21,47.54
88,184,7,140.06,25.42
89,186,6,45.37,16.4
90,186,4,321.73,61.1
91,147,3,138.88,96.79
92,77,7,297.4,42.64
93,63,5,227.78,51.12
94,12,5,379.9,51.34
95,19,10,225.95,14.06
96,295,5,204.13,69.71
97,26,7,612.98,83.09
98,312,7,41.49,111.99
99,327,8,84.74,35.92
100,88,9,126.46,25.34
101,162,9,63.16,88.17
102,132,2,166.75,57.37
103,144,4,154.09,69.22
104,131,13,533.66,32.35
105,125,10,228.01,51.2
106,250,8,206.35,26.4
107,151,5,180.57,44.58
108,69,6,105.47,37.56
109,138,10,499.01,144.28
110,357,6,644.23,58.81
111,360,9,92.78,15.24
112,23,11,894.3,44.67
113,210,4,143.05,53.74
114,355,5,134.02,35.27
115,71,6,357.18,25.75
116,26,8,383.61,62.19
117,78,9,231.13,27.64
118,116,3,185.48,59.6
119,341,8,625.08,26.5
120,92,10,148.62,34.23
121,121,8,231.59,72.1
122,95,17,948.64,57.09
123,143,7,83.96,45.41
124,363,4,169.54,44.04
125,31,8,555.63,46.77
126,167,4,373.31,30.09
127,224,8,500.3,20.94
128,44,3,84.92,59.42
129,17,3,316.36,96.07
130,358,8,194.77,60.47
131,98,2,1507.09,50.76
132,89,8,467.55,24.43
133,127,5,240.36,69.31
134,27,4,307.57,56.87
135,54,3,255.55,65.37
136,9,3,428.04,74.96
137,195,7,123.34,98.79
138,169,4,729.36,25.6
139,100,11,84.79,23.47
140,335,9,288.31,48.14
141,112,6,126.54,28.18
142,7,5,253.22,25.85
143,37,3,539.38,82.27
144,264,8,62.19,26.99
145,195,5,213.67,44.45
146,95,5,77.34,19.77
147,91,5,195.68,46.13
148,80,5,77.18,80.75
149,154,6,278.5,81.99
150,257,6,174.0,75.38
151,233,10,444.83,42.98
152,273,4,653.83,77.93
153,16,8,246.79,55.43
154,204,7,500.16,35.89
155,279,15,739.49,54.1
156,74,4,117.02,69.61
157,213,5,771.23,23.01
158,3,5,237.57,26.31
159,332,8,111.87,41.6
160,269,8,310.68,24.27
161,227,8,230.98,24.09
162,219,4,79.39,36.22
163,244,12,101.41,73.41
164,154,9,906.74,72.72
165,352,4,305.78,52.49
166,78,9,800.66,48.92
167,296,9,175.34,126.94
168,278,5,128.86,34.14
169,305,5,63.65,50.43
170,26,7,530.8,33.3
171,163,8,339.85,23.48
172,234,7,176.61,80.84
173,226,6,129.78,38.37
174,251,3,602.75,63.27
175,231,8,212.34,39.53
176,82,6,214.17,83.37
177,302,5,151.32,27.15
178,176,8,176.63,79.99
179,354,8,379.97,69.9
180,190,5,78.79,18.22
181,196,11,261.02,34.52
182,216,12,525.56,74.47
183,318,5,228.65,101.36
184,329,5,568.72,63.93
185,213,9,715.14,36.66
186,199,8,504.15,27.55
187,20,9,159.21,59.34
188,25,9,237.85,36.13
189,269,5,322.67,36.9
190,126,5,168.04,39.96
191,159,11,163.61,69.47
192,229,7,155.92,110.3
193,81,7,1872.16,74.7
194,122,10,196.98,44.92
195,16,6,575.33,28.51
196,280,7,122.06,62.41
197,186,8,954.72,102.79
198,70,9,180.76,73.83
199,217,5,255.29,49.59
200,53,7,56.48,35.01
201,285,8,597.81,53.12
202,85,7,710.93,79.62
203,99,6,94.65,50.21
204,319,9,626.31,42.45
205,271,6,83.95,31.7
206,248,11,405.72,163.16
207,220,11,194.34,28.63
208,190,5,712.66,27.34
209,70,7,298.67,48.52
210,110,11,515.52,40.41
211,351,4,658.66,74.56
212,335,5,193.87,75.83
213,265,4,239.1,24.36
214,324,5,100.59,30.64
215,293,8,192.48,28.86
216,146,6,1143.28,66.17
217,261,5,447.93,55.38
218,274,8,106.09,37.12
219,51,8,902.49,49.81
220,333,5,334.02,25.45
221,180,4,475.49,30.84
222,115,7,362.28,23.34
223,173,6,342.34,48.07
224,120,7,49.49,47.98
225,122,7,593.22,27.33
226,199,7,40.31,55.18
227,364,10,551.58,75.83
228,149,4,264.98,26.7
229,79,8,477.41,37.97
230,278,5,277.75,57.79
231,108,3,563.97,44.56
232,196,6,247.87,22.51
233,93,8,306.35,35.86
234,78,6,338.26,35.27
235,92,14,1099.83,41.05
236,130,7,395.53,41.93
237,348,8,85.33,97.81
238,245,10,155.84,40.28
239,254,8,394.81,18.93
240,20,10,670.35,46.79
241,4,6,137.31,107.11
242,125,4,1468.36,41.12
243,324,8,281.6,35.91
244,6,9,342.56,38.38
245,279,4,89.72,59.86
246,299,5,597.28,38.29
247,102,12,171.29,20.95
248,43,10,134.73,31.95
249,56,5,189.85,43.28
250,29,6,739.68,58.43
251,308,7,355.17,33.4
252,287,4,120.15,38.55
253,245,3,160.08,45.72
254,33,7,755.71,30.3
255,346,2,202.53,42.7
256,250,6,383.11,56.46
257,302,7,465.97,24.7
258,139,13,15.88,52.1
259,72,9,672.84,25.92
260,300,3,123.73,26.18
261,19,7,183.37,32.09
262,67,8,838.37,88.47
263,56,3,778.63,18.96
264,31,2,362.94,35.45
265,201,11,438.23,44.11
266,84,20,535.05,80.13
267,352,12,768.23,118.39
268,340,5,850.59,36.2
269,62,8,266.71,58.54
270,302,9,135.66,42.64
271,15,7,199.51,42.5
272,105,10,270.9,51.25
273,241,8,234.52,20.23
274,76,7,108.88,43.64
275,29,7,347.04,56.0
276,58,10,69.81,29.08
277,240,5,261.99,56.19
278,81,13,275.78,18.84
279,90,12,268.32,46.84
280,75,9,483.46,87.45
281,321,7,434.8,40.07
282,324,4,1448.3,27.41
283,294,10,161.71,21.92
284,8,9,305.96,54.34
285,92,9,290.67,71.09
286,321,6,279.93,43.46
287,202,3,88.95,35.45
288,16,10,94.94,17.02
289,91,5,245.96,47.56
290,301,8,69.36,31.67
291,320,8,187.29,32.59
292,155,5,145.76,100.3
293,56,5,192.79,18.16
294,29,11,605.38,19.42
295,83,4,103.27,50.18
296,291,7,490.7,36.87
297,301,11,154.93,34.49
298,94,8,171.16,51.23
299,356,11,355.11,50.8
300,320,4,196.5,27.47
301,360,9,119.82,33.25
302,274,10,181.96,45.82
303,209,8,59.07,48.6
304,358,5,331.94,56.92
305,251,12,20.46,33.4
306,303,4,497.91,53.17
307,147,6,400.3,71.89
308,88,9,881.08,45.76
309,209,10,1402.01,42.46
310,149,6,517.3,39.73
311,128,6,148.13,32.83
312,254,10,1391.44,27.97
313,223,8,94.15,38.51
314,116,6,53.4,56.0
315,88,6,1077.04,28.66
316,199,4,395.93,43.05
317,120,8,54.56,40.62
318,87,5,82.74,108.73
319,81,3,380.33,64.16
320,242,4,122.0,63.64
321,152,5,136.88,70.81
322,125,5,1179.84,34.03
323,42,10,1364.52,88.98
324,21,5,275.18,48.4
325,253,6,216.94,43.71
326,353,7,503.69,24.35
327,119,6,156.13,36.57
328,308,5,41.08,18.49
329,219,13,26.86,39.48
330,111,9,230.7,33.51
331,207,7,495.47,36.63
332,48,6,247.84,22.35
333,123,8,467.77,63.55
334,268,4,506.67,60.12
335,310,11,741.62,104.05
336,81,7,284.01,102.59
337,332,5,305.12,48.33
338,221,8,237.59,74.57
339,84,7,198.99,50.94
340,284,9,69.57,36.1
341,321,9,624.9,38.9
342,100,7,180.01,61.53
343,39,1,171.94,345.14
344,104,12,158.65,80.11
345,276,6,83.74,50.56
346,23,12,228.51,56.93
347,106,7,369.87,56.68
348,117,7,139.18,42.73
349,7,15,561.2,65.25
350,218,10,182.23,41.36
351,294,8,71.8,26.96
352,57,10,734.33,56.87
353,323,2,286.8,60.8
354,347,12,488.15,41.56
355,317,11,497.45,52.19
356,263,4,114.79,72.27
357,164,4,161.17,43.56
358,75,12,559.72,35.75
359,333,7,1062.28,31.35
360,194,10,257.4,39.37
361,165,9,148.15,96.3
362,143,7,939.99,40.48
363,80,5,148.22,53.5
364,140,9,318.36,38.01
365,291,10,173.78,36.41
366,204,5,303.46,28.8
367,144,7,114.85,47.0
368,40,5,181.32,34.52
369,152,5,148.14,84.51
370,79,5,415.63,42.36
371,145,9,278.82,43.72
372,55,9,494.8,40.85
373,345,5,126.39,53.81
374,64,10,207.11,94.2
375,46,6,403.44,26.58
376,239,4,486.37,51.36
377,126,4,76.97,20.4
378,363,6,315.52,82.4
379,148,6,127.66,42.35
380,238,5,506.46,21.17
381,304,12,1083.99,23.62
382,359,6,30.28,67.15
383,295,3,144.78,19.45
384,211,6,302.18,51.37
385,297,5,243.94,36.08
386,104,7,518.9,40.55
387,317,5,260.67,31.92
388,318,8,160.17,27.76
389,140,7,108.17,35.03
390,25,4,94.55,59.5
391,250,15,135.07,38.62
392,38,12,155.7,55.18
393,7,13,332.62,39.6
394,345,8,215.86,60.68
395,207,12,145.37,55.01
396,237,9,109.13,34.11
397,321,11,139.48,27.75
398,339,4,155.83,72.08
399,349,9,134.49,29.76
400,49,6,419.26,57.42
401,118,8,731.02,45.4
402,280,6,95.5,35.46
403,11,7,599.08,55.41
404,86,8,426.06,88.58
405,188,7,282.56,61.11
406,125,7,829.92,47.69
407,63,9,213.53,100.56
408,328,5,337.48,19.35
409,164,4,270.15,25.63
410,150,6,254.55,35.44
411,240,5,353.26,90.89
412,245,7,253.95,71.62
413,180,7,355.28,18.95
414,323,6,143.19,35.94
415,108,13,146.81,23.06
416,317,7,142.67,43.81
417,317,8,182.76,70.17
418,4,3,550.39,72.81
419,275,6,169.06,51.11
420,58,7,412.39,36.14
421,177,4,302.58,42.62
422,335,7,171.89,62.91
423,72,8,697.39,144.55
424,205,4,440.93,24.72
425,284,8,245.04,98.93
426,175,9,229.31,50.5
427,29,9,263.74,67.37
428,24,10,71.98,49.04
429,189,4,126.47,90.21
430,10,4,354.25,52.71
431,6,5,68.97,32.32
432,348,8,134.55,55.98
433,194,10,178.75,78.52
434,173,11,2497.2,44.71
435,37,10,419.47,15.85
436,287,12,588.67,42.2
437,186,9,128.49,46.95
438,81,3,326.9,43.71
439,275,10,59.85,34.89
440,87,10,187.82,86.62
441,184,10,366.61,13.65
442,204,8,78.72,46.85
443,102,4,335.13,47.18
444,319,9,358.12,127.41
445,257,10,151.11,44.38
446,106,8,125.48,55.86
447,57,5,138.08,47.58
448,120,10,185.39,46.86
449,170,4,189.92,107.93
450,201,2,367.85,25.64
451,146,6,159.57,32.02
452,15,5,881.57,65.18
453,247,8,876.47,50.83
454,138,7,295.59,38.8
455,123,10,185.73,43.15
456,203,8,159.71,70.6
457,305,3,315.26,56.97
458,2,9,362.63,31.3
459,350,8,208.35,50.34
460,233,11,178.66,43.6
461,200,8,324.47,56.55
462,19,5,258.59,38.07
463,259,7,154.83,24.43
464,263,7,267.85,62.56
465,204,9,150.77,58.81
466,292,6,134.11,90.71
467,306,9,243.72,23.15
468,306,8,154.51,43.16
469,119,10,136.13,39.84
470,246,4,564.86,36.67
471,21,7,178.79,20.69
472,205,6,1069.22,26.23
473,54,6,403.96,51.18
474,112,6,126.9,34.82
475,247,10,618.82,29.57
476,155,4,137.92,91.4
477,315,6,1186.4,146.48
478,32,3,293.23,43.46
479,354,6,377.68,21.09
480,258,11,250.83,54.5
481,157,11,302.69,15.76
482,9,4,203.71,22.76
483,16,11,116.67,54.97
484,151,8,321.1,22.38
485,209,5,555.48,38.55
486,185,7,94.39,21.29
487,109,5,839.14,45.98
488,237,9,395.8,78.38
489,224,7,172.51,32.9
490,125,5,170.06,44.27
491,119,6,1087.17,29.73
492,162,11,518.52,30.79
493,271,7,609.14,29.5
494,214,9,200.17,66.22
495,47,8,381.62,22.05
496,337,8,323.6,37.87
497,74,7,212.78,54.87
498,245,4,267.04,70.45
499,7,8,594.69,55.72
500,93,9,879.78,43.11
501,206,7,200.1,33.63
502,309,4,85.59,71.0
503,205,9,911.3,28.97
504,21,7,920.51,29.19
505,348,8,337.08,87.9
506,100,6,1026.7,53.52
507,133,4,318.01,54.48
508,40,7,118.24,60.3
509,254,10,85.65,42.63
510,163,8,85.0,21.78
511,80,8,245.59,50.68
512,232,9,168.51,44.3
513,72,7,153.99,29.09
514,194,11,224.63,25.93
515,242,5,486.08,43.67
516,296,6,157.97,22.67
517,253,8,138.06,41.61
518,207,5,166.53,39.17
519,13,4,511.19,42.12
520,85,6,231.36,54.67
521,211,9,306.1,61.01
522,196,6,847.61,31.32
523,195,4,2379.44,69.05
524,268,10,408.43,40.06
525,330,7,377.32,107.41
526,184,8,94.86,33.36
527,49,6,328.59,19.97
528,161,9,257.13,67.82
529,93,7,499.6,55.3
530,193,7,178.85,81.52
531,215,6,287.31,52.19
532,200,5,397.1,144.03
533,212,5,1117.48,40.67
534,114,8,854.93,75.43
535,65,9,673.75,34.37
536,311,8,437.77,57.16
537,147,10,173.29,62.74
538,76,13,437.57,67.78
539,363,6,131.92,65.9
540,12,7,207.48,8.86
541,127,8,1015.05,43.19
542,270,7,376.3,33.53
543,150,9,293.42,37.01
544,307,6,325.24,38.8
545,131,5,227.0,72.87
546,234,5,43.61,49.47
547,156,7,88.99,34.68
548,171,8,400.93,21.45
549,182,8,117.16,96.21
550,355,7,224.51,32.34
551,277,6,91.66,41.87
552,135,6,137.7,130.25
553,152,7,243.86,32.78
554,148,11,512.39,38.95
555,268,6,601.52,50.2
556,216,8,135.95,20.03
557,195,5,312.74,18.9
558,157,10,78.23,35.13
559,146,10,255.99,35.75
560,203,7,524.61,47.8
561,303,6,231.91,27.41
562,352,9,701.03,55.53
563,23,11,477.96,15.21
564,87,6,296.8,43.16
565,250,8,200.38,53.52
566,55,8,159.58,52.68
567,223,5,76.22,41.21
568,155,4,86.82,32.13
569,70,7,542.37,40.61
570,184,7,821.35,82.85
571,186,7,103.05,33.12
572,260,7,258.41,72.9
573,301,9,69.44,78.93
574,348,7,112.01,18.77
575,160,8,301.23,41.93
576,251,6,161.59,27.42
577,287,5,52.83,21.1
578,360,5,967.86,66.42
579,237,7,235.26,56.64
580,90,9,101.14,51.0
581,125,7,271.08,25.98
582,77,8,229.36,49.66
583,72,5,342.91,23.21
584,112,4,186.44,46.46
585,182,8,314.63,32.11
586,287,4,520.56,75.6
587,106,10,85.24,37.28
588,68,9,140.53,50.18
589,47,3,478.86,50.23
590,72,9,157.42,43.04
591,158,3,229.22,47.12
592,150,6,167.95,52.03
593,146,4,176.55,28.55
594,116,9,164.95,54.68
595,165,6,89.39,68.85
596,236,6,353.31,54.53
597,17,3,572.4,37.45
598,325,14,212.47,48.77
599,112,6,522.99,37.27
600,51,8,165.2,42.12
601,64,3,157.58,24.68
602,200,8,339.87,89.12
603,190,8,344.43,117.65
604,33,9,223.59,31.44
605,182,5,420.43,66.23
606,81,10,87.39,92.66
607,332,7,191.87,27.69
608,113,5,529.46,15.19
609,364,1,528.32,95.43
610,211,10,477.62,44.47
611,352,3,553.68,34.48
612,202,3,181.63,45.77
613,46,3,62.54,37.17
614,235,6,198.93,196.32
615,174,7,406.99,34.28
616,299,7,463.84,52.65
617,143,5,160.61,85.3
618,69,4,112.8,85.09
619,42,8,122.14,77.32
620,271,2,158.39,36.13
621,85,3,53.64,41.43
622,243,11,160.5,15.07
623,49,8,254.25,43.07
624,30,8,226.26,45.44
625,259,3,187.88,64.77
626,126,7,140.98,109.7
627,207,8,154.74,63.79
628,11,13,156.95,76.35
629,69,8,430.26,44.31
630,33,8,244.51,84.96
631,102,6,3082.43,44.95
632,104,12,187.57,79.07
633,137,5,347.34,66.84
634,89,4,190.94,54.4
635,167,4,187.27,20.69
636,328,10,853.97,77.22
637,32,7,543.5,54.0
638,326,4,60.11,63.52
639,151,8,107.98,52.29
640,211,4,219.42,57.0
641,245,10,161.79,85.65
642,268,2,73.21,35.27
643,344,5,268.44,56.48
644,364,10,54.46,30.3
645,36,9,270.81,59.64
646,150,11,438.77,50.69
647,197,5,491.86,32.61
648,191,8,218.01,46.84
649,361,9,819.47,33.64
650,238,8,319.04,37.0
651,147,7,481.38,53.38
652,336,5,135.77,51.12
653,267,3,826.59,17.11
654,291,8,244.11,53.8
655,229,9,863.87,38.41
656,24,8,725.25,36.34
657,354,7,300.7,25.44
658,260,4,338.51,43.7
659,55,9,211.89,34.41
660,92,5,127.06,84.5
661,125,4,393.92,18.64
662,93,5,378.13,27.61
663,227,7,67.02,26.69
664,200,6,229.01,50.87
665,78,12,490.0,80.36
666,254,7,790.44,57.49
667,105,9,437.14,25.86
668,58,5,72.69,36.07
669,349,7,105.26,29.83
670,115,3,185.53,57.62
671,85,4,749.23,35.7
672,261,4,150.56,22.06
673,278,6,570.71,59.88
674,56,10,148.64,84.07
675,21,7,374.69,40.88
676,310,4,115.35,47.47
677,184,7,209.55,21.05
678,166,6,98.96,15.96
679,154,11,776.25,17.73
680,214,6,140.35,43.71
681,246,6,70.97,38.32
682,30,10,66.62,58.74
683,97,11,228.53,40.49
684,348,6,169.62,73.25
685,61,9,411.16,69.14
686,331,10,202.74,38.05
687,147,5,621.9,27.07
688,70,9,179.77,17.15
689,217,9,556.23,91.54
690,242,10,114.2,27.9
691,128,8,73.5,21.15
692,289,8,126.64,47.7
693,24,7,99.19,21.25
694,45,4,90.69,47.68
695,227,11,340.67,37.78
696,211,7,198.06,70.94
697,255,9,274.08,67.92
698,310,7,373.17,77.61
699,339,4,63.53,49.56
700,185,13,386.04,29.1
701,183,6,93.3,26.62
702,337,10,154.25,34.28
703,350,4,53.86,121.16
704,18,9,413.09,39.46
705,185,10,63.35,48.45
706,335,8,93.68,95.52
707,19,9,99.28,50.77
708,356,11,220.74,30.74
709,273,7,215.42,64.4
710,57,2,468.49,36.08
711,234,6,225.05,51.65
712,157,7,529.86,57.75
713,122,3,331.44,34.91
714,226,3,114.85,49.07
715,268,6,143.49,99.49
716,326,7,819.31,32.68
717,152,9,653.24,86.35
718,59,12,473.08,33.27
719,315,8,525.52,110.06
720,122,12,354.99,29.14
721,277,5,319.92,36.71
722,291,5,254.62,95.02
723,22,3,952.49,97.14
724,150,3,168.73,67.3
725,31,11,296.56,26.03
726,221,10,62.39,46.58
727,290,7,77.9,44.73
728,204,7,1045.37,29.14
729,118,4,400.78,63.33
730,355,9,206.41,30.32
731,32,8,260.51,23.45
732,52,8,82.56,19.88
733,134,6,173.73,105.23
734,346,5,76.21,34.63
735,326,7,193.21,35.0
736,206,5,421.68,26.7
737,347,9,351.65,88.58
738,330,9,872.44,22.42
739,214,7,309.76,24.48
740,43,10,33.69,38.06
741,328,7,1165.07,44.22
742,234,7,124.89,62.14
743,52,8,278.57,31.89
744,306,8,265.46,96.75
745,146,6,296.7,32.0
746,287,6,254.28,27.0
747,96,10,257.89,25.74
748,4,9,85.0,30.36
749,166,3,1938.34,24.92
750,165,5,412.05,65.07
751,315,15,255.06,27.1
752,42,5,1067.95,41.83
753,333,5,103.8,26.72
754,56,7,490.15,24.85
755,341,7,156.94,77.73
756,258,5,337.6,99.62
757,132,9,343.63,84.31
758,349,7,37.74,21.42
759,131,4,77.84,22.96
760,231,7,870.57,120.2
761,6,5,199.99,39.36
762,38,8,1213.5,22.48
763,129,4,697.92,76.79
764,89,4,205.16,46.23
765,83,6,191.17,59.43
766,138,11,914.83,14.6
767,222,7,1316.08,37.97
768,46,5,194.56,71.84
769,274,8,837.59,32.45
770,309,5,557.81,82.89
771,305,9,640.36,23.14
772,71,6,265.31,42.25
773,321,7,142.89,101.74
774,48,5,105.27,25.14
775,39,11,86.19,51.2
776,265,6,1128.58,59.89
777,277,5,246.84,46.79
778,47,3,97.92,39.45
779,152,7,545.63,28.84
780,150,5,166.82,49.32
781,264,6,145.36,42.46
782,188,7,1279.73,21.8
783,219,14,84.39,77.47
784,30,3,295.31,28.36
785,356,3,152.52,22.08
786,203,13,134.24,33.19
787,244,9,75.86,28.61
788,175,11,256.64,39.29
789,90,4,121.62,24.02
790,244,5,392.72,55.92
791,105,4,235.66,89.17
792,80,3,190.55,47.13
793,202,8,122.14,21.71
794,130,6,768.6,28.31
795,326,5,440.78,49.93
796,241,10,141.87,16.72
797,136,8,82.49,24.13
798,13,12,54.03,19.61
799,125,3,607.82,47.36
800,43,13,506.41,131.77
801,80,8,565.24,23.8
802,104,5,222.24,67.23
803,238,8,466.29,33.72
804,39,5,556.55,23.1
805,59,7,231.4,97.72
806,15,8,183.73,131.62
807,334,8,112.05,54.92
808,360,3,344.1,53.58
809,109,4,382.75,46.11
810,166,3,176.76,41.51
811,110,8,194.22,52.99
812,195,6,205.65,62.68
813,201,7,460.81,102.69
814,93,4,81.49,34.42
815,235,7,101.07,47.64
816,3,7,102.66,42.77
817,235,11,217.28,74.59
818,274,8,314.89,148.42
819,20,7,104.05,75.89
820,264,4,506.34,66.63
821,269,5,788.49,70.38
822,355,9,340.71,84.24
823,294,6,600.78,149.49
824,8,11,117.67,19.25
825,30,4,119.93,60.33
826,50,3,369.33,12.3
827,212,8,237.29,71.93
828,260,6,119.75,58.88
829,240,6,765.12,34.01
830,121,6,310.76,11.76
831,74,10,429.12,44.38
832,24,9,142.68,49.97
833,137,8,938.17,43.31
834,110,8,216.0,32.76
835,111,7,552.94,28.55
836,32,6,153.51,43.56
837,107,5,280.04,29.94
838,305,7,382.32,67.0
839,88,11,1207.52,42.98
840,320,8,172.12,18.87
841,32,4,287.74,48.83
842,232,12,392.87,54.99
843,40,10,78.9,100.38
844,141,8,42.97,71.1
845,348,12,110.31,28.52
846,280,7,530.46,91.19
847,187,6,965.96,22.35
848,230,10,116.93,45.34
849,241,7,92.45,65.17
850,289,8,835.3,92.7
851,216,6,155.66,114.94
852,186,4,181.74,84.55
853,28,9,786.28,41.75
854,349,4,689.36,59.73
855,207,7,516.59,50.01
856,106,4,62.23,31.35
857,50,7,89.41,42.19
858,220,9,599.69,109.83
859,285,7,315.55,61.75
860,295,13,131.34,125.17
861,323,5,185.74,26.02
862,326,6,595.14,36.94
863,227,6,830.55,55.02
864,345,8,243.53,64.79
865,27,6,141.24,42.17
866,144,6,196.29,66.7
867,177,8,716.55,66.45
868,255,7,705.44,22.33
869,109,5,285.83,65.15
870,106,6,160.2,76.45
871,329,6,581.85,51.84
872,237,6,896.37,17.81
873,232,6,76.49,38.92
874,68,5,203.17,55.64
875,183,7,616.94,29.0
876,154,4,259.55,70.75
877,226,6,165.53,64.38
878,335,5,283.77,47.81
879,102,7,329.17,45.09
880,296,7,99.34,49.23
881,231,10,263.13,44.61
882,181,5,328.28,23.51
883,346,12,165.23,36.05
884,54,17,131.16,46.35
885,247,5,159.12,90.86
886,146,9,112.54,63.18
887,249,8,483.23,93.33
888,51,6,111.4,22.14
889,269,9,284.64,37.41
890,25,7,181.39,126.08
891,127,8,139.08,30.83
892,330,7,732.94,30.52
893,231,5,220.38,39.02
894,179,6,143.23,122.62
895,121,6,132.68,31.95
896,33,6,320.94,59.07
897,41,6,474.03,54.38
898,261,9,676.28,17.04
899,100,8,213.98,44.35
900,28,10,203.94,33.9
901,160,5,271.72,62.74
902,145,6,279.7,106.65
903,349,11,131.94,37.63
904,84,7,788.34,37.63
905,98,9,249.08,157.42
906,60,4,375.32,31.32
907,69,5,343.63,22.84
908,195,8,338.03,89.01
909,82,8,109.59,43.58
910,262,11,243.44,51.5
911,298,3,1517.16,136.42
912,178,6,871.08,22.16
913,88,7,277.44,40.54
914,299,8,182.46,24.09
915,352,3,41.5,52.86
916,334,3,164.37,33.9
917,335,4,229.81,24.87
918,294,7,189.83,64.47
919,269,8,200.71,44.93
920,349,4,402.6,23.91
921,124,8,109.92,24.65
922,339,10,304.33,49.6
923,8,9,224.03,19.39
924,304,10,120.8,50.09
925,122,6,933.82,87.34
926,107,7,445.08,62.4
927,246,5,130.44,32.73
928,64,3,370.11,51.27
929,362,7,80.51,23.91
930,265,6,143.91,47.85
931,7,4,707.73,37.96
932,308,3,324.15,26.58
933,40,7,303.98,61.06
934,300,2,538.92,16.63
935,296,3,399.02,24.71
936,235,8,197.78,26.24
937,219,4,517.56,34.73
938,303,4,63.36,85.6
939,310,8,143.45,65.18
940,258,10,226.43,47.12
941,63,10,379.25,46.02
942,243,6,188.67,44.44
943,74,3,58.72,88.76
944,17,12,52.48,18.03
945,56,7,231.72,65.74
946,168,10,166.96,34.67
947,351,6,118.16,57.48
948,13,8,103.36,57.62
949,27,9,272.33,64.5
950,34,8,693.54,98.67
951,70,11,272.35,22.52
952,197,11,700.98,73.9
953,299,6,181.42,43.3
954,18,5,348.89,35.5
955,293,7,721.72,123.58
956,333,10,215.66,63.49
957,29,11,249.83,36.28
958,164,8,181.35,72.14
959,297,7,393.08,43.68
960,255,8,503.62,36.0
961,68,7,324.09,33.01
962,54,4,203.66,52.05
963,163,6,73.72,32.89
964,309,9,235.39,48.31
965,346,6,209.86,69.65
966,175,11,295.54,47.24
967,193,6,268.66,120.09
968,204,6,860.86,45.0
969,179,6,140.17,87.75
970,237,2,69.39,72.83
971,100,10,98.1,95.84
972,197,8,147.39,119.83
973,224,9,581.5,18.53
974,206,5,86.68,51.04
975,355,12,96.44,42.27
976,272,6,340.74,47.26
977,268,7,482.72,36.65
978,294,4,70.85,34.07
979,193,12,59.28,25.8
980,112,11,130.42,46.93
981,196,10,414.01,71.31
982,336,6,274.4,34.92
983,321,11,134.29,37.93
984,129,7,442.1,31.53
985,176,5,270.28,27.19
986,100,6,224.51,39.72
987,5,4,67.26,53.07
988,114,11,132.1,83.82
989,37,8,1170.92,24.63
990,131,7,186.97,44.03
991,20,5,113.81,80.57
992,116,1,180.22,24.79
993,261,5,269.15,84.23
994,308,7,496.05,35.89
995,324,8,402.17,63.79
996,205,5,142.41,40.08
997,199,5,676.72,56.23
998,353,6,469.54,99.94
999,203,5,171.38,42.07
1000,31,7,220.84,73.57
1001,341,5,395.65,51.28
1002,224,7,578.11,30.17
1003,243,5,72.61,41.56
1004,35,8,258.88,40.28
1005,171,3,238.67,22.07
1006,168,3,155.01,56.23
1007,297,3,154.37,62.11
1008,140,9,568.78,67.1
1009,125,5,375.31,91.37
1010,248,6,1319.9,72.02
1011,6,10,155.11,33.07
1012,272,6,273.06,36.78
1013,3,5,313.49,67.99
1014,87,5,501.13,54.32
1015,182,6,725.41,44.3
1016,71,1,263.72,28.87
1017,13,6,101.92,34.28
1018,153,7,138.56,59.82
1019,258,4,274.29,16.85
1020,89,2,600.77,13.87
1021,100,10,76.93,63.22
1022,247,9,95.97,34.24
1023,345,8,448.42,56.5
1024,189,9,86.93,98.33
1025,204,4,99.48,26.94
1026,302,13,607.43,19.4
1027,25,6,204.99,38.93
1028,358,4,192.82,31.74
1029,174,8,731.16,44.14
1030,138,11,104.55,58.5
1031,225,5,89.02,52.63
1032,332,6,900.88,45.75
1033,342,11,294.91,75.87
1034,283,6,421.48,62.51
1035,177,7,190.78,40.83
1036,55,4,224.69,61.41
1037,70,5,139.35,20.64
1038,305,5,315.61,76.09
1039,46,8,475.85,45.2
1040,176,10,286.23,24.52
1041,149,10,571.76,36.3
1042,259,4,415.68,75.1
1043,125,8,105.77,30.45
1044,256,3,217.94,54.89
1045,185,8,170.94,69.37
1046,323,9,447.08,45.25
1047,69,7,353.99,29.01
1048,278,10,270.94,43.3
1049,263,8,550.52,22.09
1050,301,5,55.01,35.01
1051,179,9,151.03,25.7
1052,117,8,161.64,43.66
1053,189,7,299.28,23.7
1054,355,7,380.79,46.61
1055,71,8,244.44,78.76
1056,241,8,85.46,81.27
1057,82,9,338.8,23.98
1058,282,5,271.09,32.04
1059,155,10,75.57,68.47
1060,313,4,193.19,63.56
1061,60,7,330.04,32.86
1062,46,9,918.34,35.05
1063,347,5,102.39,46.58
1064,123,4,460.4,17.87
1065,31,6,103.42,58.13
1066,305,4,88.55,76.83
1067,151,9,92.83,36.8
1068,336,6,397.03,21.99
1069,160,7,271.49,90.59
1070,276,8,190.23,49.88
1071,211,5,352.93,63.72
1072,176,8,252.81,23.09
1073,177,5,267.31,23.13
1074,92,13,191.94,54.99
1075,269,6,107.55,74.72
1076,192,7,946.76,25.42
1077,1,6,750.2,42.48
1078,145,9,873.17,20.21
1079,148,5,158.94,31.48
1080,323,9,141.81,39.31
1081,156,6,175.64,57.08
1082,207,6,577.83,15.6
1083,31,9,244.65,86.5
1084,143,6,158.45,41.05
1085,104,8,327.37,85.39
1086,182,5,135.75,63.39
1087,328,9,82.74,68.45
1088,340,8,271.34,122.75
1089,105,5,161.93,30.24
1090,224,4,242.02,47.83
1091,348,5,28.56,27.24
1092,84,4,119.86,42.47
1093,160,4,236.03,64.07
1094,183,6,72.74,78.54
1095,2,11,74.75,36.92
1096,170,4,252.4,24.47
1097,45,11,428.92,46.37
1098,113,6,119.9,29.19
1099,43,5,198.4,33.48
1100,269,4,202.1,62.54
1101,304,5,70.12,56.99
1102,98,2,630.88,67.84
1103,15,9,211.38,37.77
1104,180,7,213.2,74.03
1105,42,6,329.77,45.02
1106,161,4,70.25,38.78
1107,199,9,510.78,25.81
1108,170,5,567.07,15.72
1109,191,3,273.81,20.45
1110,207,10,354.17,49.79
1111,60,9,188.51,28.4
1112,249,4,488.16,19.64
1113,244,4,126.68,36.25
1114,53,4,238.43,51.41
1115,158,5,250.09,55.01
1116,105,6,237.24,44.06
1117,145,7,575.54,43.36
1118,282,6,1408.9,34.15
1119,218,10,224.11,61.37
1120,331,11,356.48,40.92
1121,208,4,128.77,43.03
1122,17,3,558.66,75.11
1123,259,7,161.74,66.42
1124,27,5,3029.35,40.75
1125,125,5,64.29,37.96
1126,340,3,1363.7,37.81
1127,361,5,540.76,16.27
1128,54,12,99.7,77.36
1129,359,5,1564.87,31.74
1130,357,9,116.43,68.53
1131,320,5,190.29,45.64
1132,302,8,86.72,89.64
1133,28,7,217.64,58.25
1134,44,14,234.59,70.53
1135,224,12,475.34,33.25
1136,38,4,1720.98,23.51
1137,92,5,162.33,48.12
1138,356,8,27.06,17.14
1139,332,10,411.08,35.38
1140,93,6,157.55,24.66
1141,197,4,1048.13,29.38
1142,197,7,238.01,60.21
1143,96,8,133.32,58.26
1144,86,4,108.81,41.22
1145,160,7,402.75,52.46
1146,219,1,196.33,34.11
1147,293,7,791.69,150.4
1148,306,8,206.75,51.96
1149,8,7,758.77,33.28
1150,240,5,81.12,69.25
1151,225,7,60.89,83.1
1152,17,10,475.02,30.35
1153,304,3,168.76,21.99
1154,217,5,198.18,24.28
1155,262,6,108.88,31.98
1156,241,9,102.68,43.5
1157,122,12,406.89,19.8
1158,74,4,241.03,36.27
1159,138,4,104.78,40.29
1160,278,4,460.56,52.58
1161,232,7,626.36,60.7
1162,229,6,224.29,54.64
1163,48,12,545.97,109.52
1164,4,6,109.79,77.25
1165,244,11,388.3,49.95
1166,347,6,278.5,27.52
1167,131,6,129.9,31.89
1168,163,9,1264.52,21.88
1169,349,12,294.78,48.26
1170,85,9,152.53,52.76
1171,190,8,248.56,69.86
1172,32,10,122.03,51.09
1173,96,10,96.98,75.72
1174,137,4,170.8,76.5
1175,250,10,180.3,26.73
1176,113,7,128.59,34.5
1177,168,5,665.73,44.46
1178,109,7,132.61,31.4
1179,52,12,116.07,39.58
1180,289,10,94.77,51.97
1181,245,5,87.74,42.03
1182,236,7,556.66,44.71
1183,213,9,300.83,27.9
1184,49,7,425.07,57.58
1185,188,10,552.65,55.51
1186,258,4,187.42,30.53
1187,180,5,794.56,23.42
1188,264,6,148.19,82.69
1189,120,6,101.84,107.13
1190,188,12,329.93,50.27
1191,139,11,274.69,37.31
1192,363,10,274.34,75.43
1193,66,12,551.29,56.55
1194,104,8,266.39,40.23
1195,248,6,314.33,72.53
1196,22,6,726.1,29.82
1197,187,4,302.88,31.65
1198,11,4,363.36,53.61
1199,193,3,78.71,47.33
1200,117,6,4794.96,61.48
