date,store_id,sales,promo
2022-01-01,1,257.1,1
2022-01-02,1,245.9,1
2022-01-03,1,283.7,1
2022-01-04,1,247.2,0
2022-01-05,1,175.4,0
2022-01-06,1,152.4,0
2022-01-07,1,137.7,0
2022-01-08,1,204.5,0
2022-01-09,1,243.4,0
2022-01-10,1,251.5,0
2022-01-11,1,206.1,0
2022-01-12,1,187.2,0
2022-01-13,1,169.5,0
2022-01-14,1,175.1,0
2022-01-15,1,223.7,1
2022-01-16,1,281.8,1
2022-01-17,1,275.6,1
2022-01-18,1,196.5,0
2022-01-19,1,200.5,0
2022-01-20,1,171.1,0
2022-01-21,1,186.0,0
2022-01-22,1,200.8,0
2022-01-23,1,249.9,0
2022-01-24,1,264.0,0
2022-01-25,1,253.7,0
2022-01-26,1,205.3,0
2022-01-27,1,177.6,0
2022-01-28,1,159.2,0
2022-01-29,1,247.8,1
2022-01-30,1,261.8,1
2022-01-31,1,282.1,1
2022-02-01,1,259.4,0
2022-02-02,1,180.4,0
2022-02-03,1,139.3,0
2022-02-04,1,194.7,0
2022-02-05,1,204.1,0
2022-02-06,1,257.3,0
2022-02-07,1,236.3,0
2022-02-08,1,226.2,0
2022-02-09,1,216.1,0
2022-02-10,1,157.1,0
2022-02-11,1,182.4,0
2022-02-12,1,260.7,1
2022-02-13,1,280.1,1
2022-02-14,1,306.6,1
2022-02-15,1,235.1,0
2022-02-16,1,208.5,0
2022-02-17,1,206.7,0
2022-02-18,1,227.2,0
2022-02-19,1,225.6,0
2022-02-20,1,248.6,0
2022-02-21,1,264.8,0
2022-02-22,1,233.4,0
2022-02-23,1,178.6,0
2022-02-24,1,180.3,0
2022-02-25,1,205.2,0
2022-02-26,1,234.3,1
2022-02-27,1,280.0,1
2022-02-28,1,296.5,1
2022-03-01,1,244.2,0
2022-03-02,1,239.8,0
2022-03-03,1,170.5,0
2022-03-04,1,192.0,0
2022-03-05,1,222.2,0
2022-03-06,1,249.1,0
2022-03-07,1,260.8,0
2022-03-08,1,233.1,0
2022-03-09,1,246.6,0
2022-03-10,1,195.3,0
2022-03-11,1,185.1,0
2022-03-12,1,284.5,1
2022-03-13,1,305.2,1
2022-03-14,1,310.9,1
2022-03-15,1,238.4,0
2022-03-16,1,202.8,0
2022-03-17,1,166.7,0
2022-03-18,1,167.8,0
2022-03-19,1,229.8,0
2022-03-20,1,252.7,0
2022-03-21,1,276.6,0
2022-03-22,1,228.5,0
2022-03-23,1,190.8,0
2022-03-24,1,197.3,0
2022-03-25,1,189.0,0
2022-03-26,1,280.4,1
2022-03-27,1,302.8,1
2022-03-28,1,344.6,1
2022-03-29,1,253.6,0
2022-03-30,1,213.8,0
2022-03-31,1,198.0,0
2022-04-01,1,189.6,0
2022-04-02,1,200.4,0
2022-04-03,1,261.7,0
2022-04-04,1,293.1,0
2022-04-05,1,208.0,0
2022-04-06,1,214.6,0
2022-04-07,1,162.9,0
2022-04-08,1,193.3,0
2022-04-09,1,266.7,1
2022-04-10,1,315.4,1
2022-04-11,1,314.9,1
2022-04-12,1,262.6,0
2022-04-13,1,224.7,0
2022-04-14,1,182.5,0
2022-04-15,1,209.5,0
2022-04-16,1,219.6,0
2022-04-17,1,248.2,0
2022-04-18,1,245.0,0
2022-04-19,1,261.0,0
2022-04-20,1,202.0,0
2022-04-21,1,148.4,0
2022-04-22,1,200.4,0
2022-04-23,1,256.0,1
2022-04-24,1,295.1,1
2022-04-25,1,305.1,1
2022-04-26,1,235.2,0
2022-04-27,1,246.3,0
2022-04-28,1,208.5,0
2022-04-29,1,201.6,0
2022-04-30,1,225.8,0
2022-05-01,1,270.2,0
2022-05-02,1,264.4,0
2022-05-03,1,251.2,0
2022-05-04,1,212.4,0
2022-05-05,1,184.1,0
2022-05-06,1,203.7,0
2022-05-07,1,252.9,1
2022-05-08,1,298.0,1
2022-05-09,1,288.5,1
2022-05-10,1,224.3,0
2022-05-11,1,164.3,0
2022-05-12,1,187.2,0
2022-05-13,1,198.8,0
2022-05-14,1,235.1,0
2022-05-15,1,233.3,0
2022-05-16,1,263.8,0
2022-05-17,1,235.3,0
2022-05-18,1,211.3,0
2022-05-19,1,168.6,0
2022-05-20,1,180.7,0
2022-05-21,1,228.2,1
2022-05-22,1,279.5,1
2022-05-23,1,301.0,1
2022-05-24,1,235.7,0
2022-05-25,1,172.7,0
2022-05-26,1,168.4,0
2022-05-27,1,185.8,0
2022-05-28,1,235.5,0
2022-05-29,1,232.6,0
2022-05-30,1,260.0,0
2022-05-31,1,222.2,0
2022-06-01,1,188.9,0
2022-06-02,1,160.4,0
2022-06-03,1,165.2,0
2022-06-04,1,241.5,1
2022-06-05,1,304.9,1
2022-06-06,1,281.6,1
2022-06-07,1,214.3,0
2022-06-08,1,196.0,0
2022-06-09,1,170.9,0
2022-06-10,1,177.1,0
2022-06-11,1,212.9,0
2022-06-12,1,224.8,0
2022-06-13,1,233.7,0
2022-06-14,1,240.0,0
2022-06-15,1,187.9,0
2022-06-16,1,177.0,0
2022-06-17,1,193.7,0
2022-06-18,1,258.3,1
2022-06-19,1,255.5,1
2022-06-20,1,286.3,1
2022-06-21,1,237.9,0
2022-06-22,1,195.0,0
2022-06-23,1,167.8,0
2022-06-24,1,147.8,0
2022-06-25,1,194.0,0
2022-06-26,1,235.1,0
2022-06-27,1,220.0,0
2022-06-28,1,231.2,0
2022-06-29,1,182.4,0
2022-06-30,1,132.4,0
2022-07-01,1,160.9,0
2022-07-02,1,231.2,1
2022-07-03,1,270.3,1
2022-07-04,1,306.4,1
2022-07-05,1,225.0,0
2022-07-06,1,160.7,0
2022-07-07,1,136.7,0
2022-07-08,1,162.4,0
2022-07-09,1,199.1,0
2022-07-10,1,242.9,0
2022-07-11,1,261.3,0
2022-07-12,1,240.0,0
2022-07-13,1,171.5,0
2022-07-14,1,170.1,0
2022-07-15,1,169.8,0
2022-07-16,1,209.9,1
2022-07-17,1,232.2,1
2022-07-18,1,276.8,1
2022-07-19,1,187.9,0
2022-07-20,1,162.5,0
2022-07-21,1,142.9,0
2022-07-22,1,163.8,0
2022-07-23,1,210.6,0
2022-07-24,1,222.4,0
2022-07-25,1,221.5,0
2022-07-26,1,176.5,0
2022-07-27,1,179.3,0
2022-07-28,1,150.8,0
2022-07-29,1,149.5,0
2022-07-30,1,243.2,1
2022-07-31,1,237.9,1
2022-08-01,1,255.5,1
2022-08-02,1,201.1,0
2022-08-03,1,161.3,0
2022-08-04,1,156.0,0
2022-08-05,1,162.1,0
2022-08-06,1,201.8,0
2022-08-07,1,224.5,0
2022-08-08,1,222.6,0
2022-08-09,1,197.2,0
2022-08-10,1,174.1,0
2022-08-11,1,142.4,0
2022-08-12,1,153.4,0
2022-08-13,1,225.7,1
2022-08-14,1,255.6,1
2022-08-15,1,267.4,1
2022-08-16,1,188.2,0
2022-08-17,1,185.3,0
2022-08-18,1,126.5,0
2022-08-19,1,157.1,0
2022-08-20,1,174.2,0
2022-08-21,1,228.7,0
2022-08-22,1,233.2,0
2022-08-23,1,198.0,0
2022-08-24,1,186.3,0
2022-08-25,1,138.3,0
2022-08-26,1,161.8,0
2022-08-27,1,199.1,1
2022-08-28,1,255.7,1
2022-08-29,1,240.9,1
2022-08-30,1,196.5,0
2022-08-31,1,160.5,0
2022-09-01,1,152.6,0
2022-09-02,1,136.9,0
2022-09-03,1,224.1,0
2022-09-04,1,188.3,0
2022-09-05,1,220.1,0
2022-09-06,1,199.1,0
2022-09-07,1,168.0,0
2022-09-08,1,130.3,0
2022-09-09,1,149.2,0
2022-09-10,1,198.6,1
2022-09-11,1,278.4,1
2022-09-12,1,243.0,1
2022-09-13,1,191.4,0
2022-09-14,1,148.9,0
2022-09-15,1,125.0,0
2022-09-16,1,123.6,0
2022-09-17,1,185.9,0
2022-09-18,1,196.9,0
2022-09-19,1,202.6,0
2022-09-20,1,178.4,0
2022-09-21,1,162.6,0
2022-09-22,1,136.7,0
2022-09-23,1,144.4,0
2022-09-24,1,193.3,1
2022-09-25,1,251.3,1
2022-09-26,1,240.9,1
2022-09-27,1,193.5,0
2022-09-28,1,155.6,0
2022-09-29,1,110.7,0
2022-09-30,1,174.2,0
2022-10-01,1,183.6,0
2022-10-02,1,209.0,0
2022-10-03,1,219.1,0
2022-10-04,1,223.2,0
2022-10-05,1,174.7,0
2022-10-06,1,141.3,0
2022-10-07,1,133.2,0
2022-10-08,1,196.9,1
2022-10-09,1,211.7,1
2022-10-10,1,246.3,1
2022-10-11,1,202.6,0
2022-10-12,1,167.5,0
2022-10-13,1,145.7,0
2022-10-14,1,136.6,0
2022-10-15,1,183.9,0
2022-10-16,1,219.4,0
2022-10-17,1,181.4,0
2022-10-18,1,197.9,0
2022-10-19,1,190.0,0
2022-10-20,1,132.9,0
2022-10-21,1,107.3,0
2022-10-22,1,193.9,1
2022-10-23,1,213.2,1
2022-10-24,1,243.4,1
2022-10-25,1,176.0,0
2022-10-26,1,173.8,0
2022-10-27,1,150.0,0
2022-10-28,1,151.4,0
2022-10-29,1,196.1,0
2022-10-30,1,200.7,0
2022-10-31,1,218.2,0
2022-11-01,1,228.6,0
2022-11-02,1,170.0,0
2022-11-03,1,148.5,0
2022-11-04,1,136.2,0
2022-11-05,1,204.1,1
2022-11-06,1,230.9,1
2022-11-07,1,287.8,1
2022-11-08,1,173.9,0
2022-11-09,1,176.6,0
2022-11-10,1,150.2,0
2022-11-11,1,125.4,0
2022-11-12,1,198.2,0
2022-11-13,1,208.7,0
2022-11-14,1,200.8,0
2022-11-15,1,204.7,0
2022-11-16,1,152.5,0
2022-11-17,1,140.4,0
2022-11-18,1,144.0,0
2022-11-19,1,200.5,1
2022-11-20,1,232.3,1
2022-11-21,1,277.0,1
2022-11-22,1,206.3,0
2022-11-23,1,171.0,0
2022-11-24,1,140.3,0
2022-11-25,1,154.6,0
2022-11-26,1,174.4,0
2022-11-27,1,205.8,0
2022-11-28,1,250.8,0
2022-11-29,1,217.2,0
2022-11-30,1,161.1,0
2022-12-01,1,125.8,0
2022-12-02,1,130.9,0
2022-12-03,1,210.7,1
2022-12-04,1,261.1,1
2022-12-05,1,270.9,1
2022-12-06,1,208.8,0
2022-12-07,1,177.2,0
2022-12-08,1,135.4,0
2022-12-09,1,181.7,0
2022-12-10,1,187.8,0
2022-12-11,1,226.9,0
2022-12-12,1,220.7,0
2022-12-13,1,214.0,0
2022-12-14,1,206.2,0
2022-12-15,1,139.0,0
2022-12-16,1,145.2,0
2022-12-17,1,213.2,1
2022-12-18,1,260.0,1
2022-12-19,1,266.2,1
2022-12-20,1,196.6,0
2022-12-21,1,177.2,0
2022-12-22,1,180.1,0
2022-12-23,1,162.6,0
2022-12-24,1,195.1,0
2022-12-25,1,233.4,0
2022-12-26,1,246.1,0
2022-12-27,1,235.8,0
2022-12-28,1,184.5,0
2022-12-29,1,159.7,0
2022-12-30,1,153.0,0
2022-12-31,1,248.6,1
2023-01-01,1,258.0,1
2023-01-02,1,267.0,1
2023-01-03,1,221.1,0
2023-01-04,1,207.1,0
2023-01-05,1,173.6,0
2023-01-06,1,170.3,0
2023-01-07,1,187.9,0
2023-01-08,1,257.1,0
2023-01-09,1,241.6,0
2023-01-10,1,216.9,0
2023-01-11,1,195.3,0
2023-01-12,1,159.0,0
2023-01-13,1,162.6,0
2023-01-14,1,230.9,1
2023-01-15,1,268.3,1
2023-01-16,1,269.6,1
2023-01-17,1,205.6,0
2023-01-18,1,204.4,0
2023-01-19,1,178.7,0
2023-01-20,1,164.4,0
2023-01-21,1,221.8,0
2023-01-22,1,244.8,0
2023-01-23,1,243.4,0
2023-01-24,1,208.6,0
2023-01-25,1,197.8,0
2023-01-26,1,199.4,0
2023-01-27,1,179.8,0
2023-01-28,1,266.9,1
2023-01-29,1,282.8,1
2023-01-30,1,312.5,1
2023-01-31,1,227.4,0
2023-02-01,1,159.3,0
2023-02-02,1,163.3,0
2023-02-03,1,184.2,0
2023-02-04,1,230.1,0
2023-02-05,1,243.1,0
2023-02-06,1,254.0,0
2023-02-07,1,223.4,0
2023-02-08,1,221.3,0
2023-02-09,1,199.1,0
2023-02-10,1,174.5,0
2023-02-11,1,228.3,1
2023-02-12,1,260.4,1
2023-02-13,1,312.6,1
2023-02-14,1,236.6,0
2023-02-15,1,188.4,0
2023-02-16,1,182.9,0
2023-02-17,1,168.4,0
2023-02-18,1,230.3,0
2023-02-19,1,244.2,0
2023-02-20,1,241.7,0
2023-02-21,1,231.1,0
2023-02-22,1,196.1,0
2023-02-23,1,186.3,0
2023-02-24,1,206.3,0
2023-02-25,1,279.7,1
2023-02-26,1,300.0,1
2023-02-27,1,303.2,1
2023-02-28,1,229.8,0
2023-03-01,1,177.4,0
2023-03-02,1,182.2,0
2023-03-03,1,177.6,0
2023-03-04,1,240.2,0
2023-03-05,1,250.4,0
2023-03-06,1,272.5,0
2023-03-07,1,232.6,0
2023-03-08,1,195.2,0
2023-03-09,1,192.9,0
2023-03-10,1,195.9,0
2023-03-11,1,269.1,1
2023-03-12,1,298.8,1
2023-03-13,1,323.7,1
2023-03-14,1,250.7,0
2023-03-15,1,173.8,0
2023-03-16,1,181.0,0
2023-03-17,1,208.0,0
2023-03-18,1,208.9,0
2023-03-19,1,230.1,0
2023-03-20,1,261.3,0
2023-03-21,1,249.6,0
2023-03-22,1,200.3,0
2023-03-23,1,205.0,0
2023-03-24,1,221.1,0
2023-03-25,1,231.1,1
2023-03-26,1,295.4,1
2023-03-27,1,271.0,1
2023-03-28,1,252.2,0
2023-03-29,1,197.4,0
2023-03-30,1,178.8,0
2023-03-31,1,210.9,0
2023-04-01,1,205.1,0
2023-04-02,1,232.6,0
2023-04-03,1,229.8,0
2023-04-04,1,261.4,0
2023-04-05,1,223.2,0
2023-04-06,1,181.5,0
2023-04-07,1,174.5,0
2023-04-08,1,280.1,1
2023-04-09,1,351.0,1
2023-04-10,1,307.1,1
2023-04-11,1,224.0,0
2023-04-12,1,225.9,0
2023-04-13,1,168.6,0
2023-04-14,1,187.7,0
2023-04-15,1,184.8,0
2023-04-16,1,251.0,0
2023-04-17,1,244.0,0
2023-04-18,1,260.3,0
2023-04-19,1,192.0,0
2023-04-20,1,196.5,0
2023-04-21,1,190.9,0
2023-04-22,1,266.0,1
2023-04-23,1,309.8,1
2023-04-24,1,308.5,1
2023-04-25,1,230.7,0
2023-04-26,1,193.4,0
2023-04-27,1,191.4,0
2023-04-28,1,162.8,0
2023-04-29,1,247.6,0
2023-04-30,1,255.5,0
2023-05-01,1,255.9,0
2023-05-02,1,243.1,0
2023-05-03,1,195.3,0
2023-05-04,1,179.7,0
2023-05-05,1,172.9,0
2023-05-06,1,267.3,1
2023-05-07,1,295.9,1
2023-05-08,1,309.4,1
2023-05-09,1,259.8,0
2023-05-10,1,190.5,0
2023-05-11,1,178.7,0
2023-05-12,1,163.3,0
2023-05-13,1,227.3,0
2023-05-14,1,249.8,0
2023-05-15,1,257.8,0
2023-05-16,1,233.2,0
2023-05-17,1,191.9,0
2023-05-18,1,216.1,0
2023-05-19,1,186.6,0
2023-05-20,1,261.3,1
2023-05-21,1,272.4,1
2023-05-22,1,317.0,1
2023-05-23,1,231.6,0
2023-05-24,1,205.1,0
2023-05-25,1,189.9,0
2023-05-26,1,182.2,0
2023-05-27,1,204.5,0
2023-05-28,1,210.7,0
2023-05-29,1,247.2,0
2023-05-30,1,220.8,0
2023-05-31,1,178.8,0
2023-06-01,1,195.7,0
2023-06-02,1,196.0,0
2023-06-03,1,218.0,1
2023-06-04,1,289.5,1
2023-06-05,1,281.0,1
2023-06-06,1,233.9,0
2023-06-07,1,181.3,0
2023-06-08,1,163.2,0
2023-06-09,1,193.0,0
2023-06-10,1,221.7,0
2023-06-11,1,263.0,0
2023-06-12,1,244.4,0
2023-06-13,1,203.8,0
2023-06-14,1,204.3,0
2023-06-15,1,182.3,0
2023-06-16,1,185.2,0
2023-06-17,1,230.6,1
2023-06-18,1,261.2,1
2023-06-19,1,298.3,1
2023-06-20,1,209.4,0
2023-06-21,1,182.9,0
2023-06-22,1,209.1,0
2023-06-23,1,204.7,0
2023-06-24,1,215.5,0
2023-06-25,1,224.6,0
2023-06-26,1,231.0,0
2023-06-27,1,230.5,0
2023-06-28,1,207.0,0
2023-06-29,1,154.8,0
2023-06-30,1,163.0,0
2023-07-01,1,238.3,1
2023-07-02,1,248.6,1
2023-07-03,1,257.7,1
2023-07-04,1,199.1,0
2023-07-05,1,189.8,0
2023-07-06,1,163.6,0
2023-07-07,1,183.8,0
2023-07-08,1,171.6,0
2023-07-09,1,205.7,0
2023-07-10,1,242.6,0
2023-07-11,1,200.6,0
2023-07-12,1,166.6,0
2023-07-13,1,171.7,0
2023-07-14,1,155.5,0
2023-07-15,1,222.0,1
2023-07-16,1,261.7,1
2023-07-17,1,271.4,1
2023-07-18,1,221.0,0
2023-07-19,1,157.5,0
2023-07-20,1,150.8,0
2023-07-21,1,178.3,0
2023-07-22,1,223.8,0
2023-07-23,1,202.3,0
2023-07-24,1,234.9,0
2023-07-25,1,205.1,0
2023-07-26,1,171.3,0
2023-07-27,1,138.9,0
2023-07-28,1,169.4,0
2023-07-29,1,235.5,1
2023-07-30,1,304.1,1
2023-07-31,1,244.7,1
2023-08-01,1,179.0,0
2023-08-02,1,200.9,0
2023-08-03,1,147.3,0
2023-08-04,1,148.6,0
2023-08-05,1,189.2,0
2023-08-06,1,196.4,0
2023-08-07,1,230.3,0
2023-08-08,1,201.5,0
2023-08-09,1,183.7,0
2023-08-10,1,158.5,0
2023-08-11,1,167.1,0
2023-08-12,1,220.4,1
2023-08-13,1,282.0,1
2023-08-14,1,272.5,1
2023-08-15,1,192.3,0
2023-08-16,1,153.2,0
2023-08-17,1,132.9,0
2023-08-18,1,159.6,0
2023-08-19,1,161.8,0
2023-08-20,1,215.1,0
2023-08-21,1,207.7,0
2023-08-22,1,179.5,0
2023-08-23,1,146.9,0
2023-08-24,1,141.0,0
2023-08-25,1,160.3,0
2023-08-26,1,200.2,1
2023-08-27,1,212.1,1
2023-08-28,1,313.5,1
2023-08-29,1,213.2,0
2023-08-30,1,175.5,0
2023-08-31,1,164.1,0
2023-09-01,1,148.5,0
2023-09-02,1,176.2,0
2023-09-03,1,229.6,0
2023-09-04,1,237.0,0
2023-09-05,1,204.2,0
2023-09-06,1,173.3,0
2023-09-07,1,119.7,0
2023-09-08,1,141.9,0
2023-09-09,1,238.9,1
2023-09-10,1,259.7,1
2023-09-11,1,228.5,1
2023-09-12,1,185.8,0
2023-09-13,1,182.0,0
2023-09-14,1,144.0,0
2023-09-15,1,147.5,0
2023-09-16,1,179.1,0
2023-09-17,1,205.8,0
2023-09-18,1,206.8,0
2023-09-19,1,180.5,0
2023-09-20,1,173.3,0
2023-09-21,1,140.0,0
2023-09-22,1,154.7,0
2023-09-23,1,216.5,1
2023-09-24,1,268.6,1
2023-09-25,1,260.8,1
2023-09-26,1,204.8,0
2023-09-27,1,160.2,0
2023-09-28,1,121.8,0
2023-09-29,1,140.4,0
2023-09-30,1,183.9,0
2023-10-01,1,216.4,0
2023-10-02,1,235.8,0
2023-10-03,1,185.5,0
2023-10-04,1,161.1,0
2023-10-05,1,134.1,0
2023-10-06,1,168.2,0
2023-10-07,1,213.3,1
2023-10-08,1,250.6,1
2023-10-09,1,252.1,1
2023-10-10,1,189.2,0
2023-10-11,1,136.2,0
2023-10-12,1,117.5,0
2023-10-13,1,146.9,0
2023-10-14,1,176.4,0
2023-10-15,1,209.7,0
2023-10-16,1,228.9,0
2023-10-17,1,194.6,0
2023-10-18,1,153.4,0
2023-10-19,1,133.9,0
2023-10-20,1,148.6,0
2023-10-21,1,201.4,1
2023-10-22,1,264.0,1
2023-10-23,1,254.3,1
2023-10-24,1,197.9,0
2023-10-25,1,147.4,0
2023-10-26,1,154.1,0
2023-10-27,1,167.6,0
2023-10-28,1,157.1,0
2023-10-29,1,215.0,0
2023-10-30,1,215.3,0
2023-10-31,1,199.7,0
2023-11-01,1,167.7,0
2023-11-02,1,106.0,0
2023-11-03,1,158.9,0
2023-11-04,1,230.9,1
2023-11-05,1,270.1,1
2023-11-06,1,241.1,1
2023-11-07,1,196.6,0
2023-11-08,1,154.5,0
2023-11-09,1,112.5,0
2023-11-10,1,139.9,0
2023-11-11,1,164.5,0
2023-11-12,1,217.3,0
2023-11-13,1,195.9,0
2023-11-14,1,184.3,0
2023-11-15,1,156.8,0
2023-11-16,1,154.8,0
2023-11-17,1,192.9,0
2023-11-18,1,221.1,1
2023-11-19,1,234.7,1
2023-11-20,1,250.5,1
2023-11-21,1,211.0,0
2023-11-22,1,146.6,0
2023-11-23,1,161.9,0
2023-11-24,1,157.6,0
2023-11-25,1,183.3,0
2023-11-26,1,191.5,0
2023-11-27,1,238.6,0
2023-11-28,1,192.1,0
2023-11-29,1,171.5,0
2023-11-30,1,145.6,0
2023-12-01,1,132.3,0
2023-12-02,1,217.4,1
2023-12-03,1,237.4,1
2023-12-04,1,256.8,1
2023-12-05,1,212.6,0
2023-12-06,1,182.4,0
2023-12-07,1,150.3,0
2023-12-08,1,145.4,0
2023-12-09,1,180.6,0
2023-12-10,1,212.1,0
2023-12-11,1,198.1,0
2023-12-12,1,210.0,0
2023-12-13,1,149.6,0
2023-12-14,1,154.5,0
2023-12-15,1,139.6,0
2023-12-16,1,206.6,1
2023-12-17,1,277.2,1
2023-12-18,1,275.4,1
2023-12-19,1,183.5,0
2023-12-20,1,169.1,0
2023-12-21,1,160.2,0
2023-12-22,1,155.2,0
2023-12-23,1,191.0,0
2023-12-24,1,231.5,0
2023-12-25,1,236.7,0
2023-12-26,1,199.9,0
2023-12-27,1,180.8,0
2023-12-28,1,155.0,0
2023-12-29,1,193.3,0
2023-12-30,1,233.2,1
2023-12-31,1,274.8,1
2024-01-01,1,286.6,1
2024-01-02,1,213.0,0
2024-01-03,1,172.7,0
2024-01-04,1,169.2,0
2024-01-05,1,177.5,0
2024-01-06,1,233.4,0
2024-01-07,1,245.0,0
2024-01-08,1,253.4,0
2024-01-09,1,231.6,0
2024-01-10,1,176.1,0
2024-01-11,1,146.4,0
2024-01-12,1,158.4,0
2024-01-13,1,254.2,1
2024-01-14,1,304.6,1
2024-01-15,1,302.0,1
2024-01-16,1,221.2,0
2024-01-17,1,214.6,0
2024-01-18,1,161.6,0
2024-01-19,1,159.1,0
2024-01-20,1,211.8,0
2024-01-21,1,259.1,0
2024-01-22,1,235.2,0
2024-01-23,1,201.0,0
2024-01-24,1,192.9,0
2024-01-25,1,182.6,0
2024-01-26,1,134.7,0
2024-01-27,1,266.1,1
2024-01-28,1,261.9,1
2024-01-29,1,308.5,1
2024-01-30,1,199.4,0
2024-01-31,1,172.9,0
2024-02-01,1,183.0,0
2024-02-02,1,200.0,0
2024-02-03,1,213.3,0
2024-02-04,1,281.0,0
2024-02-05,1,237.8,0
2024-02-06,1,216.3,0
2024-02-07,1,193.0,0
2024-02-08,1,171.0,0
2024-02-09,1,188.5,0
2024-02-10,1,241.6,1
2024-02-11,1,302.1,1
2024-02-12,1,311.2,1
2024-02-13,1,258.4,0
2024-02-14,1,192.5,0
2024-02-15,1,183.5,0
2024-02-16,1,195.6,0
2024-02-17,1,218.0,0
2024-02-18,1,246.5,0
2024-02-19,1,226.7,0
2024-02-20,1,237.6,0
2024-02-21,1,210.8,0
2024-02-22,1,179.6,0
2024-02-23,1,176.8,0
2024-02-24,1,229.9,1
2024-02-25,1,304.9,1
2024-02-26,1,306.8,1
2024-02-27,1,259.0,0
2024-02-28,1,181.9,0
2024-02-29,1,175.2,0
2024-03-01,1,170.4,0
2024-03-02,1,237.1,0
2024-03-03,1,271.8,0
2024-03-04,1,289.9,0
2024-03-05,1,247.5,0
2024-03-06,1,217.0,0
2024-03-07,1,190.2,0
2024-03-08,1,200.2,0
2024-03-09,1,264.0,1
2024-03-10,1,311.2,1
2024-03-11,1,347.4,1
2024-03-12,1,244.1,0
2024-03-13,1,206.6,0
2024-03-14,1,187.8,0
2024-03-15,1,190.4,0
2024-03-16,1,227.7,0
2024-03-17,1,252.7,0
2024-03-18,1,280.4,0
2024-03-19,1,257.4,0
2024-03-20,1,239.6,0
2024-03-21,1,185.2,0
2024-03-22,1,197.7,0
2024-03-23,1,269.5,1
2024-03-24,1,305.6,1
2024-03-25,1,331.3,1
2024-03-26,1,217.8,0
2024-03-27,1,214.5,0
2024-03-28,1,215.9,0
2024-03-29,1,214.1,0
2024-03-30,1,243.7,0
2024-03-31,1,268.9,0
2024-04-01,1,255.1,0
2024-04-02,1,231.1,0
2024-04-03,1,196.5,0
2024-04-04,1,168.9,0
2024-04-05,1,207.9,0
2024-04-06,1,291.4,1
2024-04-07,1,309.9,1
2024-04-08,1,325.6,1
2024-04-09,1,246.5,0
2024-04-10,1,215.9,0
2024-04-11,1,153.9,0
2024-04-12,1,198.0,0
2024-04-13,1,218.1,0
2024-04-14,1,255.1,0
2024-04-15,1,266.7,0
2024-04-16,1,230.8,0
2024-04-17,1,190.6,0
2024-04-18,1,173.8,0
2024-04-19,1,170.8,0
2024-04-20,1,243.5,1
2024-04-21,1,282.7,1
2024-04-22,1,284.3,1
2024-04-23,1,248.6,0
2024-04-24,1,192.2,0
2024-04-25,1,156.0,0
2024-04-26,1,185.5,0
2024-04-27,1,205.9,0
2024-04-28,1,275.6,0
2024-04-29,1,263.2,0
2024-04-30,1,217.3,0
2024-05-01,1,213.0,0
2024-05-02,1,183.9,0
2024-05-03,1,186.5,0
2024-05-04,1,288.8,1
2024-05-05,1,280.3,1
2024-05-06,1,324.7,1
2024-05-07,1,231.6,0
2024-05-08,1,202.5,0
2024-05-09,1,169.7,0
2024-05-10,1,178.1,0
2024-05-11,1,212.8,0
2024-05-12,1,221.9,0
2024-05-13,1,263.0,0
2024-05-14,1,237.6,0
2024-05-15,1,178.4,0
2024-05-16,1,188.8,0
2024-05-17,1,208.2,0
2024-05-18,1,244.7,1
2024-05-19,1,279.1,1
2024-05-20,1,321.4,1
2024-05-21,1,239.8,0
2024-05-22,1,196.7,0
2024-05-23,1,188.9,0
2024-05-24,1,188.2,0
2024-05-25,1,236.5,0
2024-05-26,1,245.7,0
2024-05-27,1,259.7,0
2024-05-28,1,247.8,0
2024-05-29,1,159.6,0
2024-05-30,1,191.3,0
2024-05-31,1,174.1,0
2024-06-01,1,259.6,1
2024-06-02,1,316.7,1
2024-06-03,1,290.5,1
2024-06-04,1,221.9,0
2024-06-05,1,192.8,0
2024-06-06,1,149.8,0
2024-06-07,1,211.9,0
2024-06-08,1,209.2,0
2024-06-09,1,265.4,0
2024-06-10,1,243.0,0
2024-06-11,1,226.5,0
2024-06-12,1,205.0,0
2024-06-13,1,152.3,0
2024-06-14,1,174.6,0
2024-06-15,1,260.3,1
2024-06-16,1,276.9,1
2024-06-17,1,280.8,1
2024-06-18,1,239.8,0
2024-06-19,1,209.0,0
2024-06-20,1,189.3,0
2024-06-21,1,163.1,0
2024-06-22,1,195.4,0
2024-06-23,1,227.8,0
2024-06-24,1,253.0,0
2024-06-25,1,202.2,0
2024-06-26,1,167.9,0
2024-06-27,1,152.2,0
2024-06-28,1,156.2,0
2024-06-29,1,252.9,1
2024-06-30,1,288.1,1
2024-07-01,1,273.7,1
2024-07-02,1,214.2,0
2024-07-03,1,143.9,0
2024-07-04,1,153.1,0
2024-07-05,1,185.9,0
2024-07-06,1,190.4,0
2024-07-07,1,212.5,0
2024-07-08,1,256.8,0
2024-07-09,1,197.4,0
2024-07-10,1,202.2,0
2024-07-11,1,200.3,0
2024-07-12,1,162.6,0
2024-07-13,1,252.2,1
2024-07-14,1,237.1,1
2024-07-15,1,244.9,1
2024-07-16,1,199.2,0
2024-07-17,1,188.4,0
2024-07-18,1,154.0,0
2024-07-19,1,158.5,0
2024-07-20,1,172.8,0
2024-07-21,1,221.1,0
2024-07-22,1,220.7,0
2024-07-23,1,194.5,0
2024-07-24,1,158.1,0
2024-07-25,1,154.0,0
2024-07-26,1,147.7,0
2024-07-27,1,223.3,1
2024-07-28,1,228.6,1
2024-07-29,1,277.5,1
2024-07-30,1,209.2,0
2024-07-31,1,167.0,0
2024-08-01,1,150.9,0
2024-08-02,1,169.8,0
2024-08-03,1,165.0,0
2024-08-04,1,218.6,0
2024-08-05,1,205.4,0
2024-08-06,1,204.3,0
2024-08-07,1,164.1,0
2024-08-08,1,145.6,0
2024-08-09,1,166.1,0
2024-08-10,1,231.9,1
2024-08-11,1,273.2,1
2024-08-12,1,255.7,1
2024-08-13,1,211.2,0
2024-08-14,1,173.2,0
2024-08-15,1,138.1,0
2024-08-16,1,152.8,0
2024-08-17,1,180.1,0
2024-08-18,1,234.0,0
2024-08-19,1,232.6,0
2024-08-20,1,193.5,0
2024-08-21,1,157.5,0
2024-08-22,1,156.0,0
2024-08-23,1,169.2,0
2024-08-24,1,218.1,1
2024-08-25,1,260.8,1
2024-08-26,1,281.0,1
2024-08-27,1,194.1,0
2024-08-28,1,163.0,0
2024-08-29,1,147.2,0
2024-08-30,1,140.9,0
2024-08-31,1,203.9,0
2024-09-01,1,202.9,0
2024-09-02,1,217.9,0
2024-09-03,1,223.9,0
2024-09-04,1,132.3,0
2024-09-05,1,141.7,0
2024-09-06,1,136.1,0
2024-09-07,1,208.9,1
2024-09-08,1,224.3,1
2024-09-09,1,248.0,1
2024-09-10,1,194.3,0
2024-09-11,1,162.7,0
2024-09-12,1,150.7,0
2024-09-13,1,110.0,0
2024-09-14,1,174.1,0
2024-09-15,1,204.6,0
2024-09-16,1,213.8,0
2024-09-17,1,193.5,0
2024-09-18,1,145.8,0
2024-09-19,1,113.3,0
2024-09-20,1,147.4,0
2024-09-21,1,189.3,1
2024-09-22,1,250.9,1
2024-09-23,1,236.2,1
2024-09-24,1,202.9,0
2024-09-25,1,157.0,0
2024-09-26,1,136.3,0
2024-09-27,1,140.1,0
2024-09-28,1,168.9,0
2024-09-29,1,202.8,0
2024-09-30,1,231.7,0
2024-10-01,1,169.3,0
2024-10-02,1,147.9,0
2024-10-03,1,151.9,0
2024-10-04,1,156.1,0
2024-10-05,1,230.4,1
2024-10-06,1,242.5,1
2024-10-07,1,229.4,1
2024-10-08,1,175.9,0
2024-10-09,1,153.4,0
2024-10-10,1,147.7,0
2024-10-11,1,140.3,0
2024-10-12,1,170.5,0
2024-10-13,1,212.8,0
2024-10-14,1,215.1,0
2024-10-15,1,186.5,0
2024-10-16,1,143.5,0
2024-10-17,1,151.2,0
2024-10-18,1,160.5,0
2024-10-19,1,189.2,1
2024-10-20,1,237.9,1
2024-10-21,1,266.1,1
2024-10-22,1,176.9,0
2024-10-23,1,164.9,0
2024-10-24,1,133.1,0
2024-10-25,1,127.6,0
2024-10-26,1,204.0,0
2024-10-27,1,203.7,0
2024-10-28,1,224.6,0
2024-10-29,1,178.4,0
2024-10-30,1,184.0,0
2024-10-31,1,168.5,0
2024-11-01,1,124.7,0
2024-11-02,1,208.0,1
2024-11-03,1,271.6,1
2024-11-04,1,249.2,1
2024-11-05,1,203.0,0
2024-11-06,1,137.2,0
2024-11-07,1,129.1,0
2024-11-08,1,153.5,0
2024-11-09,1,171.7,0
2024-11-10,1,206.6,0
2024-11-11,1,197.3,0
2024-11-12,1,208.5,0
2024-11-13,1,144.2,0
2024-11-14,1,166.0,0
2024-11-15,1,140.7,0
2024-11-16,1,229.5,1
2024-11-17,1,265.1,1
2024-11-18,1,244.7,1
2024-11-19,1,192.2,0
2024-11-20,1,159.6,0
2024-11-21,1,139.3,0
2024-11-22,1,133.7,0
2024-11-23,1,192.8,0
2024-11-24,1,206.1,0
2024-11-25,1,222.8,0
2024-11-26,1,218.3,0
2024-11-27,1,177.4,0
2024-11-28,1,138.2,0
2024-11-29,1,171.3,0
2024-11-30,1,232.8,1
2024-12-01,1,245.8,1
2024-12-02,1,258.8,1
2024-12-03,1,220.8,0
2024-12-04,1,183.1,0
2024-12-05,1,127.6,0
2024-12-06,1,143.2,0
2024-12-07,1,200.4,0
2024-12-08,1,204.0,0
2024-12-09,1,241.8,0
2024-12-10,1,237.6,0
2024-12-11,1,179.8,0
2024-12-12,1,139.1,0
2024-12-13,1,163.8,0
2024-12-14,1,245.8,1
2024-12-15,1,266.6,1
2024-12-16,1,283.0,1
2024-12-17,1,199.4,0
2024-12-18,1,166.2,0
2024-12-19,1,169.5,0
2024-12-20,1,153.3,0
2024-12-21,1,156.9,0
2024-12-22,1,222.8,0
2024-12-23,1,240.3,0
2024-12-24,1,230.2,0
2024-12-25,1,204.8,0
2024-12-26,1,160.1,0
2024-12-27,1,176.9,0
2024-12-28,1,236.6,1
2024-12-29,1,278.2,1
2024-12-30,1,278.2,1
2024-12-31,1,223.2,0
