age,years_at_company,monthly_income,overtime,job_satisfaction,distance_km,attrition
27,16,5328.0,No,2,4.1,0
48,18,6225.0,No,4,21.3,0
36,14,8061.0,Yes,3,6.7,0
37,5,4852.0,Yes,3,3.5,0
52,0,4694.0,No,3,5.5,0
32,14,4647.0,No,3,7.2,0
59,6,6967.0,Yes,1,26.1,1
58,13,4097.0,No,3,5.0,0
44,10,6653.0,No,1,1.5,0
33,2,2852.0,No,3,9.0,0
59,7,5033.0,Yes,4,1.8,0
30,19,5395.0,No,2,12.9,0
54,6,8718.0,No,2,1.0,0
38,15,7247.0,Yes,1,2.5,1
54,13,4859.0,No,2,3.9,0
33,8,4567.0,Yes,3,5.8,0
49,15,4286.0,Yes,1,7.3,1
49,11,3480.0,No,2,9.7,0
36,12,8408.0,No,4,25.0,0
23,7,4139.0,No,4,7.6,0
33,18,8598.0,Yes,1,1.0,1
48,5,5679.0,Yes,4,2.5,0
52,10,5352.0,No,4,16.9,0
38,17,5676.0,No,3,10.1,0
55,14,7678.0,No,4,2.4,0
51,11,3962.0,No,3,10.9,0
25,1,6415.0,No,2,13.2,0
34,7,5430.0,Yes,3,2.5,0
41,8,6226.0,No,4,18.0,0
22,17,5132.0,Yes,1,2.6,1
32,17,4850.0,No,3,6.8,0
51,8,6445.0,No,2,5.2,0
54,7,3015.0,No,4,4.2,0
27,3,8009.0,No,3,18.3,0
44,9,5694.0,No,1,24.4,0
40,3,4511.0,No,3,8.0,0
54,3,6163.0,No,4,21.1,0
53,18,4250.0,No,4,8.8,0
58,10,5642.0,Yes,3,15.7,0
57,7,5653.0,No,1,1.5,0
50,8,7765.0,Yes,4,5.5,0
31,7,6002.0,No,3,11.6,0
31,16,3485.0,No,4,11.0,0
53,10,6546.0,No,4,1.0,0
48,12,6798.0,No,4,1.3,0
51,11,2598.0,No,3,9.4,0
32,11,3361.0,No,3,1.2,0
57,8,9118.0,Yes,1,1.4,1
28,15,4903.0,No,1,3.4,0
52,18,4945.0,No,3,1.5,0
34,6,5437.0,No,4,3.0,0
25,6,4347.0,No,4,2.3,0
53,15,2309.0,No,4,7.9,0
57,2,3480.0,No,1,3.1,0
58,9,4350.0,No,2,18.5,0
22,19,4595.0,No,3,7.2,0
39,13,4115.0,Yes,3,2.5,0
35,4,2815.0,Yes,2,20.6,1
34,8,4504.0,Yes,4,11.7,0
36,18,7507.0,No,1,1.0,0
22,10,4291.0,No,4,19.7,0
40,16,5172.0,Yes,2,1.0,1
24,16,8099.0,Yes,3,1.8,0
30,15,4263.0,No,2,23.4,0
49,12,11003.0,No,2,1.3,0
26,2,7106.0,No,3,12.3,0
47,5,5639.0,Yes,3,1.0,0
53,0,5053.0,No,3,2.1,0
59,8,7916.0,Yes,1,7.3,1
46,3,4252.0,No,1,3.8,0
55,12,4721.0,No,2,15.4,0
40,8,8393.0,No,1,2.8,0
56,18,4824.0,Yes,3,1.0,0
51,15,4660.0,Yes,3,5.0,0
56,4,4308.0,Yes,1,6.3,1
56,7,2022.0,No,1,10.1,0
48,8,7327.0,Yes,4,4.0,0
30,0,5423.0,Yes,3,2.4,0
23,14,7425.0,No,4,1.5,0
34,1,5196.0,No,3,7.3,1
33,16,4740.0,Yes,2,40.0,1
57,9,4306.0,Yes,2,8.7,1
23,9,6731.0,Yes,4,1.0,0
42,0,4052.0,Yes,4,4.6,0
59,12,6192.0,Yes,2,1.0,1
32,15,5569.0,No,2,2.2,0
44,8,3623.0,No,2,5.9,0
28,4,4693.0,Yes,4,6.9,0
37,19,5518.0,Yes,1,6.3,1
59,9,4941.0,Yes,1,11.5,1
47,13,8911.0,Yes,4,6.8,0
42,15,5923.0,No,4,9.7,0
58,11,5147.0,No,2,16.5,0
54,11,4846.0,No,3,2.5,0
32,13,5087.0,Yes,2,3.6,1
46,17,4406.0,Yes,4,12.1,0
46,13,4018.0,Yes,1,15.5,1
38,16,6578.0,No,3,7.6,0
28,5,8272.0,No,3,3.7,0
54,3,4689.0,Yes,4,3.3,0
28,2,6273.0,Yes,3,9.2,0
35,0,4304.0,No,2,9.5,0
31,8,5687.0,No,2,19.2,0
51,17,3145.0,Yes,3,1.0,0
25,1,3964.0,No,4,3.2,1
39,13,3899.0,No,1,5.7,0
54,16,5239.0,No,3,3.7,0
56,18,3394.0,No,3,8.4,0
29,16,2000.0,No,1,21.7,0
41,1,3034.0,No,2,8.1,0
40,3,5186.0,No,3,6.4,0
34,19,4073.0,No,4,8.3,0
52,1,4458.0,Yes,4,6.2,1
49,19,5976.0,No,2,1.0,0
25,18,4022.0,Yes,3,4.3,0
54,5,5356.0,Yes,3,5.2,0
35,16,9346.0,No,3,8.5,0
54,1,4814.0,No,4,40.0,0
51,2,5130.0,Yes,1,1.0,1
40,7,6185.0,No,4,3.9,0
47,4,4028.0,Yes,1,14.3,1
38,8,4435.0,Yes,4,5.7,0
51,5,5328.0,No,2,1.2,0
27,5,5849.0,No,1,8.1,0
44,7,3825.0,No,1,10.4,0
23,1,6505.0,No,4,6.8,0
49,13,8284.0,No,3,1.0,0
57,17,2057.0,No,2,6.7,0
50,8,6205.0,No,4,5.3,0
49,4,5336.0,No,4,23.6,0
53,18,4965.0,No,1,5.5,0
43,17,6087.0,No,3,1.3,0
45,9,7983.0,Yes,3,5.5,0
44,5,5963.0,No,3,1.0,0
39,14,7227.0,No,3,6.5,0
22,16,5430.0,No,2,7.2,0
25,0,6157.0,Yes,1,1.6,1
39,5,4521.0,No,1,1.1,0
32,17,5568.0,No,2,4.7,0
57,2,5010.0,No,3,7.1,0
59,4,5692.0,No,4,4.6,0
39,16,2521.0,Yes,1,7.4,1
48,16,3493.0,No,2,3.7,0
44,5,7639.0,No,3,14.5,0
31,17,8009.0,No,2,1.0,0
36,6,2383.0,No,1,40.0,0
36,4,4479.0,Yes,3,4.6,0
25,8,4154.0,No,1,12.3,0
22,11,5956.0,Yes,3,1.0,0
34,12,5349.0,No,2,1.0,0
56,5,6724.0,No,3,22.9,0
25,12,3068.0,No,1,1.0,0
41,0,6130.0,Yes,3,2.2,0
43,1,4899.0,Yes,1,6.0,1
47,4,4173.0,Yes,2,8.1,1
59,19,6295.0,Yes,4,6.5,0
36,14,5055.0,No,2,5.1,0
35,1,5319.0,No,2,13.1,1
41,1,7905.0,No,2,19.0,0
54,16,5628.0,No,2,15.9,0
44,10,9001.0,No,3,8.0,0
23,14,2000.0,Yes,2,26.7,1
39,6,5483.0,No,3,11.7,0
41,5,3499.0,No,4,3.1,0
55,3,3829.0,No,4,3.0,0
46,11,4320.0,No,1,1.4,0
47,11,7161.0,Yes,3,7.9,0
34,10,4768.0,No,4,2.0,0
49,18,3445.0,No,3,16.0,0
25,13,6688.0,No,3,8.9,0
29,18,3372.0,No,2,11.2,0
30,14,8510.0,No,1,2.1,0
39,2,3176.0,Yes,3,9.9,0
24,10,4983.0,Yes,4,1.1,0
41,19,8964.0,No,2,4.7,0
55,14,4916.0,No,3,1.0,0
37,2,6263.0,Yes,3,8.9,0
22,3,5303.0,No,4,1.0,0
32,1,5498.0,No,2,4.4,0
24,13,4027.0,No,2,3.2,0
46,8,6316.0,Yes,3,20.1,0
52,8,7889.0,No,3,4.5,0
32,19,2004.0,No,3,14.9,0
33,18,3836.0,Yes,3,19.9,0
34,1,4505.0,No,4,3.3,0
35,17,3903.0,No,2,1.0,0
48,18,6657.0,Yes,2,1.7,1
33,0,4409.0,No,4,5.6,0
36,18,5646.0,No,1,1.5,0
55,15,8184.0,No,4,4.7,0
50,5,2269.0,Yes,1,4.8,1
57,12,6071.0,Yes,3,6.8,0
35,0,5279.0,No,4,4.4,0
57,14,5284.0,Yes,4,9.2,0
33,6,3871.0,No,3,7.4,0
33,5,4815.0,No,1,5.7,0
58,15,5486.0,Yes,2,23.4,1
29,15,5169.0,No,3,5.0,0
53,7,6755.0,No,3,13.5,0
53,2,3531.0,No,2,11.9,0
57,14,2986.0,Yes,3,13.5,0
54,17,2000.0,Yes,4,1.0,0
53,17,5754.0,Yes,1,1.0,1
35,8,6862.0,No,3,17.9,0
43,10,3388.0,No,3,7.6,0
43,2,3227.0,No,4,4.0,0
33,6,8899.0,Yes,2,2.6,1
36,14,7799.0,Yes,1,1.0,1
54,15,7901.0,No,2,18.8,0
22,7,6129.0,Yes,2,22.0,1
24,18,6770.0,Yes,4,1.0,0
37,5,4983.0,No,4,1.0,0
51,14,2937.0,No,2,25.6,0
56,13,3028.0,Yes,2,21.3,1
47,11,5506.0,No,1,12.3,0
54,6,7165.0,No,1,1.7,0
27,14,5199.0,No,3,3.8,0
25,4,6596.0,Yes,3,7.5,0
41,16,5339.0,No,4,5.9,0
33,12,6048.0,No,1,16.4,0
55,8,6888.0,No,1,5.8,0
24,7,7896.0,No,3,10.0,0
35,2,6014.0,No,1,1.0,0
33,1,8991.0,No,4,9.8,0
44,6,5080.0,No,2,17.1,0
33,4,7883.0,Yes,3,1.3,0
57,13,6549.0,Yes,4,6.2,0
24,9,2205.0,No,3,8.6,0
24,3,8045.0,Yes,1,3.2,1
56,11,3847.0,No,1,17.9,0
42,12,5052.0,No,2,18.4,0
53,9,7072.0,No,1,12.2,0
39,13,4160.0,No,3,3.0,0
57,18,5372.0,No,1,5.9,0
40,11,6683.0,No,1,13.6,0
50,6,4020.0,No,4,19.7,0
59,12,5075.0,Yes,1,7.5,1
50,17,4864.0,No,1,1.9,0
31,12,7235.0,Yes,2,19.8,1
51,9,8323.0,No,4,1.0,0
36,2,3520.0,No,1,16.6,0
47,13,5640.0,No,2,14.4,0
46,15,4557.0,Yes,4,4.4,0
28,10,5556.0,No,4,12.9,0
32,12,8680.0,No,2,17.0,0
28,2,6184.0,Yes,1,12.0,1
24,19,4487.0,No,1,3.3,0
41,8,3037.0,No,4,24.2,0
29,17,7298.0,No,2,14.8,0
48,13,4673.0,No,4,2.5,0
30,14,4103.0,Yes,2,1.7,1
23,5,6047.0,Yes,2,1.0,1
27,5,6542.0,No,3,3.9,0
42,6,4837.0,Yes,4,10.8,0
26,5,3797.0,No,3,1.0,0
55,14,7963.0,Yes,1,1.0,1
50,3,6730.0,Yes,2,5.4,1
26,14,7277.0,No,1,1.0,0
54,2,4857.0,No,3,11.4,0
33,10,4007.0,No,4,3.5,0
56,5,4541.0,Yes,2,11.9,1
59,14,2757.0,Yes,2,6.7,1
31,5,4898.0,No,4,4.2,0
34,16,4284.0,No,1,1.7,0
27,17,5360.0,No,1,4.1,0
23,10,5588.0,No,2,16.5,0
41,0,5663.0,No,4,8.3,1
47,13,4446.0,No,4,3.2,0
42,13,3361.0,No,4,10.3,0
59,0,2904.0,Yes,4,10.7,0
26,11,5852.0,No,1,40.0,0
30,0,5744.0,Yes,1,37.8,1
55,4,2994.0,No,4,11.6,0
30,12,8068.0,Yes,2,3.4,1
35,9,7003.0,No,1,9.3,0
38,12,3661.0,No,3,3.4,0
30,8,5978.0,Yes,4,13.3,0
42,5,5254.0,No,4,32.4,0
52,1,5974.0,No,2,1.0,1
52,12,5810.0,Yes,1,9.1,1
39,10,6709.0,No,4,4.7,0
59,2,8163.0,Yes,1,5.6,1
33,2,6039.0,No,1,1.0,0
52,15,6459.0,No,3,9.2,0
55,16,8137.0,No,1,2.3,0
33,7,4532.0,No,1,4.6,0
24,19,3820.0,No,4,1.6,0
51,11,6710.0,No,3,14.8,0
25,10,3299.0,No,4,2.1,0
45,19,4046.0,Yes,3,1.6,0
40,12,8209.0,Yes,4,19.0,0
40,10,2408.0,Yes,3,1.9,0
50,2,6045.0,Yes,3,9.6,0
46,10,2904.0,No,3,9.4,0
44,6,6239.0,No,1,7.1,0
38,2,8798.0,No,4,12.3,0
48,10,3677.0,Yes,2,1.0,1
46,0,2000.0,No,3,25.2,1
43,18,6142.0,Yes,2,7.6,1
49,18,4370.0,No,4,14.5,0
26,14,5169.0,No,4,7.1,0
22,17,6156.0,No,3,1.0,0
23,16,6513.0,Yes,1,5.8,1
45,16,6531.0,No,2,34.4,0
50,2,5451.0,No,2,9.1,0
27,19,6284.0,No,3,10.0,0
24,4,5162.0,Yes,1,3.4,1
34,1,4908.0,No,2,2.1,0
51,17,5471.0,No,4,14.6,0
38,15,6539.0,Yes,1,5.4,1
47,11,4335.0,No,2,1.7,0
58,2,5887.0,No,2,1.8,0
41,6,4674.0,Yes,4,1.0,0
34,12,4175.0,Yes,4,10.4,0
23,14,7393.0,No,4,19.7,0
53,14,6168.0,No,3,1.4,0
50,4,6185.0,No,2,2.4,0
34,13,3798.0,No,3,1.0,0
45,2,5056.0,No,1,8.4,0
30,5,6581.0,Yes,3,22.1,0
47,0,6170.0,Yes,2,5.4,1
38,17,10116.0,No,2,3.5,0
29,7,5896.0,Yes,3,2.3,0
25,11,4303.0,No,2,8.8,0
22,0,4717.0,No,2,1.0,0
53,18,3958.0,Yes,1,4.2,1
24,7,4337.0,No,2,1.0,0
40,8,5680.0,No,1,3.2,0
26,7,4665.0,No,4,7.7,0
48,6,7905.0,Yes,4,9.6,0
36,6,7086.0,No,3,1.0,0
52,17,7055.0,Yes,2,29.5,1
25,1,5047.0,No,4,1.0,1
37,16,7145.0,No,3,2.4,0
37,5,7342.0,Yes,2,1.0,1
39,1,8373.0,No,2,1.9,0
32,17,4526.0,No,1,16.3,0
31,8,5521.0,No,1,20.4,0
58,18,4148.0,Yes,2,1.7,1
49,1,10251.0,Yes,1,25.8,1
39,1,5137.0,No,4,3.4,1
53,17,7796.0,No,4,22.1,0
24,5,5782.0,No,2,1.0,0
43,9,7083.0,No,2,3.1,0
47,3,5474.0,Yes,4,12.0,0
23,5,7162.0,No,2,1.1,0
48,11,5997.0,Yes,4,1.0,0
49,1,8569.0,No,1,17.9,1
42,15,6051.0,No,3,1.3,0
47,5,4200.0,No,1,8.6,0
57,18,6433.0,No,3,10.9,0
35,7,5517.0,No,3,12.4,0
30,14,3724.0,No,2,10.9,0
37,19,6183.0,No,4,2.7,0
58,13,4390.0,No,3,34.3,0
40,19,5076.0,No,2,7.0,0
57,14,5574.0,Yes,3,1.0,0
52,9,2000.0,No,2,3.0,0
26,19,4724.0,No,3,9.8,0
47,18,7163.0,No,3,2.0,0
55,18,5154.0,No,4,11.0,0
41,15,2077.0,No,1,6.4,0
33,1,5353.0,Yes,1,7.7,1
52,15,6369.0,Yes,2,1.8,1
24,4,4964.0,Yes,1,1.0,1
54,5,5022.0,Yes,2,12.7,1
25,15,4697.0,Yes,2,1.0,1
23,14,6617.0,No,3,1.0,0
41,1,4020.0,No,3,1.0,0
24,19,6483.0,No,4,8.5,0
49,13,5018.0,No,1,10.6,0
40,16,7756.0,No,2,14.4,0
50,18,4626.0,No,4,8.9,0
51,10,3501.0,No,2,40.0,0
51,6,6614.0,No,4,1.0,0
26,0,6387.0,No,3,4.2,0
54,14,6241.0,No,2,1.9,0
54,7,7024.0,No,1,39.7,0
41,8,3697.0,No,3,1.0,0
27,13,4081.0,No,1,3.4,0
49,8,7875.0,No,2,19.3,0
48,2,6284.0,No,2,2.8,0
27,17,4680.0,No,1,6.1,0
52,8,2326.0,No,1,5.4,0
47,14,3260.0,No,4,2.4,0
23,14,3777.0,No,2,1.0,0
45,4,4490.0,No,1,6.3,0
54,17,6050.0,Yes,2,9.7,1
58,19,3042.0,No,3,12.8,0
53,14,4550.0,No,4,19.0,0
54,17,3226.0,No,2,4.4,0
27,12,4742.0,No,1,3.1,0
22,6,9792.0,No,2,6.4,0
29,4,7641.0,No,3,4.1,0
55,18,6532.0,No,1,1.2,0
54,13,4560.0,No,3,21.3,0
25,9,3562.0,No,2,2.5,0
58,16,5344.0,No,4,10.4,0
30,11,2704.0,Yes,2,7.7,1
40,8,6667.0,Yes,3,3.1,0
45,1,5143.0,No,3,4.6,0
26,17,5450.0,No,4,5.6,0
36,1,2504.0,No,1,22.3,1
32,6,5590.0,No,2,3.7,0
35,12,5070.0,No,1,2.0,0
34,12,3778.0,No,1,7.6,0
39,12,5904.0,No,2,2.5,0
45,16,4783.0,No,2,2.6,0
26,10,6030.0,No,3,1.9,0
49,17,6613.0,No,3,6.9,0
26,11,3547.0,No,4,3.7,0
45,9,5693.0,No,2,2.9,0
29,7,5659.0,No,3,19.0,0
55,9,7739.0,No,1,1.0,0
34,9,7014.0,No,2,3.3,0
22,18,4873.0,No,1,1.8,0
25,3,4734.0,No,4,18.6,0
36,9,5769.0,No,3,11.6,0
58,2,3477.0,No,1,12.0,0
33,0,3747.0,No,2,8.0,0
40,9,4658.0,Yes,4,2.9,0
50,9,2000.0,Yes,4,5.1,0
30,5,3719.0,Yes,3,1.4,0
47,12,4902.0,No,3,5.9,0
37,0,10461.0,No,4,19.7,1
55,14,4341.0,Yes,4,2.4,0
47,8,6688.0,No,2,1.6,0
33,1,5143.0,No,4,3.7,1
39,18,6292.0,No,3,11.1,0
54,11,3551.0,No,1,4.0,0
36,9,2718.0,No,3,3.3,0
42,12,7979.0,No,1,4.1,0
54,11,3106.0,No,4,9.5,0
27,13,8171.0,No,1,1.0,0
53,14,4832.0,Yes,2,10.1,1
53,5,4011.0,Yes,4,7.1,0
42,12,4570.0,Yes,4,11.2,0
30,15,8384.0,Yes,1,8.2,1
27,2,4243.0,No,4,7.3,0
50,15,4812.0,No,2,1.2,0
36,6,7255.0,No,3,19.6,0
42,2,6353.0,No,1,7.6,0
25,14,9239.0,No,1,8.1,0
41,15,7598.0,No,2,1.6,0
24,11,4247.0,No,2,13.2,0
42,12,7845.0,No,1,12.3,0
53,9,2040.0,No,1,1.0,0
59,8,6886.0,No,3,25.3,0
54,6,4322.0,No,3,5.6,0
44,15,6572.0,No,3,1.0,0
50,9,9034.0,No,3,7.5,0
23,2,2493.0,No,4,1.1,0
47,4,7161.0,No,2,5.4,0
58,7,7012.0,Yes,4,14.5,0
27,14,6688.0,No,2,4.3,0
32,17,3736.0,No,4,9.2,0
59,3,5339.0,No,3,7.0,0
39,2,3767.0,Yes,2,9.1,1
49,10,6274.0,No,1,2.4,0
53,18,3152.0,Yes,1,16.7,1
58,5,4713.0,No,3,4.0,0
25,12,6634.0,No,1,9.2,0
35,14,4181.0,No,3,1.0,0
30,0,4787.0,No,3,1.0,0
52,7,3868.0,Yes,3,1.0,0
55,3,5962.0,No,1,4.1,0
55,19,5252.0,No,1,1.5,0
26,1,4181.0,Yes,2,1.7,1
47,2,4365.0,No,2,8.8,0
41,15,5785.0,Yes,1,2.0,1
49,3,3595.0,No,2,12.0,0
29,5,5420.0,Yes,1,11.8,1
26,11,5560.0,No,1,8.3,0
35,11,5781.0,No,2,1.0,0
35,19,4545.0,No,3,18.9,0
52,17,6589.0,No,2,3.4,0
29,16,7231.0,No,3,12.0,0
58,18,6665.0,No,1,1.0,0
22,11,5878.0,No,1,32.0,0
43,16,2932.0,Yes,4,2.7,0
42,14,8516.0,Yes,2,2.6,1
35,10,5605.0,No,3,2.1,0
26,18,6061.0,No,3,13.5,0
25,2,4231.0,No,2,27.6,0
32,7,5113.0,No,1,1.0,0
37,6,7623.0,No,4,1.0,0
29,10,6909.0,No,3,8.8,0
52,6,4940.0,No,3,2.0,0
58,8,8250.0,Yes,4,1.0,0
50,19,3683.0,No,2,2.6,0
53,15,2474.0,Yes,1,13.6,1
35,16,2028.0,Yes,4,1.0,0
54,7,6931.0,No,4,1.7,0
28,6,4247.0,No,2,3.1,0
44,10,5247.0,No,1,1.5,0
42,8,7470.0,No,4,13.4,0
40,13,6092.0,No,1,1.0,0
53,5,3365.0,No,1,1.0,0
34,2,8424.0,Yes,4,18.6,0
43,8,4976.0,Yes,1,7.3,1
39,16,5387.0,Yes,4,9.1,0
42,1,4217.0,Yes,3,3.9,0
35,1,3492.0,No,4,40.0,0
48,16,5915.0,No,4,1.6,0
44,7,2905.0,Yes,2,8.3,1
26,10,5350.0,Yes,3,1.0,0
38,15,8354.0,Yes,1,6.1,1
45,12,6852.0,Yes,4,1.0,0
25,19,5865.0,Yes,4,5.1,0
24,3,3523.0,Yes,2,1.6,1
42,16,5391.0,No,3,1.0,0
28,9,4067.0,No,4,1.5,0
43,2,8096.0,No,2,4.3,0
23,9,4647.0,Yes,1,7.6,1
54,10,4085.0,No,4,11.9,0
45,1,5108.0,No,1,29.8,0
46,9,4093.0,No,1,6.3,0
58,0,5924.0,Yes,2,9.6,1
45,13,8778.0,No,2,3.7,0
27,12,5513.0,Yes,1,5.3,1
56,2,3839.0,No,4,16.7,0
39,11,5216.0,No,1,2.0,0
47,5,3212.0,Yes,4,15.0,0
55,12,10672.0,Yes,3,10.5,0
39,4,8742.0,Yes,2,4.5,1
54,17,7745.0,No,2,4.6,0
58,10,6853.0,No,1,1.2,0
38,19,5202.0,No,4,9.2,0
22,1,5242.0,No,3,6.8,0
50,16,5103.0,No,4,10.8,0
52,1,9778.0,No,1,1.0,0
23,0,5154.0,No,4,1.0,0
58,3,4485.0,Yes,4,19.3,0
50,6,5312.0,No,3,4.2,0
29,17,6431.0,Yes,3,4.2,0
49,15,2000.0,No,2,8.7,0
48,1,6208.0,No,3,1.4,0
44,18,2000.0,Yes,4,1.0,0
43,4,8150.0,Yes,4,17.8,0
26,18,2397.0,Yes,2,3.1,1
57,4,4054.0,No,3,16.6,0
33,13,2049.0,No,2,8.9,0
32,12,8741.0,No,2,23.5,0
28,16,5478.0,No,3,1.1,0
29,12,9508.0,Yes,2,6.9,1
24,3,9078.0,No,3,6.9,0
53,19,7749.0,Yes,4,15.7,0
56,7,2977.0,No,1,1.3,0
24,18,5798.0,No,2,22.2,0
28,1,7959.0,Yes,1,12.5,1
38,18,6200.0,No,1,6.1,0
29,5,4834.0,Yes,1,6.8,1
29,19,6133.0,No,2,4.1,0
48,15,6306.0,No,1,3.5,0
55,19,2841.0,Yes,3,4.1,0
34,3,4480.0,No,2,1.0,0
41,14,6676.0,Yes,1,1.2,1
37,14,7074.0,Yes,4,5.3,0
36,18,5938.0,No,3,23.5,0
24,15,4766.0,Yes,4,2.9,0
48,1,5154.0,Yes,4,4.6,1
57,17,4142.0,Yes,1,19.8,1
50,5,5313.0,No,3,27.3,0
59,19,7030.0,No,1,6.4,0
53,15,9871.0,No,3,12.3,0
35,14,3332.0,No,4,3.7,0
53,12,7780.0,No,1,19.4,0
30,13,6189.0,No,3,1.0,0
37,11,2618.0,No,1,11.2,0
48,15,5324.0,No,3,5.5,0
32,18,5172.0,No,1,27.5,0
50,3,5497.0,No,4,3.5,0
29,16,7386.0,No,2,2.4,0
27,14,9055.0,No,4,5.4,0
50,11,7831.0,Yes,4,12.8,0
40,18,5883.0,Yes,1,4.1,1
57,18,6083.0,No,3,1.0,0
29,9,9242.0,No,3,3.2,0
49,1,3594.0,No,2,16.7,0
30,0,7736.0,Yes,3,30.0,0
39,12,3435.0,No,2,1.2,0
40,6,2754.0,No,4,3.6,0
54,4,6636.0,No,3,6.0,0
37,1,2516.0,No,2,18.3,0
35,5,4793.0,No,4,13.4,0
40,12,7974.0,No,3,2.2,0
59,15,3855.0,No,2,1.1,0
36,16,8734.0,No,2,1.0,0
42,13,2000.0,No,1,1.3,0
24,1,7380.0,No,2,2.2,0
44,14,3009.0,No,3,9.0,0
24,8,5150.0,Yes,3,1.5,0
22,2,5888.0,No,4,1.0,0
31,13,4992.0,Yes,1,6.8,1
29,19,5037.0,No,2,2.0,0
41,18,2889.0,No,4,7.1,0
29,15,8047.0,Yes,3,5.1,0
30,4,3286.0,No,2,2.8,0
55,9,3285.0,No,4,8.8,0
45,10,5325.0,Yes,4,1.2,0
22,8,4246.0,No,2,19.5,0
50,0,7009.0,Yes,4,10.0,1
49,11,4540.0,No,1,11.2,0
55,7,5498.0,No,3,15.9,0
42,6,5706.0,Yes,1,13.2,1
57,6,7253.0,No,3,3.6,0
57,14,4550.0,No,2,7.3,0
35,3,2491.0,No,4,2.6,0
25,10,4043.0,Yes,4,4.9,0
57,2,7547.0,Yes,2,4.3,1
46,18,6127.0,No,1,16.8,0
55,7,4833.0,No,3,13.3,0
24,18,5610.0,No,4,40.0,0
33,1,5022.0,No,4,24.1,1
22,14,6918.0,Yes,1,11.8,1
36,18,6107.0,No,1,8.0,0
50,3,4998.0,No,1,22.4,0
28,19,7152.0,No,2,6.0,0
36,18,7618.0,No,2,6.0,0
55,17,3845.0,No,1,6.6,0
33,14,3878.0,No,1,1.2,0
42,0,9822.0,Yes,2,6.0,1
38,2,6627.0,Yes,1,4.0,1
29,6,8505.0,No,4,2.7,0
57,15,7106.0,No,4,6.6,0
52,8,6327.0,No,1,25.9,0
36,0,2000.0,Yes,3,2.6,1
54,6,3302.0,No,1,4.8,0
40,16,6671.0,Yes,1,26.7,1
46,16,3871.0,No,2,14.8,0
33,16,5233.0,Yes,4,2.6,0
36,13,7139.0,No,4,2.8,0
57,3,5744.0,No,3,16.7,0
30,3,6218.0,No,1,20.6,0
37,19,7998.0,Yes,1,2.2,1
51,1,8177.0,No,3,8.1,1
34,15,5399.0,Yes,2,3.0,1
51,11,7793.0,No,3,9.3,0
36,0,3771.0,No,3,5.3,1
41,16,5908.0,No,3,14.9,0
59,18,6519.0,No,3,4.8,0
50,12,5310.0,Yes,4,3.6,0
56,19,5100.0,No,3,1.0,0
29,4,3485.0,Yes,4,40.0,0
53,19,5436.0,No,2,1.9,0
42,11,2605.0,Yes,1,2.7,1
51,13,5260.0,No,3,3.2,0
34,10,5609.0,No,4,6.4,0
49,17,6841.0,No,4,3.9,0
59,15,3383.0,No,3,9.1,0
40,16,6112.0,No,4,8.4,0
38,8,6525.0,No,4,2.1,0
42,18,5460.0,No,4,1.0,0
29,14,6305.0,No,4,3.2,0
43,6,5986.0,No,2,17.9,0
29,5,2000.0,Yes,1,1.6,1
48,15,3840.0,No,2,14.0,0
59,0,9357.0,No,1,5.1,0
50,17,6681.0,No,1,7.1,0
59,15,4417.0,Yes,3,1.0,0
38,11,6160.0,Yes,1,1.0,1
52,19,6780.0,Yes,1,5.0,1
43,5,8274.0,No,1,2.0,0
40,19,4799.0,No,2,2.6,0
46,2,4427.0,Yes,3,1.0,0
47,15,4604.0,No,4,8.5,0
23,4,4471.0,No,3,1.8,0
48,13,4411.0,No,3,7.1,0
41,7,5837.0,Yes,2,11.7,1
26,7,4742.0,No,2,3.2,0
28,5,5388.0,No,3,1.0,0
27,18,8870.0,Yes,1,3.4,1
53,11,3776.0,No,1,15.6,0
36,9,6106.0,No,4,4.3,0
38,5,3456.0,No,4,15.3,0
36,14,7169.0,No,4,3.2,0
49,4,7514.0,No,3,6.5,0
39,11,3938.0,No,4,1.3,0
59,7,4247.0,Yes,4,5.5,0
33,17,6700.0,Yes,1,8.3,1
58,6,5006.0,Yes,2,1.1,1
45,13,8051.0,No,1,9.1,0
46,3,3337.0,No,2,1.0,0
50,6,7439.0,No,4,4.8,0
55,10,9528.0,No,4,4.9,0
55,18,6206.0,No,4,7.6,0
55,8,4354.0,Yes,2,1.3,1
37,3,4101.0,No,1,2.4,0
51,17,5208.0,Yes,2,4.5,1
33,4,6717.0,No,1,14.4,0
40,4,2812.0,No,4,3.4,0
27,7,4942.0,No,3,15.8,0
38,16,5737.0,No,1,1.9,0
43,7,8297.0,Yes,2,2.6,1
53,19,8851.0,No,2,1.7,0
23,16,5263.0,No,3,6.3,0
44,16,3505.0,No,4,1.0,0
54,8,5752.0,No,1,2.5,0
51,16,5817.0,Yes,3,1.0,0
40,17,7635.0,No,4,1.2,0
37,7,4701.0,Yes,4,5.4,0
45,6,3720.0,No,2,15.3,0
48,2,5479.0,No,2,2.4,0
37,7,4888.0,No,1,1.0,0
42,9,4840.0,No,3,15.2,0
22,15,3937.0,Yes,2,2.3,1
34,11,3240.0,No,2,2.5,0
51,4,6599.0,No,1,14.0,0
37,5,5975.0,No,4,6.1,0
40,2,4054.0,No,3,13.6,0
57,4,6976.0,No,1,2.5,0
37,2,2183.0,No,1,3.2,0
38,15,4766.0,No,2,10.4,0
50,4,5888.0,Yes,1,4.4,1
54,1,7494.0,No,1,2.9,0
35,12,4500.0,No,4,1.0,0
28,11,7523.0,No,1,15.6,0
46,0,4327.0,Yes,3,1.5,0
25,13,6979.0,No,4,3.7,0
49,13,8528.0,No,3,2.7,0
40,19,3700.0,Yes,1,32.4,1
59,15,5773.0,No,2,3.6,0
33,15,6473.0,No,1,1.0,0
51,14,3260.0,No,4,1.0,0
22,12,6278.0,No,3,2.1,0
22,12,4480.0,No,4,1.0,0
39,12,3983.0,Yes,1,1.3,1
45,8,4738.0,Yes,2,1.0,1
28,1,4607.0,Yes,2,6.9,1
45,19,6941.0,No,4,1.0,0
47,19,5498.0,Yes,1,8.8,1
26,1,9659.0,Yes,4,3.8,1
54,15,4535.0,No,2,5.2,0
50,15,6353.0,No,4,11.6,0
34,4,5229.0,Yes,2,6.1,1
36,7,3203.0,No,4,15.0,0
32,15,8363.0,No,4,3.6,0
45,16,5715.0,No,2,1.3,0
47,7,4094.0,No,4,16.5,0
32,12,6220.0,No,2,1.8,0
42,9,7360.0,Yes,3,18.7,0
28,2,3972.0,No,4,4.3,0
37,3,5591.0,No,1,2.9,0
37,16,7373.0,No,2,10.4,0
36,0,5797.0,Yes,1,1.9,1
29,1,6498.0,No,3,9.6,0
22,5,5025.0,Yes,2,1.6,1
59,16,2669.0,No,1,1.9,0
37,14,5047.0,No,4,1.0,0
49,11,4491.0,No,2,5.3,0
54,12,5304.0,No,3,5.9,0
23,3,4511.0,No,1,3.0,0
37,3,5807.0,No,2,18.0,0
36,11,4876.0,No,1,11.3,0
46,7,6956.0,Yes,3,16.9,0
56,11,6608.0,No,2,7.8,0
47,12,3836.0,No,4,9.5,0
44,6,7762.0,No,3,7.2,0
30,17,4198.0,No,1,18.5,0
40,16,3476.0,No,4,8.2,0
50,2,7400.0,Yes,4,4.5,0
42,2,4434.0,No,3,8.4,0
45,4,5676.0,No,3,7.6,0
33,2,3182.0,Yes,4,11.5,0
39,10,4841.0,Yes,1,8.0,1
36,4,5292.0,Yes,1,3.5,1
40,12,4793.0,Yes,4,1.0,0
29,17,4575.0,Yes,4,1.0,0
46,2,5574.0,No,1,5.6,0
48,3,7282.0,Yes,1,1.0,1
50,3,3805.0,No,3,3.9,0
30,16,2000.0,No,2,7.9,0
37,19,7731.0,No,1,13.9,0
38,15,4315.0,Yes,2,1.0,1
55,13,4468.0,Yes,2,1.9,1
57,12,4518.0,Yes,4,2.8,0
40,4,3109.0,No,4,2.6,0
37,9,4789.0,No,1,7.0,0
22,18,4996.0,No,4,4.3,0
34,7,6283.0,No,2,18.4,0
24,0,4514.0,No,1,20.1,0
38,4,2000.0,No,1,12.2,0
36,10,3093.0,Yes,2,3.1,1
31,13,7508.0,Yes,2,17.6,1
59,8,3988.0,No,4,9.0,0
49,9,6482.0,No,2,2.4,0
46,13,4216.0,No,3,3.1,0
47,5,6963.0,No,1,9.6,0
35,15,5678.0,Yes,4,19.0,0
31,6,2888.0,No,2,3.8,0
54,2,3392.0,Yes,3,3.2,0
37,2,2818.0,Yes,2,4.1,1
49,7,7142.0,Yes,3,2.8,0
42,0,3234.0,No,3,1.0,0
22,3,4835.0,No,2,20.3,0
54,8,5356.0,Yes,4,1.2,0
22,18,5900.0,No,1,1.3,0
34,19,4670.0,No,4,5.4,0
50,15,2664.0,No,3,1.2,0
43,18,3328.0,Yes,1,3.4,1
