area_sqm,rooms,floor,year_built,dist_center_km,parking,price
77.9,5,11,1982,1.19,0,141360.0
76.2,5,3,1971,0.3,0,129902.0
88.8,5,7,2006,4.95,0,221561.0
92.8,1,7,1964,0.53,1,93209.0
128.3,1,13,2009,1.88,1,179614.0
84.9,3,15,2005,6.68,1,166664.0
56.2,1,2,2004,2.87,0,92228.0
113.8,1,4,1978,1.0,0,97989.0
116.6,5,12,1967,1.21,0,146415.0
90.8,4,3,1998,3.08,1,152694.0
78.8,5,8,1983,4.78,0,136015.0
100.6,5,15,1985,1.89,0,150607.0
79.7,1,15,1972,17.39,0,40000.0
35.0,5,15,1981,3.93,1,83218.0
99.1,1,3,2013,5.3,1,137001.0
107.3,2,3,2017,6.25,0,177167.0
121.0,2,3,1982,5.42,1,122614.0
66.7,2,12,1969,0.85,0,113260.0
90.7,4,3,1962,4.64,1,116812.0
91.2,1,7,1972,9.86,1,60437.0
87.1,5,13,1960,7.93,1,113840.0
87.9,5,8,2002,0.31,1,180849.0
85.9,4,15,2001,1.0,0,100906.0
90.3,1,8,2010,0.3,0,144194.0
103.5,3,6,1981,7.67,1,174973.0
115.5,4,15,2013,1.37,1,217216.0
66.1,2,9,1970,2.27,0,76468.0
80.7,2,3,1974,8.73,0,52240.0
74.4,3,10,2018,2.16,0,171505.0
70.9,5,12,2016,2.77,0,164243.0
44.6,1,13,1998,1.35,1,92236.0
85.6,3,1,1999,6.62,0,73980.0
97.0,2,2,2004,6.51,1,118381.0
81.1,3,10,2012,3.7,0,144514.0
84.8,1,12,1974,0.5,1,114570.0
95.5,5,10,1964,1.19,1,169408.0
120.3,3,6,1971,0.54,1,107070.0
74.5,5,12,1982,7.89,1,90441.0
55.7,1,9,1975,4.42,0,52693.0
82.7,3,14,1993,4.78,0,91360.0
132.1,4,6,1968,16.86,1,132635.0
56.0,4,12,1996,4.2,1,86546.0
101.3,1,3,2005,0.3,1,140530.0
113.9,4,11,1966,3.27,1,140019.0
35.0,1,11,1978,3.85,0,40000.0
95.3,3,4,1994,6.64,0,89021.0
100.1,1,1,1964,5.19,1,40000.0
78.3,1,15,2002,1.06,0,104612.0
68.8,4,2,2008,1.89,1,173186.0
70.2,4,8,1983,0.46,0,143336.0
76.8,5,1,1960,0.4,1,120076.0
77.4,4,7,1992,3.01,1,163177.0
72.7,3,13,2015,2.12,0,149884.0
76.4,1,8,1978,0.71,1,122295.0
114.8,4,4,2014,1.73,0,185200.0
54.6,2,6,2015,3.16,0,61373.0
41.3,1,2,1977,1.4,1,55849.0
115.2,4,9,1998,4.29,0,160956.0
80.2,3,1,1962,9.29,0,68000.0
75.3,1,6,1995,14.8,1,40000.0
82.2,3,1,2016,0.41,1,162724.0
90.2,4,4,2020,10.88,0,163783.0
71.9,3,2,1972,1.13,1,104363.0
97.6,4,14,2002,8.93,0,125582.0
60.9,3,12,1964,7.66,0,95368.0
77.5,2,14,1977,8.95,1,48325.0
35.0,2,11,2013,13.56,0,80969.0
114.3,2,8,2001,4.19,1,175506.0
80.6,5,3,1985,0.57,1,155856.0
101.8,2,15,2021,0.3,1,176768.0
96.9,4,14,2008,5.41,1,169274.0
98.7,2,7,1961,2.95,0,80384.0
84.8,3,4,1965,0.34,1,96786.0
94.7,4,6,2000,1.34,1,162366.0
61.0,3,6,2016,10.24,0,92279.0
55.7,4,14,1970,0.3,1,101428.0
82.5,5,2,1994,7.82,1,140661.0
68.0,5,10,2012,2.3,0,103729.0
120.6,5,12,2015,3.23,0,204616.0
94.4,1,12,2001,2.51,0,93748.0
67.1,4,3,2023,5.76,0,98450.0
78.2,4,7,2019,7.67,1,151764.0
88.3,3,6,2013,0.57,0,143721.0
83.3,2,7,2002,2.6,1,163821.0
91.8,1,2,2023,6.81,1,120724.0
86.7,5,2,1961,3.52,0,125935.0
50.2,5,1,1965,4.49,0,116015.0
35.0,1,15,1992,3.5,0,40000.0
75.7,3,7,2002,2.17,0,123178.0
99.0,3,4,2017,3.64,0,199077.0
75.9,1,12,2003,1.44,0,104004.0
115.9,3,8,1974,6.02,1,136794.0
83.8,5,6,2018,6.45,1,172884.0
118.9,2,2,1965,0.64,0,122056.0
113.8,4,6,1966,4.09,0,118934.0
111.3,5,10,2006,0.78,1,164707.0
54.9,3,10,2021,4.98,0,111809.0
85.4,1,6,1992,1.94,1,79351.0
115.6,2,10,1968,17.1,0,51036.0
91.8,1,12,1963,3.33,1,51464.0
98.9,2,14,2022,0.3,0,170423.0
50.3,4,8,1977,2.7,0,88309.0
133.0,2,4,2000,6.17,0,107605.0
65.2,3,2,1980,0.87,0,81802.0
35.1,5,3,1973,2.52,1,119374.0
76.2,2,1,2002,0.3,0,145010.0
35.0,5,9,2007,4.09,0,98524.0
57.9,2,4,1990,1.07,0,57139.0
149.0,4,4,1992,0.3,1,259325.0
75.5,1,11,1991,6.8,1,82556.0
49.3,2,5,1997,13.71,0,44142.0
85.6,5,13,2011,25.0,1,92695.0
62.6,3,3,2005,0.9,1,145311.0
106.6,3,6,1977,6.67,0,146212.0
62.8,3,1,1975,3.1,0,84749.0
91.8,2,9,2003,0.97,0,154269.0
56.3,5,2,2001,4.7,0,129515.0
150.0,2,4,1983,6.58,1,122925.0
97.6,1,12,2013,5.77,0,95404.0
81.4,5,14,1986,0.83,0,116470.0
77.7,1,9,1981,8.22,1,73035.0
71.2,5,15,1995,2.23,0,172752.0
66.0,2,12,1972,0.34,1,94035.0
65.3,1,12,2004,0.3,1,105295.0
127.0,2,15,2017,0.7,0,153809.0
71.2,4,2,2020,2.38,0,165516.0
35.0,3,4,1988,5.7,0,40000.0
55.9,1,7,1977,0.61,1,43632.0
108.2,2,10,1990,10.73,0,113509.0
78.7,2,15,1966,0.3,1,86167.0
81.6,4,2,2002,5.29,1,143729.0
114.2,5,4,1987,11.36,0,130773.0
65.6,2,5,1967,18.99,1,40000.0
100.8,5,11,1994,3.14,0,165588.0
68.3,3,15,2005,2.6,0,101963.0
99.4,1,15,1974,6.29,1,65628.0
75.2,2,12,1985,5.7,0,71332.0
79.0,5,12,2016,1.43,1,201950.0
105.5,5,7,2005,2.87,1,196467.0
103.7,4,10,2011,1.86,0,170538.0
80.9,2,3,1988,5.7,0,85527.0
73.2,4,8,1991,1.56,0,125394.0
125.0,4,5,1991,15.07,0,100945.0
99.7,4,14,1988,14.82,1,143166.0
75.2,3,6,1969,0.36,0,78642.0
68.7,3,6,1962,0.51,1,97806.0
110.6,5,7,2013,5.3,0,133022.0
87.9,5,14,1994,0.56,0,154781.0
80.9,3,14,1994,8.72,0,68510.0
87.9,2,7,1998,3.18,0,86314.0
93.4,3,15,1986,1.7,0,181525.0
83.6,3,12,2017,0.73,0,159963.0
115.1,4,13,1990,2.41,1,204296.0
116.5,2,14,1992,3.38,0,147153.0
98.3,1,5,1994,3.34,0,123331.0
119.4,5,9,1970,5.87,0,132998.0
85.2,5,5,1971,0.64,0,170280.0
102.3,1,5,1971,3.38,0,95377.0
110.1,2,7,1976,0.53,1,130458.0
110.5,3,1,1970,1.57,0,122487.0
107.9,4,4,1974,1.42,0,130732.0
100.8,4,13,2020,0.98,0,186516.0
133.9,2,3,1983,0.67,0,137285.0
71.5,2,10,2010,0.3,1,149688.0
81.1,3,12,1985,7.53,1,151024.0
79.6,2,4,2012,2.64,1,110710.0
75.8,3,7,2008,0.39,0,166434.0
35.3,2,14,2013,1.02,0,85064.0
119.4,1,13,1978,2.71,0,130377.0
59.3,4,14,1966,0.3,1,99254.0
89.2,4,10,1979,4.7,0,124029.0
49.5,2,14,2004,0.39,0,93064.0
100.5,3,6,2001,6.91,1,101150.0
65.4,3,10,2005,8.57,1,158799.0
56.6,1,11,2023,11.84,0,46871.0
89.9,3,15,1974,7.13,0,86862.0
67.5,3,6,1988,0.69,1,97874.0
70.6,5,14,1991,7.43,0,85250.0
89.3,2,8,1969,3.1,1,90267.0
105.0,4,2,2002,5.07,0,137817.0
64.5,2,10,1963,0.59,1,47915.0
60.2,1,15,2017,0.67,1,122329.0
85.6,2,7,1965,2.5,0,40000.0
98.5,5,9,1967,3.87,1,145792.0
121.6,2,14,1971,2.47,0,104652.0
58.2,5,14,2017,2.3,0,95900.0
77.1,4,7,2015,1.68,0,144722.0
114.4,4,12,2019,0.79,1,225265.0
134.3,4,10,2013,12.13,0,137996.0
60.2,3,10,2019,1.56,0,147295.0
66.5,4,11,1990,2.18,1,146387.0
94.5,1,5,1960,0.54,1,57267.0
70.6,4,5,1988,4.08,0,111493.0
66.0,4,1,1974,0.3,0,125175.0
91.1,1,13,1975,2.69,0,50554.0
123.7,3,5,2004,0.72,0,165095.0
52.3,3,11,1970,8.69,1,91181.0
122.5,2,11,1980,3.59,1,111994.0
70.6,1,11,1985,2.81,0,79124.0
93.6,1,13,1963,6.39,0,40000.0
124.8,2,14,2004,4.08,0,140336.0
93.1,2,1,2008,3.63,0,136543.0
77.6,2,13,1995,9.21,0,40000.0
103.0,4,4,1961,0.3,0,105192.0
80.7,3,10,2010,12.85,0,111318.0
98.0,1,11,1988,2.08,0,101366.0
79.9,1,1,1977,7.93,1,52506.0
106.5,4,5,2020,1.77,1,177390.0
50.1,5,14,2015,2.06,0,165582.0
59.7,5,3,1988,1.24,0,119960.0
49.8,4,4,1988,2.11,1,133689.0
83.6,2,2,2018,2.18,0,144356.0
46.8,4,3,1972,0.3,1,93605.0
67.7,1,10,1986,0.71,0,100689.0
57.3,1,13,1996,0.3,1,82133.0
122.0,1,9,1982,7.62,0,118091.0
60.2,1,5,1980,2.0,1,107192.0
52.8,2,13,1966,1.82,0,75323.0
91.2,1,6,1977,8.67,1,67501.0
127.2,5,5,1982,2.9,0,232687.0
82.1,4,8,2013,18.54,0,104186.0
84.0,4,3,1981,6.05,1,131251.0
117.3,1,6,1970,0.62,0,94118.0
107.0,5,12,2014,0.3,0,172106.0
95.6,1,10,1982,0.73,0,123702.0
70.4,5,15,2018,7.19,1,155445.0
96.4,4,12,1966,4.4,1,145910.0
51.0,2,6,1961,0.55,0,75064.0
69.4,1,12,2018,13.81,1,100868.0
120.8,4,13,1966,1.95,1,133716.0
117.5,5,10,1960,1.04,1,150833.0
95.9,3,12,2001,3.63,0,67288.0
36.8,1,8,1980,5.64,0,40000.0
54.8,3,14,1991,1.44,0,117068.0
68.0,3,4,1986,3.72,0,87642.0
80.7,2,7,1979,3.93,0,64853.0
53.7,5,4,1990,4.11,1,126131.0
78.8,2,2,1976,0.65,1,134349.0
129.2,2,10,1974,1.47,1,137656.0
95.0,4,2,1974,3.5,0,162998.0
90.5,4,4,1967,1.38,0,97702.0
59.6,4,12,1993,0.35,1,145486.0
44.0,3,4,1995,2.29,0,79350.0
54.3,2,13,1961,8.45,1,90927.0
43.0,2,1,1989,1.71,0,73708.0
86.9,1,7,2007,1.54,0,164732.0
94.6,1,2,1960,0.3,1,73127.0
60.9,3,1,1979,0.42,1,147239.0
88.7,3,12,2021,1.73,0,162055.0
121.7,4,2,1987,1.23,1,200371.0
133.9,5,14,1961,3.45,0,116752.0
104.3,3,9,1993,8.16,0,124190.0
80.6,1,8,1986,6.88,0,40000.0
103.5,1,14,1973,2.29,1,105812.0
118.8,2,6,1964,0.83,1,82975.0
35.0,2,6,2016,4.19,0,84183.0
122.1,1,7,2012,0.99,1,193005.0
71.4,4,10,2003,0.45,1,174834.0
71.6,2,13,1961,3.56,0,40000.0
76.1,4,9,2015,1.03,0,111815.0
93.0,2,5,1990,0.3,0,127774.0
57.2,1,14,1990,2.32,0,104170.0
77.9,1,9,2016,7.04,1,89781.0
98.1,3,13,1987,1.64,1,196575.0
90.5,3,7,1975,2.14,0,103748.0
94.5,3,3,1975,0.52,0,63813.0
76.9,5,15,2019,0.3,0,143248.0
102.3,4,11,1994,1.17,0,173794.0
111.4,4,5,1997,0.98,0,169329.0
109.9,1,13,1997,0.56,0,158416.0
95.7,3,1,1974,7.17,0,59312.0
108.5,4,14,1986,0.45,0,155387.0
106.8,3,9,2020,4.51,0,162824.0
151.9,5,9,1969,1.01,0,176210.0
115.5,3,1,2020,7.02,0,151265.0
82.8,2,3,1977,1.99,0,76608.0
62.2,5,11,1978,2.13,0,119271.0
78.5,2,9,1960,10.1,0,41015.0
76.7,3,2,2002,5.71,1,137089.0
97.8,1,10,1980,0.61,0,121255.0
67.5,1,12,1989,4.14,0,40000.0
114.8,1,5,1997,0.34,0,80758.0
50.3,3,11,2000,3.47,0,122519.0
44.2,5,15,2021,1.57,0,130477.0
81.6,1,8,1995,0.91,1,103608.0
63.9,5,4,1971,1.1,1,114168.0
53.5,5,15,2005,1.88,0,125382.0
69.1,1,14,1963,5.23,0,40000.0
66.0,1,7,2013,3.46,1,99052.0
85.3,5,7,1978,2.74,0,147483.0
69.5,3,13,2006,9.15,0,99677.0
71.5,1,1,1970,3.14,1,79823.0
84.9,5,5,1986,18.57,0,72723.0
110.4,3,9,2004,0.3,0,183641.0
121.8,4,10,1999,0.34,0,166341.0
88.7,4,10,1960,4.66,0,40000.0
90.6,2,6,1962,1.22,1,102526.0
80.4,2,14,2022,2.59,0,154840.0
97.0,1,10,1993,0.3,0,93169.0
94.8,3,9,2014,0.88,0,188540.0
118.1,5,15,1964,5.18,0,110883.0
37.8,4,2,1991,0.72,0,117688.0
79.1,4,11,1996,3.48,0,173919.0
93.5,1,14,2018,7.25,0,110943.0
84.3,3,10,2005,4.49,0,121063.0
61.5,5,9,2000,2.31,1,155473.0
52.5,1,6,1978,0.3,0,94257.0
105.2,2,5,2023,6.36,1,171570.0
66.1,4,9,1980,0.34,0,165295.0
41.1,1,14,1977,1.53,0,45906.0
106.4,2,7,2006,2.07,1,140730.0
96.5,5,2,2023,3.0,1,196712.0
82.1,1,8,2014,1.0,0,119520.0
62.1,3,2,1971,13.44,0,40000.0
82.2,2,15,2012,3.48,1,128105.0
115.4,2,9,1982,5.88,0,92820.0
44.6,2,4,1974,12.93,0,40000.0
45.9,2,10,2019,1.0,0,158565.0
69.3,4,9,2020,3.35,1,171085.0
84.3,1,8,1983,1.5,0,40000.0
72.6,1,9,1961,3.82,0,40000.0
101.1,2,14,1973,0.3,1,125987.0
112.2,5,13,1994,0.3,0,182835.0
92.0,2,4,1963,2.38,1,133481.0
99.0,1,4,1974,0.92,0,107782.0
91.8,3,15,1969,1.28,1,142013.0
85.2,4,10,2020,0.3,0,169682.0
52.7,3,1,1982,5.26,0,98628.0
59.3,1,8,1984,10.6,0,40000.0
51.2,5,2,1986,2.93,1,155112.0
81.3,5,1,1960,3.9,0,95330.0
90.8,5,3,1994,2.29,0,120225.0
48.8,5,4,2018,2.23,0,166666.0
86.8,2,2,2012,2.38,1,182449.0
63.1,3,13,1976,0.97,1,95120.0
58.3,5,7,1960,2.07,0,129464.0
69.4,3,9,2009,1.4,0,89021.0
57.0,5,13,2013,5.58,1,128750.0
100.2,4,13,2018,3.97,0,168197.0
80.8,5,13,1996,2.64,0,140331.0
105.4,1,3,1990,0.64,0,92402.0
73.9,4,12,2008,2.96,0,145702.0
74.9,5,15,2004,0.3,1,167455.0
131.8,1,1,2008,2.84,0,135126.0
44.4,4,14,1978,1.08,0,96301.0
117.1,1,13,2017,0.92,1,151172.0
126.4,5,13,1962,1.47,0,146725.0
104.1,5,6,1965,0.92,1,138922.0
76.7,1,3,2001,1.28,0,66939.0
120.7,3,11,1996,1.4,1,192953.0
77.0,2,10,1995,5.42,1,151325.0
67.4,5,11,2018,0.82,1,216264.0
75.3,2,4,2015,3.62,0,127863.0
70.7,4,3,2006,6.64,1,126482.0
61.3,1,14,1970,4.5,1,47117.0
112.8,2,8,1966,10.76,0,92206.0
65.7,5,13,1968,3.01,0,45588.0
84.3,2,14,1999,18.55,1,64233.0
48.9,4,7,2005,1.33,1,160818.0
85.8,5,4,2011,2.47,1,161738.0
56.1,5,14,1966,10.56,0,76705.0
55.5,1,11,1977,0.3,1,82175.0
82.3,2,10,1981,0.57,0,58687.0
111.4,4,15,2000,0.3,0,174244.0
96.0,5,4,1962,13.27,1,86319.0
97.7,5,6,2013,3.62,1,208492.0
81.8,4,1,1965,0.3,1,141135.0
76.6,1,6,1993,0.3,0,100803.0
104.8,4,7,2019,1.99,0,185490.0
70.9,2,7,1972,3.66,1,89532.0
105.9,5,3,2003,1.49,0,152703.0
115.9,3,13,1995,3.34,1,161261.0
64.0,1,8,2012,3.51,1,90403.0
67.6,5,7,1997,6.76,1,169608.0
71.4,5,13,2014,2.43,1,199496.0
48.3,3,8,1985,0.3,0,105600.0
73.3,5,14,1970,0.52,0,162657.0
117.5,1,4,2003,1.61,1,140716.0
58.9,2,13,2021,3.04,0,101955.0
118.1,1,15,1987,4.13,1,112585.0
74.2,2,12,2012,8.46,0,58094.0
137.9,2,14,2016,6.12,1,142010.0
68.0,3,12,2001,1.11,0,136243.0
81.4,2,10,2010,9.07,1,82496.0
62.2,3,12,1996,10.31,0,51002.0
67.8,2,15,2011,0.41,1,135462.0
118.5,2,10,1981,5.3,1,115144.0
96.9,5,11,1993,0.69,0,187846.0
110.7,3,2,1964,9.5,0,82622.0
52.1,1,15,1972,2.15,0,40000.0
101.4,2,12,1997,1.76,0,149651.0
60.7,5,3,2006,1.0,1,187480.0
51.6,1,5,1961,2.93,1,40000.0
91.0,5,4,1964,2.2,0,127207.0
90.7,2,5,1960,2.54,0,51793.0
86.3,4,14,1993,6.9,1,119954.0
102.9,3,7,1981,0.58,1,191228.0
106.8,4,7,1963,1.29,0,123632.0
121.7,4,12,2010,2.37,0,179627.0
55.2,1,6,1993,2.8,0,67084.0
122.6,2,14,1960,1.02,1,140366.0
132.1,3,12,2003,2.01,1,171705.0
75.8,2,4,2018,5.4,1,122069.0
43.3,2,10,1986,25.0,1,40000.0
50.4,5,8,2020,0.3,1,142360.0
73.5,2,6,1986,12.56,0,76809.0
135.4,1,14,1964,1.29,0,59476.0
85.4,3,6,1967,2.53,0,82721.0
69.6,1,2,1964,4.54,1,40000.0
67.9,1,7,1979,5.84,0,40000.0
51.9,5,8,1984,24.46,0,68152.0
106.9,2,2,1988,11.59,1,128666.0
82.7,1,12,1990,0.6,0,119843.0
137.5,4,4,2015,0.71,0,173290.0
100.7,3,2,1960,3.68,1,80404.0
105.7,3,9,2017,0.83,1,197552.0
78.9,3,3,1975,5.46,0,100893.0
57.7,1,12,2021,12.62,0,46202.0
63.2,5,2,1968,0.87,1,111642.0
50.8,1,7,1966,0.58,1,40000.0
107.8,3,1,1967,1.81,1,168761.0
75.4,2,6,1978,4.44,0,60506.0
108.8,4,14,2020,13.24,0,149482.0
88.4,3,10,1989,0.98,0,125181.0
77.7,2,9,1970,2.84,0,97861.0
55.8,3,3,2001,8.26,1,80118.0
92.5,2,5,1992,4.42,1,150137.0
79.5,1,6,2004,7.12,1,68512.0
107.6,5,9,2007,3.66,0,209813.0
67.1,4,4,2010,0.47,0,105153.0
100.4,4,15,1969,4.3,1,127456.0
126.0,5,10,1991,0.81,0,226801.0
91.8,5,5,2000,11.62,0,149201.0
104.6,3,2,1995,3.26,0,145801.0
99.3,4,9,2022,0.76,0,160970.0
132.5,3,7,2021,5.72,0,161810.0
94.3,2,11,2011,5.77,0,156055.0
102.5,4,9,1975,5.84,1,145368.0
84.1,5,10,1993,4.35,0,164911.0
65.6,5,13,2011,6.04,0,145385.0
54.8,3,8,1977,6.99,0,53732.0
116.7,5,11,2005,6.15,0,196002.0
59.8,1,6,1975,7.12,0,40000.0
103.6,1,15,1968,0.3,0,78181.0
95.4,3,7,1975,0.41,0,78535.0
107.9,2,11,2019,9.16,0,154908.0
72.1,5,15,2023,5.64,1,193541.0
65.2,1,6,2014,5.76,0,72643.0
94.5,3,2,1977,2.34,0,138291.0
77.7,4,4,2009,0.58,1,179025.0
54.2,1,4,1973,8.07,1,46300.0
133.5,1,1,1968,5.21,1,129262.0
65.2,3,9,1976,7.86,0,81568.0
60.2,5,5,1968,8.93,1,102847.0
78.9,1,2,2000,2.08,0,90125.0
116.3,1,3,2003,14.1,1,153882.0
35.0,5,5,1962,1.3,1,76505.0
114.2,4,6,1966,2.1,0,145859.0
62.2,4,15,1990,5.97,1,116769.0
91.6,2,11,1967,4.24,1,102208.0
68.1,2,11,2013,0.69,0,152501.0
134.8,3,11,1985,0.62,0,148881.0
88.1,2,13,1986,5.97,1,119831.0
67.3,3,5,1960,2.31,0,73394.0
77.5,5,2,2004,2.97,0,139372.0
87.2,4,8,2006,0.35,0,191187.0
89.4,5,1,2008,12.19,1,173235.0
96.0,3,4,1994,0.31,1,144651.0
85.0,4,12,1977,0.75,0,149365.0
50.6,3,8,1965,0.38,1,63365.0
76.5,4,11,1980,0.75,1,135852.0
100.2,4,8,1994,0.53,0,144374.0
68.3,5,9,1967,0.93,0,129568.0
101.8,5,5,1963,4.1,0,109698.0
85.8,1,4,1973,1.45,1,107127.0
79.6,4,4,1964,1.8,0,113042.0
114.9,4,12,1960,0.3,0,117489.0
41.5,4,15,1991,4.13,0,137688.0
68.1,1,2,2007,9.71,0,49264.0
115.8,3,9,1991,5.67,0,95770.0
130.8,5,8,1965,1.3,1,196492.0
142.1,5,9,1981,3.62,0,123475.0
86.3,2,4,1962,5.48,1,113555.0
96.4,3,1,1999,5.02,1,147894.0
105.4,5,4,1974,6.61,1,111310.0
116.9,5,3,1984,0.3,0,148558.0
92.8,2,1,2017,6.57,1,102793.0
108.2,5,6,1997,2.55,1,200607.0
96.5,5,11,2008,0.98,0,149197.0
98.1,1,15,1982,5.93,0,87677.0
62.0,1,10,2019,3.81,0,90444.0
76.8,1,3,2005,18.84,1,46616.0
71.9,1,6,1993,2.57,0,91859.0
55.3,4,5,1997,13.42,1,111258.0
43.7,2,4,1999,1.68,1,128525.0
74.4,4,15,1970,0.3,1,108626.0
78.4,1,10,1976,8.72,1,59655.0
87.6,4,8,2003,6.68,1,136417.0
98.9,4,7,1988,12.23,0,109990.0
89.7,5,5,2010,3.01,0,152768.0
78.6,2,7,1993,4.81,1,99043.0
62.1,3,10,1964,0.3,0,63955.0
106.9,3,14,2002,15.4,1,128354.0
82.5,2,8,1999,0.3,0,117824.0
74.2,4,3,1983,4.74,0,119028.0
80.3,3,15,2010,0.48,1,158885.0
66.7,5,5,1982,14.89,1,82151.0
71.7,1,2,1967,11.38,1,40000.0
70.9,2,9,1967,0.51,0,46405.0
77.8,3,12,2017,0.55,0,163944.0
101.4,3,4,1984,1.1,1,137933.0
95.2,5,5,1986,10.71,1,143988.0
123.7,4,5,1979,1.11,0,159376.0
115.3,1,13,2007,3.59,1,185114.0
133.9,3,15,1998,3.8,0,169960.0
99.0,5,13,2017,0.3,1,217380.0
98.6,5,4,2017,0.72,0,178451.0
72.8,5,13,2023,3.29,1,211385.0
105.7,3,5,1981,1.12,0,120085.0
68.6,1,14,1997,0.99,1,66678.0
48.2,2,15,1982,0.3,1,83033.0
123.2,5,11,2005,1.31,0,203762.0
53.8,2,15,2007,1.78,0,78747.0
96.0,4,3,1976,0.3,0,127995.0
63.0,1,10,2015,3.36,1,111853.0
113.2,3,1,1978,2.38,1,141432.0
116.6,5,10,2022,0.57,0,247551.0
98.2,2,6,2014,4.09,0,102256.0
116.2,1,15,1961,6.08,1,132725.0
85.2,2,8,1985,2.96,0,92979.0
140.9,1,12,1984,0.82,0,144155.0
103.7,4,5,2012,4.09,1,188241.0
62.5,1,2,2006,4.19,1,56384.0
86.7,2,12,1963,0.42,0,51076.0
81.2,3,4,2013,0.7,0,134003.0
78.7,2,11,1973,0.3,1,126353.0
43.6,4,7,1983,0.57,0,61877.0
94.7,5,15,1970,0.87,1,132322.0
50.4,5,6,1970,2.18,0,99811.0
35.0,4,7,1993,12.69,0,71006.0
76.4,5,12,1965,1.0,0,125688.0
66.1,4,12,1965,3.01,1,77745.0
63.5,1,2,2010,6.12,1,58430.0
35.0,5,12,1982,0.3,0,117826.0
63.7,3,8,2001,7.65,0,130213.0
80.7,1,15,2023,1.32,0,117907.0
69.1,4,10,1963,3.39,1,72398.0
94.7,2,12,2010,8.41,1,119578.0
119.8,3,6,1967,0.77,1,150397.0
97.9,4,5,2008,1.67,1,178246.0
110.7,1,12,1979,0.3,0,136490.0
112.7,3,1,1968,4.19,1,147219.0
59.5,1,9,1974,2.92,0,49788.0
96.0,1,15,1983,2.94,0,40000.0
109.9,2,15,2006,2.45,0,123238.0
74.1,4,11,2003,0.6,1,149079.0
65.2,3,8,2006,0.83,1,124790.0
98.3,1,13,1961,6.57,0,52616.0
48.0,4,1,2022,3.01,1,161551.0
57.8,3,12,1987,7.31,1,50203.0
68.3,1,3,1967,1.81,1,85820.0
96.3,3,12,2019,9.33,0,136588.0
90.5,2,6,2010,2.8,1,155541.0
110.8,4,12,1965,1.89,1,160646.0
62.0,5,10,1987,1.71,1,125841.0
60.6,2,14,2018,4.21,0,140818.0
98.1,4,12,2003,0.3,1,179485.0
65.0,1,14,1972,4.22,1,98444.0
69.9,3,3,2004,0.3,0,106322.0
38.6,5,6,1972,5.04,1,132596.0
92.3,1,7,1982,12.28,0,40000.0
123.5,5,1,1972,1.5,1,240670.0
59.3,1,1,2004,2.67,0,58099.0
110.5,3,1,2019,10.02,0,171545.0
83.5,1,12,1962,0.65,0,48865.0
40.9,1,7,1998,15.35,0,40000.0
62.6,2,12,1975,8.41,0,43632.0
61.1,3,13,2008,1.5,0,94949.0
77.1,4,1,1968,3.02,0,40000.0
95.5,2,13,1983,2.82,1,180820.0
131.2,3,4,1973,7.45,0,117311.0
49.2,1,7,2015,2.23,0,40000.0
72.9,4,15,1965,3.77,0,94690.0
62.6,1,5,1997,0.54,0,100830.0
53.3,5,15,1967,4.7,0,67713.0
87.4,1,8,1998,1.28,1,102331.0
85.0,4,1,2009,2.67,0,152959.0
39.7,2,13,2008,3.22,0,114155.0
85.5,5,1,1962,0.3,0,123249.0
54.9,2,10,2009,1.16,0,141241.0
85.3,5,7,1978,8.78,1,156390.0
116.7,5,3,2003,2.03,1,201135.0
96.6,3,8,2021,3.27,0,120772.0
89.4,3,6,1967,0.34,0,94063.0
71.8,2,2,1983,17.02,1,62632.0
86.7,3,9,2015,11.7,0,116907.0
99.1,3,1,1969,2.75,0,117316.0
96.6,1,9,1976,0.3,1,126015.0
82.5,2,4,1995,7.06,1,120561.0
90.4,5,13,2023,1.99,0,185072.0
52.1,5,15,1978,1.17,1,141182.0
66.6,1,14,1984,2.84,0,119027.0
102.7,4,15,2010,11.83,0,99508.0
106.1,2,2,1967,1.64,1,123722.0
87.3,4,8,1980,0.84,1,190700.0
122.0,4,4,1980,8.22,1,117465.0
97.7,5,2,1985,2.72,1,192668.0
79.2,4,6,1996,1.8,1,182628.0
54.5,5,7,1974,2.71,1,82994.0
121.0,5,5,1985,1.62,0,189939.0
104.3,4,2,2018,2.42,0,173787.0
130.0,3,7,2013,5.5,1,185839.0
139.2,2,3,2021,0.84,0,179496.0
52.8,2,1,2003,1.62,1,144987.0
52.9,2,7,1997,5.61,0,70282.0
35.0,2,1,1973,1.86,0,40000.0
108.0,2,15,1970,5.35,1,92516.0
101.4,3,13,1994,0.51,1,150610.0
87.4,2,14,1985,2.78,0,69202.0
54.3,2,2,2010,0.3,0,96587.0
82.8,4,7,1960,2.97,1,112787.0
89.6,2,13,2017,0.3,1,173140.0
104.6,1,9,1970,2.01,0,109746.0
91.8,1,5,1985,4.36,0,85204.0
101.6,4,13,1982,2.82,0,121948.0
81.9,5,5,2019,4.15,0,147519.0
114.5,4,15,2006,2.26,0,182252.0
100.8,1,2,1962,0.3,1,88056.0
55.3,3,11,2014,10.79,0,90167.0
119.7,2,1,2003,0.3,0,158873.0
115.6,2,14,1964,2.75,0,106640.0
96.6,5,6,2010,6.52,0,172203.0
92.0,5,1,1962,0.68,0,120357.0
126.5,4,13,1987,8.13,0,121110.0
44.2,3,15,1970,1.22,0,48770.0
116.0,3,14,1960,0.3,1,151956.0
73.1,5,8,1995,0.3,0,139840.0
112.4,4,1,2003,0.54,0,141979.0
88.0,3,4,1990,6.12,1,152969.0
53.9,1,1,1981,2.42,0,40000.0
72.6,5,1,1992,2.85,0,138386.0
110.5,5,3,1969,2.31,1,172394.0
79.7,2,9,1963,3.07,0,62695.0
69.5,2,12,1970,0.59,0,40000.0
69.3,5,9,1963,0.83,1,134897.0
101.1,5,4,2009,6.63,0,200637.0
128.8,3,10,1998,1.01,1,203768.0
35.0,2,4,1971,0.69,0,40000.0
155.0,4,7,1996,6.26,0,234471.0
90.1,4,14,1990,4.91,0,93749.0
99.5,5,3,1967,6.15,0,90515.0
74.1,3,14,2022,0.31,0,173142.0
84.9,3,5,2020,0.46,0,170631.0
89.8,1,11,2008,3.49,0,110233.0
58.8,4,4,2011,2.58,0,120975.0
64.9,2,3,1995,1.75,0,127066.0
114.6,2,7,2011,4.14,0,143407.0
46.2,4,6,1993,8.32,1,62295.0
96.0,2,8,1970,4.17,0,111012.0
75.7,2,4,1970,10.95,1,63717.0
61.0,5,15,2014,1.13,0,188520.0
134.3,5,11,1988,0.85,0,203379.0
61.1,3,13,2006,0.61,1,200736.0
56.7,2,12,1969,5.89,1,51796.0
80.3,1,11,1988,8.96,0,57882.0
65.8,4,3,1965,4.2,0,97936.0
85.2,4,9,1974,0.3,1,130315.0
88.9,4,14,1966,0.98,0,130956.0
90.9,4,2,1973,0.3,0,49585.0
81.9,3,7,1998,14.03,0,81195.0
67.4,4,3,1960,1.58,0,81815.0
101.1,4,12,1972,0.4,1,144400.0
82.2,4,14,2004,3.87,1,137092.0
72.6,4,1,1969,1.02,0,123963.0
122.0,1,13,1995,11.24,0,78649.0
82.0,4,6,2015,3.88,0,159027.0
112.3,5,15,2009,4.35,1,201486.0
115.7,3,1,1967,3.03,1,141864.0
117.2,3,3,1969,0.62,0,159164.0
102.3,4,11,2005,0.31,1,193633.0
85.0,3,12,1982,1.98,0,129505.0
83.4,3,2,1986,9.91,0,87857.0
78.9,5,3,1990,0.3,0,136420.0
35.0,1,6,1997,15.04,0,40000.0
103.0,5,1,1988,3.55,0,147486.0
91.1,1,12,1961,1.08,1,93504.0
105.6,2,11,1966,4.55,0,84421.0
82.1,4,12,1960,1.25,0,77448.0
101.6,4,8,1976,0.38,1,147601.0
50.6,5,10,2012,1.9,1,127082.0
55.8,2,9,2022,1.07,0,116680.0
35.0,1,11,1990,11.57,0,40000.0
81.6,2,7,1961,1.21,1,131456.0
65.7,3,10,1964,1.27,0,107626.0
62.4,2,10,2012,1.5,0,87218.0
93.4,2,10,1981,3.86,0,97454.0
74.4,5,14,2016,3.37,0,171408.0
49.2,3,6,1992,8.68,1,80619.0
148.6,4,14,2016,4.83,1,219008.0
84.1,4,1,1968,0.33,0,102876.0
57.9,3,8,2014,10.17,1,161343.0
68.3,4,7,1994,0.3,0,119985.0
80.7,5,14,1988,0.62,1,173513.0
80.6,4,1,1993,0.59,0,74789.0
117.6,2,4,1980,7.4,0,118769.0
83.0,4,8,1998,6.63,0,154401.0
131.4,2,13,2009,5.62,1,141949.0
74.2,1,7,2011,14.8,0,46963.0
95.7,3,10,2022,0.52,0,181428.0
110.5,3,3,1986,0.3,0,140037.0
114.9,3,15,2009,0.35,0,182154.0
117.8,2,12,2016,0.97,0,156864.0
78.2,2,1,1961,3.96,0,102482.0
84.9,5,11,1990,4.42,0,122706.0
35.0,2,2,2004,0.3,1,171039.0
80.1,4,9,1989,6.11,1,162543.0
112.3,2,11,1966,5.14,0,105853.0
107.4,1,14,2001,1.12,0,96188.0
82.8,1,2,1985,9.68,0,76102.0
127.5,2,5,1999,6.17,0,148303.0
75.4,5,11,1960,1.28,1,71850.0
67.1,3,4,1960,0.3,0,40000.0
73.3,4,11,1998,2.11,1,159796.0
56.9,5,3,2022,3.1,0,156738.0
100.6,1,3,2000,0.49,1,122853.0
92.2,1,9,2020,1.97,1,174839.0
100.2,5,11,2014,6.99,1,167401.0
74.6,3,4,1978,2.83,1,98994.0
83.5,4,14,1966,6.61,0,70689.0
35.0,2,14,1995,1.46,0,83644.0
94.4,5,2,1999,7.13,0,105379.0
87.5,4,5,2009,1.46,1,165248.0
57.5,2,9,1993,6.81,1,42696.0
82.4,4,8,2018,3.39,0,151833.0
78.6,1,4,2014,0.4,1,153356.0
129.1,2,8,1997,1.72,0,166182.0
58.5,2,15,1995,5.94,0,55820.0
93.3,4,5,1961,0.97,0,121778.0
57.7,4,4,2009,6.13,0,114876.0
71.1,1,12,2003,0.41,0,132072.0
91.9,5,9,2017,0.4,1,206271.0
79.7,5,11,1965,2.26,0,40000.0
84.9,3,10,1969,3.92,0,108367.0
93.3,2,12,2002,6.77,0,95868.0
72.7,3,11,1991,5.07,0,91760.0
107.1,3,10,1997,4.58,1,161448.0
77.4,4,7,1987,4.22,1,97932.0
82.6,2,7,2001,1.24,0,118806.0
94.0,1,4,2002,6.71,1,124477.0
90.7,4,7,1972,1.57,1,144567.0
101.1,4,10,2008,2.46,1,168897.0
92.9,2,11,1991,6.25,0,120443.0
96.7,4,12,1996,0.81,0,128788.0
76.9,3,6,1999,1.6,1,126082.0
58.3,3,11,2007,1.33,0,115985.0
49.3,1,7,1979,24.48,0,40000.0
43.2,2,6,1960,4.91,0,40000.0
129.1,2,3,1971,1.28,0,148715.0
35.0,5,4,2021,0.78,0,156852.0
114.8,5,11,1974,1.03,1,175926.0
64.5,5,4,1975,6.0,0,106103.0
114.7,3,2,2014,1.75,0,189758.0
35.0,2,5,1975,0.91,1,72834.0
79.1,3,15,1989,6.71,0,50357.0
121.4,4,3,1983,2.66,0,178648.0
102.8,4,3,2002,5.66,1,169822.0
76.6,4,7,1998,6.22,1,156231.0
36.4,3,6,1992,2.69,1,86956.0
51.9,4,14,1992,7.53,0,43897.0
119.7,5,4,2013,1.16,0,149327.0
76.3,4,7,1997,0.3,1,134781.0
83.2,3,5,1992,1.76,1,150732.0
92.1,5,4,2016,1.99,0,217362.0
52.4,5,5,1965,3.97,1,110574.0
95.2,4,4,2013,2.92,1,157234.0
74.5,5,11,1972,8.48,0,75717.0
92.3,2,12,1981,10.36,0,102800.0
70.5,3,3,1960,3.48,0,40000.0
45.7,2,8,1996,7.48,1,130124.0
74.3,2,4,2013,11.22,0,136671.0
101.0,4,14,1984,3.63,1,204263.0
94.9,4,2,2002,1.9,0,165188.0
85.8,1,7,1985,6.4,1,76702.0
107.5,4,5,2008,7.61,0,161874.0
79.9,1,6,2023,8.65,1,140960.0
86.4,1,15,2005,0.39,0,96486.0
73.0,3,9,1981,2.73,1,85515.0
108.9,2,6,2012,2.28,1,158442.0
92.3,5,13,1962,5.74,0,87842.0
71.1,1,12,2023,2.72,1,162982.0
47.8,1,3,2013,11.41,0,40000.0
112.6,4,7,2001,8.7,1,165221.0
66.4,2,7,1999,0.3,0,129446.0
86.8,4,7,1976,4.26,1,159726.0
143.8,4,6,1987,2.34,1,198464.0
105.0,1,13,1966,1.29,1,105292.0
125.3,3,15,1981,5.78,0,100785.0
71.5,3,1,1997,2.01,0,141141.0
111.8,1,13,1983,2.18,1,149998.0
85.7,4,13,2009,2.36,0,108341.0
94.2,5,6,2014,5.73,1,233179.0
135.5,5,8,1995,2.54,0,174994.0
78.0,1,2,1981,0.3,0,92416.0
85.5,1,6,1979,5.89,1,81524.0
62.4,5,4,1994,4.06,0,126001.0
107.2,2,14,2006,0.57,0,139802.0
71.0,4,2,1968,1.47,0,72441.0
110.6,2,6,1988,2.73,1,149621.0
43.8,2,8,1988,6.03,0,46384.0
98.7,4,15,1978,1.07,1,118079.0
68.9,2,13,1975,11.42,0,40000.0
103.3,1,15,2013,1.03,0,101324.0
84.7,3,5,1987,0.86,0,105035.0
71.6,1,5,1996,10.76,0,65947.0
75.3,1,9,1962,9.11,0,40000.0
63.7,4,6,1978,1.1,0,129096.0
105.9,3,1,1974,3.6,0,106940.0
58.8,3,13,1981,5.92,1,83285.0
78.3,1,2,2013,0.3,0,116609.0
93.6,1,3,1996,2.59,0,134894.0
125.3,2,15,2017,5.31,0,121772.0
84.8,2,11,1987,13.16,0,101589.0
78.9,3,10,2009,4.32,1,169804.0
91.8,1,2,1970,0.68,1,91519.0
35.0,5,4,2012,0.3,1,187926.0
55.0,2,4,1999,0.57,0,86743.0
75.6,5,10,1962,6.07,0,99777.0
67.2,3,8,2004,3.39,1,120160.0
45.0,3,6,1990,2.84,1,125222.0
106.4,1,12,1960,7.22,0,40000.0
91.5,4,12,2014,2.96,0,162356.0
88.5,1,12,1994,0.34,1,136388.0
67.7,4,2,1998,2.7,1,170515.0
87.0,5,10,1996,9.44,0,110231.0
97.9,2,4,1965,0.46,0,107538.0
78.4,5,5,1981,25.0,1,44870.0
96.1,4,15,2004,7.43,1,103917.0
65.1,1,7,1981,0.75,0,46953.0
87.4,2,12,2016,0.58,0,161956.0
113.6,4,4,1980,6.72,0,127055.0
115.8,4,15,1989,16.12,1,111645.0
118.2,1,5,1988,0.3,1,137497.0
92.1,4,3,1961,3.68,0,98560.0
85.8,5,5,2011,2.59,0,187322.0
73.8,1,3,1968,1.38,1,40000.0
39.8,5,9,1990,1.0,0,112781.0
51.4,3,3,2018,0.5,0,133077.0
80.8,4,4,2023,1.68,0,136226.0
82.3,1,11,1974,7.44,0,40000.0
120.3,4,1,1984,0.39,1,168557.0
117.9,3,7,1996,9.96,0,123873.0
67.8,2,11,2004,4.16,1,116781.0
105.5,4,7,1976,0.3,1,142641.0
73.1,2,1,1995,5.31,0,72962.0
102.1,1,3,2013,1.56,1,138941.0
105.2,3,15,2008,1.9,0,163573.0
116.1,4,12,2012,3.71,1,227411.0
72.7,1,6,2016,3.39,0,48985.0
110.4,5,14,2015,13.87,1,190350.0
38.2,4,1,1992,5.62,0,82511.0
117.4,5,1,2022,2.66,0,223153.0
84.4,3,14,1991,2.06,0,148149.0
84.9,1,11,2005,1.45,0,88967.0
35.0,1,9,2020,0.3,0,113558.0
75.3,3,6,1962,6.98,0,40000.0
118.9,3,13,2019,1.54,0,184720.0
74.3,4,10,2012,4.52,0,135957.0
102.8,4,7,2023,2.64,1,203757.0
85.9,4,6,2009,5.55,0,119369.0
111.6,3,6,1970,1.83,0,126797.0
89.8,1,9,1979,8.01,1,115262.0
61.7,3,10,1960,2.41,1,55629.0
86.4,5,13,1998,0.3,0,169411.0
125.0,5,7,1987,1.42,0,199827.0
97.4,5,4,1990,2.83,0,147596.0
82.1,1,9,2006,8.16,0,117330.0
141.4,3,9,2012,2.29,1,195763.0
114.0,4,5,1964,0.3,0,128043.0
105.4,2,2,2018,2.57,1,144096.0
92.9,3,5,1983,3.12,1,133165.0
103.3,1,2,2008,2.61,1,140181.0
104.1,1,2,1997,21.21,0,60343.0
35.0,1,15,1988,1.97,1,47800.0
94.9,5,12,1973,5.68,1,123590.0
81.0,5,1,1972,4.91,1,142577.0
72.5,3,6,2006,1.54,0,163740.0
80.1,1,4,1980,0.3,0,93755.0
46.1,2,15,1974,4.49,0,90150.0
39.9,3,7,1960,5.25,0,48428.0
116.2,1,4,2013,4.18,1,163912.0
96.6,4,10,1985,3.24,1,166922.0
35.0,5,8,1982,7.35,0,116879.0
70.6,5,3,1983,1.99,0,159054.0
107.0,5,5,1998,1.07,0,151333.0
78.0,5,2,1990,2.38,1,179085.0
116.1,1,11,1994,9.1,1,117464.0
111.2,3,15,1977,3.76,0,112349.0
51.1,3,13,1978,0.77,0,40000.0
81.4,1,6,2015,0.79,1,98851.0
73.8,1,8,1988,3.17,1,81433.0
50.3,3,1,2022,2.16,1,109465.0
48.6,4,6,2014,0.49,0,129371.0
64.8,2,1,2005,4.36,0,114439.0
69.0,3,12,1995,7.58,1,95146.0
92.1,1,14,2013,1.19,0,126202.0
111.1,1,3,1963,3.14,1,63741.0
97.8,3,11,1991,0.3,1,160859.0
103.8,3,9,2005,1.17,0,166648.0
78.3,4,7,1966,22.0,0,40000.0
100.1,5,12,1971,5.51,1,124198.0
81.3,1,11,1964,0.47,1,45516.0
74.0,2,5,1991,6.14,0,93640.0
132.4,5,12,1994,4.42,1,204350.0
35.0,1,10,1989,2.83,0,42652.0
38.2,5,5,1963,2.57,1,90958.0
94.6,5,12,1991,2.03,1,182846.0
78.4,1,10,2016,0.37,0,128196.0
49.1,1,2,1961,6.97,1,40000.0
58.6,4,3,2009,3.94,1,130000.0
61.9,3,5,1977,1.23,1,103140.0
107.3,5,1,1964,0.3,0,135847.0
115.3,3,7,1963,0.3,1,185307.0
126.0,4,7,1960,0.3,1,144153.0
45.3,2,12,1986,2.11,0,73297.0
50.8,2,3,1991,5.55,0,76063.0
49.1,1,9,1999,1.35,1,125368.0
117.2,1,10,1965,4.94,1,71190.0
95.4,1,7,2001,0.3,0,148961.0
87.0,5,14,2007,1.6,1,185715.0
90.7,1,5,1964,11.16,0,91834.0
83.6,3,7,2003,2.76,1,156885.0
57.0,3,1,1967,2.25,0,40000.0
97.8,1,7,1988,8.55,0,67986.0
80.3,5,1,2002,1.06,1,213337.0
55.0,3,15,2015,0.3,1,149989.0
99.4,1,4,1993,3.96,0,94769.0
74.4,1,13,1987,5.12,1,100975.0
90.7,4,2,2013,3.18,1,170405.0
81.9,4,5,1973,1.22,1,125582.0
107.3,3,2,1973,3.46,0,86713.0
90.5,3,6,1989,3.72,0,158401.0
62.9,1,10,1967,2.19,1,40000.0
93.1,1,7,1961,0.34,1,87727.0
93.9,3,10,1983,8.28,0,106737.0
97.8,2,13,1969,10.58,0,57669.0
110.9,2,1,2000,9.56,0,77913.0
69.6,2,7,1995,3.45,0,66636.0
101.7,4,9,1991,0.88,1,182543.0
41.9,2,8,1991,3.06,0,46513.0
82.0,2,3,1966,1.07,1,41255.0
78.1,2,4,1985,4.46,1,110544.0
121.2,4,6,1964,1.14,0,111958.0
81.1,1,10,1982,5.88,1,95480.0
100.2,5,15,2003,1.24,0,173379.0
41.0,3,6,2023,0.99,0,119690.0
76.2,2,8,1979,2.09,0,83751.0
63.8,4,5,1976,3.21,0,66543.0
146.9,5,1,2002,9.06,0,166574.0
68.3,1,6,2018,1.16,1,122682.0
86.8,2,6,1978,8.79,0,40000.0
88.2,1,3,2013,4.51,0,127220.0
45.3,1,11,1980,3.83,1,48151.0
71.8,4,4,2000,6.27,1,101259.0
95.1,1,4,1973,1.17,0,64609.0
87.1,2,6,1976,1.67,0,91565.0
35.0,5,15,2022,0.3,0,141198.0
70.8,4,10,1984,5.23,0,113130.0
110.5,4,7,1961,0.41,0,138516.0
99.7,1,13,2009,7.57,1,181108.0
115.5,5,1,1968,3.42,0,169796.0
60.4,1,6,1967,5.69,0,40000.0
117.0,4,9,2013,2.22,1,194424.0
83.9,4,8,1982,4.09,0,108539.0
124.8,3,11,1968,0.3,0,143767.0
85.1,5,11,2022,0.3,1,187090.0
35.0,5,7,1977,4.2,0,71419.0
106.2,1,14,2000,3.62,0,80180.0
73.9,5,14,1976,2.74,0,104673.0
75.6,2,8,1997,9.01,0,65221.0
48.7,4,14,2004,0.63,1,135730.0
125.6,5,10,2008,4.5,0,163667.0
72.0,3,3,1986,2.37,0,126056.0
124.4,5,2,1999,5.25,0,190750.0
74.2,5,2,2013,2.91,0,127554.0
61.8,3,4,2013,4.91,1,135504.0
118.0,1,5,2007,2.11,1,113284.0
83.2,3,2,1985,2.91,0,140931.0
83.4,5,10,1993,4.58,0,181643.0
53.0,2,7,2021,1.04,1,134567.0
73.6,5,10,1975,2.66,0,97254.0
95.7,1,8,2004,7.18,0,78623.0
52.5,4,5,2010,3.09,1,133841.0
71.5,4,10,1990,0.31,0,125444.0
74.5,1,15,2015,1.28,0,146382.0
86.7,3,5,1987,9.44,0,113610.0
122.0,1,5,2013,1.37,0,171680.0
77.5,2,8,2001,3.31,0,109879.0
67.7,5,13,1963,4.73,0,63365.0
153.7,1,8,2012,4.49,1,159394.0
74.2,5,13,2004,5.18,0,146548.0
80.2,4,2,1974,3.88,1,91352.0
76.1,4,2,2005,2.39,0,150115.0
78.1,2,7,1992,0.3,0,125958.0
86.9,5,4,2020,2.89,0,196039.0
108.0,2,1,1979,2.24,0,119990.0
95.1,3,4,1976,1.98,1,80693.0
111.9,1,5,1963,4.05,0,103279.0
111.1,5,14,2010,1.0,0,157195.0
90.2,4,12,2023,0.68,0,177561.0
94.4,1,6,2004,2.41,0,126349.0
112.7,4,15,1983,1.46,0,157615.0
57.2,1,13,2016,3.11,0,61129.0
147.5,3,4,1976,2.95,0,120417.0
72.2,3,8,2004,3.13,1,145782.0
76.2,5,14,1998,2.41,1,179896.0
54.7,2,7,2014,0.67,0,84535.0
55.4,1,6,2022,5.91,0,98850.0
109.4,3,14,1983,0.3,0,97188.0
141.8,5,10,1966,7.58,0,160720.0
70.8,4,7,1970,6.51,0,59759.0
93.7,1,14,2007,5.91,0,103688.0
90.5,1,12,1983,5.12,1,88895.0
110.0,4,6,1968,8.32,1,151496.0
140.5,4,7,2012,9.23,0,184548.0
123.0,3,1,2001,2.04,0,146482.0
79.0,1,2,1968,14.44,0,40000.0
98.2,2,15,2005,2.32,0,184000.0
100.7,5,1,2000,0.78,0,195333.0
84.5,1,13,2023,10.07,0,97476.0
57.6,2,4,2023,0.89,0,103725.0
65.0,3,9,2022,0.4,0,130588.0
113.7,4,11,2017,10.86,1,192350.0
116.3,5,15,2010,0.3,0,180845.0
79.8,3,6,2002,6.13,1,131852.0
91.5,3,14,1994,18.72,0,105420.0
114.9,2,7,2010,4.67,0,145335.0
42.4,1,14,2021,5.06,0,53432.0
73.8,2,2,1967,3.64,0,115146.0
135.4,2,5,1968,1.98,0,161051.0
92.5,1,10,1991,1.11,0,110844.0
56.8,4,11,1978,17.22,0,74664.0
87.9,2,13,1994,8.1,0,82096.0
110.5,3,6,1979,3.43,0,138306.0
35.0,2,10,2010,0.42,1,99942.0
89.4,3,10,2017,0.3,1,143985.0
75.7,1,15,1978,1.31,1,151373.0
44.0,4,2,2009,0.93,1,109582.0
87.0,4,1,1966,15.67,0,65394.0
81.6,2,9,2010,5.45,1,137352.0
84.4,2,1,2004,0.47,0,137575.0
76.3,4,3,2005,9.75,0,114673.0
59.5,2,8,1991,4.05,1,92644.0
48.6,1,5,1966,2.07,0,40000.0
67.7,2,4,2013,1.03,0,132152.0
106.5,5,6,1967,7.17,0,119460.0
90.8,3,11,1990,4.31,0,112846.0
83.3,2,6,1971,0.76,0,50152.0
59.0,3,12,2014,7.26,1,175932.0
75.7,2,3,1996,15.55,0,68727.0
103.4,4,2,1992,0.8,0,159543.0
97.6,3,3,1980,2.42,0,98998.0
73.1,3,14,2010,0.81,1,129555.0
35.0,3,5,1973,9.16,1,72040.0
68.1,3,1,2006,0.74,1,142093.0
72.9,3,5,2022,0.8,0,166447.0
62.3,2,11,1977,9.3,0,40000.0
74.7,5,6,2003,1.89,0,194416.0
105.4,2,6,1979,10.54,1,116764.0
84.1,5,2,2019,0.3,0,186003.0
109.7,4,11,2017,5.39,1,202986.0
47.3,3,4,1980,4.89,0,84250.0
77.4,2,2,1974,1.11,1,65410.0
36.5,3,11,1965,0.3,0,97096.0
74.3,5,15,2004,0.3,0,174272.0
58.9,1,10,2018,7.21,0,64882.0
117.0,3,15,1969,10.22,0,62215.0
95.2,4,7,2012,3.28,1,205757.0
110.4,4,8,2008,1.73,0,181144.0
74.3,1,6,1990,0.3,1,115455.0
59.5,3,8,1974,2.69,0,76652.0
58.7,1,14,2001,11.88,0,40000.0
91.6,5,10,1998,7.87,0,155050.0
130.3,2,1,2011,3.17,0,155407.0
95.3,3,9,1996,0.41,1,156463.0
75.6,5,6,1963,3.7,0,161555.0
80.3,3,9,1973,0.42,0,121097.0
84.2,1,9,1984,8.58,0,80299.0
135.7,5,9,1991,7.09,1,257958.0
115.8,4,13,1982,6.98,1,158224.0
91.5,4,13,2016,0.3,1,196343.0
87.7,1,15,1977,0.85,0,61605.0
92.5,3,10,2003,7.1,0,110436.0
97.4,3,5,1983,3.04,0,64702.0
74.7,2,3,2023,3.9,1,165471.0
63.9,3,13,2018,1.59,0,104482.0
110.8,2,14,2010,5.83,1,174803.0
85.5,3,1,2008,3.29,1,152409.0
108.7,5,4,2001,4.34,1,193171.0
126.2,4,11,1997,2.14,1,190811.0
98.0,2,3,1996,1.23,0,157947.0
94.0,2,1,1961,0.3,0,111586.0
165.0,1,15,2019,0.3,0,192028.0
90.2,2,2,2022,0.68,0,127705.0
57.7,1,4,1993,0.3,1,116807.0
78.0,1,15,2015,6.09,0,73721.0
123.8,5,2,1985,5.14,1,141178.0
52.6,5,12,1967,1.35,1,127214.0
66.2,3,9,2013,3.43,0,156017.0
112.7,4,9,1992,3.1,0,143583.0
78.2,3,13,2020,8.67,0,135328.0
82.2,4,1,1973,0.48,0,105288.0
111.8,5,1,1990,12.33,1,169335.0
67.1,1,3,2002,0.3,1,139406.0
48.3,2,8,1968,5.24,1,47328.0
50.3,1,15,2023,0.41,0,79715.0
99.5,4,2,1998,5.99,1,121809.0
91.5,5,7,1970,0.9,1,174192.0
67.7,4,7,2007,1.52,1,130826.0
56.0,4,3,2016,9.47,1,142156.0
78.2,3,6,1983,5.33,1,129940.0
112.9,1,4,1999,4.0,0,101587.0
64.1,4,3,2007,4.74,1,140935.0
68.4,5,8,1969,2.58,0,132466.0
55.2,5,14,1993,1.01,0,111020.0
75.8,2,7,1995,10.98,0,47467.0
93.5,2,10,1979,9.23,0,65435.0
137.9,4,11,1979,7.25,0,175693.0
90.4,1,13,2000,2.46,0,142978.0
83.7,1,13,2008,4.57,1,115095.0
106.6,5,14,1984,0.49,1,163562.0
102.4,5,13,1969,1.7,1,182373.0
70.6,3,14,2010,1.22,1,109478.0
142.6,3,15,1971,3.92,0,140750.0
84.4,3,12,1960,0.3,1,104372.0
90.9,1,8,1980,1.92,0,113346.0
98.8,2,5,2012,1.42,0,177345.0
93.6,2,9,2008,0.97,1,129522.0
123.1,5,13,1979,4.21,1,179737.0
70.3,3,12,1993,1.39,0,97710.0
104.6,4,8,2021,7.11,1,178662.0
89.1,1,2,2006,0.62,0,130745.0
109.6,5,5,2008,0.3,1,204858.0
79.6,5,9,1965,1.35,1,138803.0
76.2,3,6,1975,0.42,0,122422.0
103.3,2,7,1966,0.76,1,149059.0
93.9,5,5,2022,10.44,0,171197.0
64.5,5,2,1981,0.58,0,128714.0
118.6,3,7,1991,0.35,1,142173.0
103.3,2,7,1995,1.92,1,181565.0
83.1,4,12,1993,0.85,0,151498.0
73.3,2,2,1963,9.93,1,54891.0
94.1,4,8,2018,9.41,0,150071.0
101.5,5,13,1984,9.43,0,137011.0
45.1,3,5,2018,6.82,1,140105.0
94.4,1,5,2008,1.51,0,141224.0
101.3,3,2,2004,1.66,0,189300.0
35.0,5,9,2004,4.01,1,141832.0
89.9,2,13,2022,0.71,1,211690.0
102.4,5,8,1979,1.5,0,176913.0
99.5,2,7,1981,0.88,0,106217.0
105.1,4,12,2002,3.47,1,134651.0
76.8,4,7,1974,5.13,1,116424.0
59.0,1,6,2011,1.4,0,133462.0
40.0,1,12,1961,0.3,0,40000.0
112.3,5,5,2017,1.78,0,205072.0
102.6,4,13,1982,1.88,0,142030.0
114.2,4,5,1960,21.47,0,75768.0
66.9,2,8,1998,1.97,1,106530.0
105.1,1,4,1977,0.68,1,89365.0
47.4,2,10,1979,1.15,1,94945.0
63.3,3,7,1990,4.79,0,72290.0
88.1,4,4,1997,3.94,0,91202.0
101.6,2,12,1968,6.49,0,120174.0
127.0,2,15,1963,1.87,0,127831.0
79.0,2,1,1989,6.77,0,127390.0
63.4,5,9,1982,2.53,1,159115.0
62.1,4,11,1997,8.04,0,118949.0
67.8,5,11,2007,10.14,1,153388.0
140.5,1,4,1999,17.72,0,83529.0
103.9,3,2,1966,1.09,0,120308.0
112.8,3,8,2023,0.35,1,189784.0
79.0,3,10,2005,0.61,1,127334.0
85.0,2,5,1963,20.73,0,40000.0
102.5,1,6,2008,1.58,1,175357.0
72.4,1,8,2016,0.42,0,83840.0
77.7,4,7,1996,1.62,1,123277.0
68.1,3,8,2013,2.23,0,146058.0
73.8,1,11,2016,25.0,0,40000.0
86.2,2,15,2021,2.54,1,169407.0
64.5,5,12,2021,2.34,1,210356.0
92.1,3,1,1972,3.54,1,126228.0
92.1,5,6,1962,0.89,0,108159.0
80.5,1,1,2001,1.62,1,149003.0
64.3,1,14,2003,11.27,0,73148.0
87.6,3,10,1996,4.6,0,118851.0
72.4,4,4,1975,1.78,0,105150.0
86.2,5,13,2020,5.58,0,181780.0
112.5,3,9,1986,0.42,0,132930.0
53.7,2,1,2007,6.74,1,58990.0
139.3,3,3,1999,3.8,0,184694.0
83.2,2,13,2017,10.46,0,121619.0
95.3,1,5,2005,0.3,0,62663.0
66.2,1,8,2000,2.42,1,114257.0
113.6,4,14,2013,2.45,0,225817.0
81.9,4,5,1963,16.87,0,40000.0
75.1,1,1,2005,10.15,1,85723.0
70.6,3,2,1997,4.89,1,118215.0
78.3,5,14,2009,2.49,1,223235.0
95.5,5,9,1974,2.32,0,164104.0
89.3,3,5,1998,4.06,1,119870.0
84.0,1,2,1978,1.31,1,101768.0
67.2,4,11,1967,3.07,1,162982.0
65.8,3,1,1996,5.16,0,83162.0
73.5,5,2,1961,3.31,0,99136.0
96.5,3,9,1965,3.25,0,105663.0
101.6,4,10,1993,1.87,1,153084.0
104.9,3,9,2017,1.31,0,212815.0
85.0,3,14,2005,1.36,0,126423.0
94.6,2,5,1960,5.05,0,40000.0
80.8,3,9,1966,4.04,1,83575.0
41.4,2,5,1987,1.1,0,83996.0
79.6,3,6,1987,4.37,1,99831.0
75.6,5,3,1962,3.46,0,109325.0
59.0,2,12,1976,0.3,1,103414.0
70.8,3,11,1968,1.54,0,51627.0
88.4,5,11,1996,2.29,0,142812.0
56.7,1,3,2002,1.78,0,89254.0
67.2,2,2,1984,12.71,0,61635.0
123.7,3,12,1996,1.66,1,161880.0
44.9,3,10,1972,3.55,1,80689.0
80.4,2,1,2014,4.9,0,110872.0
55.8,4,10,1960,8.42,0,69366.0
66.2,3,15,1992,2.53,0,116490.0
80.1,2,12,1980,0.3,0,83693.0
60.3,3,5,1988,2.5,1,124051.0
99.3,5,5,1993,7.16,1,152665.0
118.8,5,12,2001,0.3,0,205624.0
106.0,2,7,2019,5.69,0,153467.0
110.6,1,12,1995,2.72,1,189236.0
50.5,1,15,1974,3.48,1,45613.0
78.9,3,7,1993,0.4,1,136788.0
96.7,4,9,1992,1.36,0,130819.0
106.8,1,8,2015,0.87,0,113574.0
128.8,3,8,1996,0.95,0,152503.0
111.7,2,2,2015,7.75,1,168863.0
107.4,5,15,2001,1.79,0,198292.0
150.8,4,9,1996,6.14,1,203742.0
87.4,3,4,1981,12.06,0,66516.0
77.8,3,9,1976,1.47,1,102961.0
89.4,1,6,1966,2.64,0,40000.0
62.1,3,13,1995,10.54,1,79868.0
86.7,2,12,2018,8.17,0,83987.0
41.8,1,6,1960,2.19,1,68721.0
71.8,2,11,2020,3.03,0,170764.0
82.1,4,1,2015,8.22,1,108513.0
108.7,3,15,1988,4.71,1,150307.0
112.8,5,8,1980,0.37,0,170762.0
60.9,2,10,1997,15.85,0,48865.0
136.9,4,10,2014,2.03,0,188396.0
88.7,3,5,1961,1.01,0,115188.0
91.0,5,11,1988,7.14,1,160672.0
44.6,5,6,1963,4.38,0,100803.0
69.5,4,11,2001,4.67,0,106017.0
111.2,3,2,1964,4.23,0,65375.0
89.2,3,3,1980,0.56,0,125273.0
87.7,4,14,2007,0.97,0,135091.0
90.7,5,12,2008,9.15,1,193500.0
48.9,2,2,1974,13.86,0,40000.0
82.6,5,4,1992,0.41,1,160332.0
120.2,5,9,1971,4.81,1,146127.0
112.2,1,1,1997,3.5,0,104601.0
81.9,2,7,1960,0.36,1,94787.0
124.1,2,5,2012,4.8,1,178786.0
53.5,3,3,1961,3.34,0,69303.0
60.7,2,5,1998,1.78,0,112805.0
131.6,2,5,1985,6.31,1,132907.0
99.4,1,2,1974,11.32,0,100418.0
77.8,1,10,1994,8.41,0,99282.0
83.6,3,5,1969,16.54,0,40000.0
64.8,2,1,1997,1.13,0,94863.0
91.9,3,1,2001,4.16,1,138834.0
89.9,2,15,1989,2.67,0,112457.0
85.5,2,2,1983,3.05,0,67027.0
56.0,5,14,1989,0.3,1,127812.0
91.6,5,3,2021,2.18,0,135666.0
71.8,2,2,2008,2.71,0,101588.0
60.4,1,9,1960,2.48,0,57259.0
116.7,5,14,1978,2.15,1,172632.0
139.2,4,2,1961,1.86,1,157646.0
133.6,3,5,1975,1.64,0,147094.0
101.3,4,12,2009,1.52,1,163464.0
78.4,2,2,2014,9.42,1,119182.0
83.2,3,3,1989,6.62,1,139448.0
95.1,2,5,2004,3.3,1,148994.0
74.5,4,13,1983,2.29,1,157639.0
118.0,1,13,1990,4.39,1,155638.0
35.0,3,11,2013,5.9,0,108515.0
77.6,5,10,1977,0.33,0,114491.0
105.0,1,1,1980,1.23,0,86092.0
63.9,1,4,1968,7.02,0,75437.0
79.0,5,14,1973,3.66,1,142844.0
99.8,5,11,1962,1.74,1,149674.0
123.0,3,4,2012,8.36,1,149041.0
52.7,1,11,2014,1.5,1,108423.0
50.8,3,11,1986,0.3,1,127699.0
61.3,2,12,1997,1.13,1,113856.0
46.6,3,15,1975,8.86,0,40000.0
48.3,1,9,1962,1.47,0,40000.0
60.7,5,1,1993,2.94,0,158666.0
115.8,4,13,1970,1.63,0,151630.0
77.2,4,1,2014,4.75,0,159286.0
85.8,3,10,1977,3.74,0,107972.0
61.1,2,12,2007,0.63,0,79499.0
100.8,5,2,1976,0.44,0,156109.0
131.9,2,12,1968,3.53,1,153465.0
62.8,2,13,1995,0.3,0,90667.0
128.1,5,10,1971,9.12,1,177196.0
94.1,1,5,1985,3.98,0,95981.0
85.4,1,4,1978,21.35,1,44887.0
95.0,4,11,2016,8.67,1,168128.0
94.8,2,3,1992,4.49,1,144690.0
131.4,3,11,2006,3.6,0,132103.0
98.0,3,3,1997,12.39,1,119264.0
98.5,5,6,2018,3.18,0,206095.0
74.5,4,8,1988,6.58,0,113577.0
106.0,3,3,2015,2.35,1,208966.0
61.1,3,12,2017,3.87,0,120808.0
87.7,4,11,2018,5.82,0,141704.0
157.1,2,1,2004,5.63,1,141798.0
35.0,1,13,2022,5.44,0,67536.0
90.8,3,11,2007,2.09,1,173647.0
91.8,5,13,1979,3.58,0,153735.0
79.3,1,10,1970,3.43,0,40000.0
79.9,1,10,1973,1.11,0,96018.0
87.3,5,6,1996,12.87,0,94634.0
78.7,5,4,1970,0.48,1,139251.0
90.5,1,4,1975,3.15,1,74155.0
72.8,2,5,2000,6.94,0,98381.0
135.6,4,5,1981,0.3,0,170982.0
78.7,4,12,2003,0.71,1,183024.0
99.2,4,8,2023,7.03,0,212450.0
68.3,5,7,1965,2.75,0,111961.0
108.3,3,11,2001,3.36,0,130663.0
103.3,5,11,2012,4.59,1,209502.0
95.5,3,15,1968,0.38,0,154298.0
59.3,3,5,2010,6.6,0,121749.0
66.2,4,4,1992,1.02,1,165432.0
127.2,3,1,2000,4.95,1,131596.0
65.9,4,3,1963,5.65,1,100217.0
101.0,5,10,1987,9.61,1,141865.0
61.4,5,13,1983,0.57,1,126722.0
110.2,3,10,1969,0.64,1,135162.0
67.8,1,15,2008,6.2,1,101856.0
60.9,4,10,1992,3.29,0,95995.0
67.2,2,14,2016,0.5,0,129922.0
71.2,2,5,1970,1.67,1,82778.0
95.1,5,5,2006,11.62,1,177171.0
86.7,3,13,1998,3.03,0,131044.0
57.6,4,10,2001,9.43,1,125673.0
84.3,2,8,1979,5.35,1,120000.0
56.4,4,15,2004,6.87,0,123749.0
101.1,4,12,1975,1.27,1,148283.0
105.7,5,5,2008,3.09,0,130172.0
84.4,1,10,1988,3.22,1,111693.0
91.8,3,6,1990,5.72,1,105622.0
128.8,3,7,1997,3.03,1,173679.0
81.1,3,13,1965,4.93,1,101901.0
61.4,5,11,1983,8.75,1,148421.0
99.5,1,1,1973,1.81,0,125923.0
56.7,3,9,2021,1.75,1,128405.0
79.7,2,10,1986,1.48,0,62883.0
70.0,5,8,1960,1.44,0,110103.0
67.5,2,5,1961,1.82,0,60891.0
78.7,2,10,2018,0.67,0,106168.0
107.5,1,15,1970,1.19,0,84420.0
112.6,3,2,1960,0.61,0,123884.0
108.2,1,10,1973,4.81,0,45571.0
93.4,3,14,1973,9.1,0,54605.0
78.6,2,7,1965,3.47,0,46631.0
35.0,3,6,2023,9.57,0,85798.0
94.2,4,4,1963,3.01,1,139774.0
35.0,4,4,2006,0.3,0,109988.0
36.9,1,6,2013,1.49,1,98288.0
81.0,1,12,2001,2.13,0,153699.0
91.6,2,3,1968,2.34,1,74782.0
73.7,3,4,2006,5.3,1,118285.0
123.4,5,15,1981,2.65,1,200597.0
96.6,1,15,1986,4.65,1,125906.0
78.8,1,4,1976,2.07,1,94365.0
119.7,4,7,2010,1.77,0,230789.0
124.1,5,7,1997,9.79,0,168351.0
97.8,5,5,1969,12.03,0,48532.0
65.6,3,3,1986,2.8,1,115305.0
71.2,1,1,2010,6.94,1,87395.0
48.8,3,10,2020,4.03,0,152530.0
83.9,3,1,2020,5.41,1,183301.0
58.7,3,10,1968,0.3,0,40000.0
76.8,3,2,2014,0.64,1,196758.0
91.5,3,3,1996,0.31,1,177799.0
35.4,4,1,2007,0.68,0,110228.0
53.4,1,6,1984,2.53,1,69704.0
72.3,1,5,2001,6.05,0,111669.0
83.7,1,5,1976,0.3,1,44822.0
72.7,3,5,1993,1.01,1,144360.0
78.2,3,15,1974,1.43,0,122690.0
67.3,4,7,1985,5.01,0,100087.0
48.8,3,13,1986,0.3,0,106388.0
71.6,3,4,2015,0.3,0,145809.0
79.7,5,8,2000,2.71,1,151674.0
77.2,4,1,2001,5.52,0,107414.0
87.8,4,4,1978,1.16,0,141578.0
95.5,2,2,1987,2.81,0,89072.0
102.0,1,1,1990,1.8,0,64185.0
69.2,5,3,2010,5.97,0,148525.0
45.6,3,3,1971,2.72,1,66333.0
116.8,1,5,1963,12.4,0,40000.0
94.6,3,12,1992,6.39,1,132509.0
61.1,1,3,2012,7.79,0,94197.0
91.9,5,10,2006,0.51,1,196439.0
111.7,3,6,2011,2.15,0,137379.0
128.2,4,7,1985,4.1,0,166255.0
91.3,3,14,1974,12.86,0,91709.0
111.5,1,7,2002,0.3,1,202876.0
54.8,4,4,1962,1.76,1,130126.0
84.1,4,4,2017,2.61,0,137411.0
76.6,2,3,2005,1.05,0,139057.0
93.6,4,13,1992,1.12,1,169773.0
125.3,2,10,1972,1.29,0,87323.0
91.2,4,5,1976,8.16,1,124695.0
61.6,4,8,2023,0.81,0,206012.0
53.4,1,8,1960,0.48,1,79937.0
126.1,2,1,1960,0.3,0,80494.0
97.8,1,14,1982,10.73,0,58428.0
96.2,4,12,1974,0.87,1,157007.0
76.4,2,9,2003,2.77,0,65777.0
91.7,4,11,1962,5.52,1,68054.0
60.3,3,2,2010,3.54,1,138716.0
94.7,1,15,2010,1.52,0,125632.0
55.6,5,10,1974,0.3,0,65260.0
76.0,4,15,1997,1.27,0,146454.0
68.9,2,13,2002,11.38,0,98864.0
35.0,5,9,2014,0.3,1,155292.0
76.3,4,5,2006,3.96,1,157875.0
62.5,5,11,2021,2.64,0,179245.0
79.7,1,8,1967,0.3,1,91086.0
85.0,1,7,1999,2.74,1,72494.0
129.2,1,11,2009,2.42,1,140062.0
92.6,3,14,1974,0.8,0,99184.0
93.4,4,3,1973,0.58,0,102769.0
97.4,5,9,1965,0.3,0,170544.0
106.8,5,12,2023,11.32,1,206282.0
96.4,3,5,2015,1.71,1,148392.0
92.0,4,6,1967,9.34,1,97952.0
102.8,2,1,1975,3.55,0,122075.0
35.0,1,5,1989,5.31,1,40000.0
137.2,1,9,2017,7.76,1,181290.0
124.7,1,15,2012,0.58,0,185709.0
90.4,4,8,2016,2.1,0,198574.0
49.7,3,5,2013,1.13,0,124915.0
115.3,4,13,2000,3.52,1,213196.0
67.7,1,3,1978,0.3,0,52654.0
98.3,5,3,1998,2.65,0,228112.0
52.9,4,8,1991,1.66,0,115731.0
140.7,5,13,2020,1.08,1,278450.0
48.9,4,4,1988,2.62,1,108500.0
86.7,2,1,2008,2.65,1,154170.0
35.0,4,11,1971,1.94,1,101997.0
84.0,4,9,2003,2.98,1,139149.0
74.4,1,11,1989,0.5,1,77609.0
113.4,1,6,1987,5.79,0,88742.0
74.4,4,2,2008,6.18,1,177123.0
113.5,1,5,1990,8.8,1,59214.0
59.4,1,8,1963,3.64,1,40000.0
78.0,1,7,1984,1.25,0,110572.0
78.5,4,14,2021,11.49,0,100982.0
97.4,5,4,2020,2.83,0,222363.0
94.2,3,5,1999,2.28,0,106985.0
103.1,1,3,2000,0.9,0,95416.0
91.7,3,9,1976,3.34,0,98189.0
101.5,3,13,2009,11.5,0,167586.0
62.6,3,14,1998,2.73,1,109125.0
94.7,3,4,1962,9.82,1,40000.0
125.2,3,7,2020,7.16,1,151052.0
43.0,2,12,2014,13.42,0,81529.0
97.2,5,1,1965,6.79,0,77126.0
101.9,3,11,1986,1.63,0,157714.0
121.5,2,3,2007,7.31,1,153760.0
103.2,1,1,2007,0.89,0,126038.0
87.5,4,2,1970,0.3,1,142383.0
95.8,2,14,1962,3.14,0,54027.0
66.6,2,11,2023,5.2,0,120127.0
75.3,3,12,2017,10.12,0,84393.0
51.6,3,11,2007,0.3,0,151352.0
122.2,5,12,2002,2.15,0,165953.0
96.3,3,8,2003,4.04,1,164472.0
62.1,4,13,1989,1.29,0,90096.0
91.8,4,1,2003,5.82,0,127340.0
114.0,5,9,1979,0.62,0,153484.0
109.8,1,12,1965,8.62,1,147204.0
61.8,2,15,1979,6.56,1,72919.0
